期号,日期,位1,位2,位3,位4,位5,和值,跨度
04001,2004-11-14,9,2,8,8,2,29,7
04002,2004-11-16,1,7,3,8,7,26,7
04003,2004-11-19,1,8,3,2,8,22,7
04004,2004-11-21,4,3,2,4,8,21,6
04005,2004-11-22,5,4,1,5,9,24,8
04008,2004-11-25,2,2,6,9,9,28,7
04009,2004-11-26,4,1,8,0,9,22,9
04010,2004-11-27,2,7,4,6,4,23,5
04011,2004-11-28,3,6,4,1,6,20,5
04012,2004-11-29,3,0,5,6,4,18,6
04013,2004-11-30,0,3,2,3,2,10,3
04014,2004-12-01,3,5,9,1,9,27,8
04015,2004-12-02,5,9,8,7,2,31,7
04016,2004-12-03,4,4,5,1,7,21,6
04017,2004-12-04,1,9,3,1,8,22,8
04018,2004-12-05,1,2,9,9,8,29,8
04019,2004-12-06,7,1,1,4,0,13,7
04020,2004-12-07,1,0,9,3,1,14,9
04021,2004-12-08,3,9,3,8,6,29,6
04022,2004-12-09,5,9,1,9,0,24,9
04023,2004-12-10,8,7,1,9,7,32,8
04024,2004-12-11,8,8,6,7,9,38,3
04025,2004-12-12,6,1,8,6,8,29,7
04026,2004-12-13,6,2,1,7,3,19,6
04027,2004-12-14,3,6,3,3,9,24,6
04028,2004-12-15,0,7,5,1,9,22,9
04029,2004-12-16,2,5,6,1,5,19,5
04030,2004-12-17,1,2,0,6,0,9,6
04031,2004-12-18,3,6,2,1,0,12,6
04032,2004-12-19,3,7,8,7,0,25,8
04033,2004-12-20,5,0,5,0,2,12,5
04034,2004-12-21,9,9,5,2,8,33,7
04035,2004-12-22,3,7,4,8,0,22,8
04036,2004-12-23,0,0,9,0,4,13,9
04037,2004-12-24,3,2,5,9,5,24,7
04038,2004-12-25,4,2,5,3,3,17,3
04039,2004-12-26,8,0,2,1,2,13,8
04040,2004-12-27,5,6,6,4,1,22,5
04041,2004-12-28,8,1,4,0,5,18,8
04042,2004-12-29,7,8,0,2,4,21,8
04043,2004-12-30,7,0,4,3,2,16,7
04044,2004-12-31,3,8,2,1,2,16,7
05001,2005-01-01,0,5,4,9,7,25,9
05002,2005-01-02,3,6,6,1,4,20,5
05003,2005-01-03,4,3,1,3,2,13,3
05004,2005-01-04,6,7,4,7,6,30,3
05005,2005-01-05,2,9,9,5,5,30,7
05006,2005-01-06,4,2,0,5,9,20,9
05007,2005-01-07,4,3,5,1,6,19,5
05008,2005-01-08,2,8,1,2,6,19,7
05009,2005-01-09,8,6,9,8,0,31,9
05010,2005-01-10,4,1,6,7,1,19,6
05011,2005-01-11,2,0,4,5,5,16,5
05012,2005-01-12,1,9,6,6,2,24,8
05013,2005-01-13,6,1,3,2,6,18,5
05014,2005-01-14,0,8,5,4,2,19,8
05015,2005-01-15,3,6,7,4,7,27,4
05016,2005-01-16,6,6,5,7,3,27,4
05017,2005-01-17,1,5,7,4,9,26,8
05018,2005-01-18,0,5,5,9,6,25,9
05019,2005-01-19,5,7,4,7,9,32,5
05020,2005-01-20,9,2,2,4,3,20,7
05021,2005-01-21,0,0,1,4,8,13,8
05022,2005-01-23,9,3,8,2,4,26,7
05023,2005-01-23,0,8,0,2,5,15,8
05024,2005-01-24,3,1,2,5,4,15,4
05025,2005-01-25,7,5,5,9,4,30,5
05026,2005-01-26,2,7,7,1,6,23,6
05027,2005-01-27,0,1,4,4,2,11,4
05028,2005-01-28,8,6,2,0,2,18,8
05029,2005-01-29,6,2,8,7,3,26,6
05030,2005-01-30,4,5,9,2,4,24,7
05031,2005-02-01,5,0,4,0,5,14,5
05032,2005-02-01,3,6,1,8,6,24,7
05033,2005-02-02,5,9,0,9,1,24,9
05034,2005-02-03,1,8,6,3,5,23,7
05035,2005-02-04,8,3,0,2,0,13,8
05036,2005-02-05,9,4,2,3,6,24,7
05037,2005-02-06,7,0,8,4,1,20,8
05038,2005-02-07,3,1,9,6,6,25,8
05039,2005-02-08,0,2,8,8,3,21,8
05040,2005-02-16,0,4,7,9,8,28,9
05041,2005-02-17,1,3,3,8,2,17,7
05042,2005-02-18,2,3,4,1,9,19,8
05043,2005-02-19,8,4,5,8,0,25,8
05044,2005-02-20,9,5,5,9,3,31,6
05045,2005-02-21,4,0,0,6,9,19,9
05046,2005-02-22,5,4,5,3,3,20,2
05047,2005-02-23,4,2,9,1,1,17,8
05048,2005-02-24,7,6,1,0,7,21,7
05049,2005-02-25,7,9,0,9,1,26,9
05050,2005-02-26,1,0,4,1,7,13,7
05051,2005-02-27,2,4,7,6,3,22,5
05052,2005-02-28,3,0,6,8,3,20,8
05053,2005-03-01,1,7,5,3,8,24,7
05054,2005-03-02,5,1,9,0,6,21,9
05055,2005-03-03,0,1,4,4,9,18,9
05056,2005-03-04,6,0,0,2,8,16,8
05057,2005-03-05,8,1,3,2,4,18,7
05058,2005-03-06,3,5,3,4,2,17,3
05059,2005-03-07,9,8,3,6,1,27,8
05060,2005-03-08,9,6,0,6,2,23,9
05061,2005-03-09,9,1,2,2,4,18,8
05062,2005-03-10,7,9,6,6,6,34,3
05063,2005-03-11,1,8,1,6,3,19,7
05064,2005-03-12,9,6,9,5,4,33,5
05065,2005-03-13,8,9,5,2,2,26,7
05066,2005-03-14,6,2,6,7,7,28,5
05067,2005-03-15,1,6,9,1,8,25,8
05068,2005-03-16,9,0,3,6,6,24,9
05069,2005-03-17,7,4,3,1,0,15,7
05070,2005-03-18,9,8,4,3,6,30,6
05071,2005-03-19,9,1,7,0,1,18,9
05072,2005-03-20,2,5,6,9,1,23,8
05073,2005-03-21,2,3,2,9,6,22,7
05074,2005-03-22,0,0,6,1,1,8,6
05075,2005-03-23,7,0,0,5,3,15,7
05076,2005-03-24,4,1,8,7,1,21,7
05077,2005-03-25,6,4,8,8,4,30,4
05078,2005-03-26,8,4,2,7,1,22,7
05079,2005-03-27,9,5,9,2,3,28,7
05080,2005-03-28,4,9,5,1,9,28,8
05081,2005-03-29,2,5,0,5,9,21,9
05082,2005-03-30,2,1,6,6,7,22,6
05083,2005-03-31,7,0,2,5,4,18,7
05084,2005-04-01,2,7,7,2,8,26,6
05085,2005-04-02,9,4,2,3,4,22,7
05086,2005-04-03,6,3,5,9,4,27,6
05087,2005-04-04,1,5,5,8,9,28,8
05088,2005-04-05,1,4,4,1,5,15,4
05089,2005-04-06,0,9,1,9,0,19,9
05090,2005-04-07,0,6,5,6,5,22,6
05091,2005-04-08,1,0,2,4,6,13,6
05092,2005-04-09,2,9,9,4,3,27,7
05093,2005-04-10,8,6,1,6,1,22,7
05094,2005-04-11,1,1,2,1,8,13,7
05095,2005-04-12,0,6,1,4,1,12,6
05096,2005-04-13,9,3,5,1,2,20,8
05097,2005-04-14,0,8,5,6,3,22,8
05098,2005-04-15,6,7,0,0,5,18,7
05099,2005-04-16,6,9,5,6,7,33,4
05100,2005-04-17,1,2,7,0,9,19,9
05101,2005-04-18,3,2,0,4,8,17,8
05102,2005-04-19,4,3,1,2,0,10,4
05103,2005-04-20,8,7,3,3,9,30,6
05104,2005-04-21,6,8,1,7,3,25,7
05105,2005-04-22,3,6,3,2,5,19,4
05106,2005-04-23,5,4,0,5,2,16,5
05107,2005-04-24,8,3,8,3,1,23,7
05108,2005-04-25,3,8,4,1,1,17,7
05109,2005-04-26,6,1,0,6,9,22,9
05110,2005-04-27,4,1,7,4,5,21,6
05111,2005-04-28,0,6,1,5,6,18,6
05112,2005-04-29,2,9,8,2,2,23,7
05113,2005-04-30,0,0,5,0,8,13,8
05114,2005-05-01,8,9,2,0,7,26,9
05115,2005-05-02,6,2,6,0,6,20,6
05116,2005-05-03,5,6,9,7,3,30,6
05117,2005-05-04,9,9,2,8,0,28,9
05118,2005-05-05,5,9,3,2,5,24,7
05119,2005-05-06,1,1,1,1,3,7,2
05120,2005-05-07,1,6,2,3,5,17,5
05121,2005-05-08,7,2,9,9,4,31,7
05122,2005-05-09,5,4,2,9,2,22,7
05123,2005-05-10,9,7,4,8,2,30,7
05124,2005-05-11,2,1,9,2,9,23,8
05125,2005-05-12,5,0,8,4,4,21,8
05126,2005-05-13,5,3,4,6,3,21,3
05127,2005-05-14,4,4,5,2,5,20,3
05128,2005-05-15,1,6,2,8,9,26,8
05129,2005-05-16,7,0,7,4,3,21,7
05130,2005-05-17,5,4,6,5,9,29,5
05131,2005-05-18,6,6,3,5,1,21,5
05132,2005-05-19,8,3,6,5,3,25,5
05133,2005-05-20,7,5,9,0,1,22,9
05134,2005-05-21,7,0,4,1,9,21,9
05135,2005-05-22,7,4,5,0,9,25,9
05136,2005-05-23,9,2,8,2,6,27,7
05137,2005-05-24,2,5,3,3,8,21,6
05138,2005-05-25,0,1,4,5,6,16,6
05139,2005-05-26,4,6,2,0,6,18,6
05140,2005-05-27,8,9,4,2,2,25,7
05141,2005-05-28,1,6,8,0,4,19,8
05142,2005-05-29,3,0,6,3,2,14,6
05143,2005-05-30,2,0,7,1,4,14,7
05144,2005-05-31,5,7,4,3,6,25,4
05145,2005-06-01,0,5,7,2,9,23,9
05146,2005-06-02,1,0,9,3,5,18,9
05147,2005-06-03,1,2,1,2,2,8,1
05148,2005-06-04,9,7,9,6,7,38,3
05149,2005-06-05,8,9,9,7,2,35,7
05150,2005-06-06,5,2,4,3,5,19,3
05151,2005-06-07,9,9,0,8,9,35,9
05152,2005-06-08,9,2,7,9,3,30,7
05153,2005-06-09,8,6,6,4,3,27,5
05154,2005-06-10,7,7,6,9,6,35,3
05155,2005-06-11,0,2,4,2,5,13,5
05156,2005-06-12,1,1,9,4,5,20,8
05157,2005-06-13,5,9,8,4,5,31,5
05158,2005-06-14,8,7,6,7,7,35,2
05159,2005-06-15,1,0,7,9,1,18,9
05160,2005-06-16,7,2,6,2,6,23,5
05161,2005-06-17,2,2,1,3,0,8,3
05162,2005-06-18,9,6,7,1,8,31,8
05163,2005-06-19,6,4,5,4,2,21,4
05164,2005-06-20,0,0,1,3,5,9,5
05165,2005-06-21,3,9,8,1,7,28,8
05166,2005-06-22,7,3,6,8,9,33,6
05167,2005-06-23,7,1,1,6,7,22,6
05168,2005-06-24,9,0,7,8,6,30,9
05169,2005-06-25,2,6,3,4,9,24,7
05170,2005-06-26,1,9,5,4,2,21,8
05171,2005-06-27,1,6,5,1,0,13,6
05172,2005-06-28,9,9,7,6,3,34,6
05173,2005-06-29,2,0,7,0,0,9,7
05174,2005-06-30,8,7,6,2,7,30,6
05175,2005-07-01,9,3,3,0,7,22,9
05176,2005-07-02,9,3,7,4,2,25,7
05177,2005-07-03,7,0,5,2,1,15,7
05178,2005-07-04,0,0,4,4,0,8,4
05179,2005-07-05,0,4,3,5,5,17,5
05180,2005-07-06,3,9,5,4,0,21,9
05181,2005-07-07,4,0,2,5,0,11,5
05182,2005-07-08,4,6,9,3,8,30,6
05183,2005-07-09,1,7,3,1,8,20,7
05184,2005-07-10,8,8,4,4,3,27,5
05185,2005-07-11,4,3,9,4,2,22,7
05186,2005-07-12,2,0,2,1,5,10,5
05187,2005-07-13,9,1,3,0,0,13,9
05188,2005-07-14,6,2,9,0,5,22,9
05189,2005-07-15,4,0,3,0,5,12,5
05190,2005-07-16,4,2,6,1,1,14,5
05191,2005-07-17,5,0,6,1,1,13,6
05192,2005-07-18,6,2,4,9,6,27,7
05193,2005-07-19,9,9,9,9,8,44,1
05194,2005-07-20,4,9,4,3,4,24,6
05195,2005-07-21,5,2,6,7,7,27,5
05196,2005-07-22,0,0,5,6,1,12,6
05197,2005-07-23,7,8,8,8,4,35,4
05198,2005-07-24,7,4,9,6,7,33,5
05199,2005-07-25,7,9,4,1,1,22,8
05200,2005-07-26,9,9,8,8,8,42,1
05201,2005-07-27,0,4,5,3,4,16,5
05202,2005-07-28,3,3,0,8,5,19,8
05203,2005-07-29,8,1,9,3,9,30,8
05204,2005-07-30,5,0,6,6,1,18,6
05205,2005-07-31,8,7,5,2,5,27,6
05206,2005-08-01,9,5,8,2,6,30,7
05207,2005-08-02,8,6,7,7,7,35,2
05208,2005-08-03,5,4,0,2,8,19,8
05209,2005-08-04,3,1,6,6,4,20,5
05210,2005-08-05,5,4,3,6,0,18,6
05211,2005-08-06,5,3,4,2,1,15,4
05212,2005-08-07,7,8,0,3,3,21,8
05213,2005-08-08,9,6,2,0,0,17,9
05214,2005-08-09,1,6,9,1,3,20,8
05215,2005-08-10,2,3,6,5,3,19,4
05216,2005-08-11,8,5,6,2,9,30,7
05217,2005-08-12,5,5,5,4,3,22,2
05218,2005-08-13,7,2,4,9,7,29,7
05219,2005-08-14,2,1,6,9,7,25,8
05220,2005-08-15,8,0,2,7,7,24,8
05221,2005-08-16,8,7,0,3,0,18,8
05222,2005-08-17,8,9,5,6,7,35,4
05223,2005-08-18,5,3,9,2,7,26,7
05224,2005-08-19,5,6,7,1,3,22,6
05225,2005-08-20,3,0,9,9,2,23,9
05226,2005-08-21,2,9,3,0,5,19,9
05227,2005-08-22,2,6,4,4,1,17,5
05228,2005-08-23,7,2,5,4,9,27,7
05229,2005-08-24,8,1,3,5,0,17,8
05230,2005-08-25,7,8,4,9,3,31,6
05231,2005-08-26,0,7,7,1,0,15,7
05232,2005-08-27,7,4,9,4,4,28,5
05233,2005-08-28,9,3,4,9,3,28,6
05234,2005-08-29,1,2,2,9,9,23,8
05235,2005-08-30,8,5,6,3,0,22,8
05236,2005-08-31,5,3,7,7,4,26,4
05237,2005-09-01,6,0,0,3,4,13,6
05238,2005-09-02,4,6,3,5,6,24,3
05239,2005-09-03,3,4,6,9,5,27,6
05240,2005-09-04,5,1,7,4,4,21,6
05241,2005-09-05,8,3,2,7,7,27,6
05242,2005-09-06,2,8,9,2,9,30,7
05243,2005-09-07,9,4,9,4,7,33,5
05244,2005-09-08,8,9,4,3,2,26,7
05245,2005-09-09,8,2,7,0,2,19,8
05246,2005-09-10,5,9,7,1,9,31,8
05247,2005-09-11,3,1,0,9,4,17,9
05248,2005-09-12,4,8,1,9,3,25,8
05249,2005-09-13,5,2,1,7,3,18,6
05250,2005-09-14,0,3,7,2,3,15,7
05251,2005-09-15,8,1,8,1,5,23,7
05252,2005-09-16,0,8,5,5,0,18,8
05253,2005-09-17,4,4,2,3,2,15,2
05254,2005-09-18,3,0,2,0,6,11,6
05255,2005-09-19,9,5,9,0,9,32,9
05256,2005-09-20,5,3,9,1,5,23,8
05257,2005-09-21,0,2,6,7,4,19,7
05258,2005-09-22,9,7,6,3,7,32,6
05259,2005-09-23,9,7,1,8,7,32,8
05260,2005-09-24,4,8,9,2,2,25,7
05261,2005-09-25,6,1,4,6,4,21,5
05262,2005-09-26,2,4,0,8,0,14,8
05263,2005-09-27,8,4,6,1,7,26,7
05264,2005-09-28,8,0,7,5,1,21,8
05265,2005-09-29,6,9,6,9,2,32,7
05266,2005-09-30,1,0,7,5,0,13,7
05267,2005-10-01,5,8,4,5,7,29,4
05268,2005-10-02,8,5,5,3,4,25,5
05269,2005-10-03,3,2,7,4,3,19,5
05270,2005-10-04,9,0,9,0,2,20,9
05271,2005-10-05,5,6,6,4,8,29,4
05272,2005-10-06,9,8,1,0,5,23,9
05273,2005-10-07,7,2,6,8,3,26,6
05274,2005-10-08,5,2,6,9,1,23,8
05275,2005-10-09,4,7,0,3,0,14,7
05276,2005-10-10,8,6,2,9,1,26,8
05277,2005-10-11,0,7,5,0,9,21,9
05278,2005-10-12,6,9,2,4,3,24,7
05279,2005-10-13,2,5,4,0,7,18,7
05280,2005-10-14,8,9,9,8,8,42,1
05281,2005-10-15,5,7,6,3,3,24,4
05282,2005-10-16,5,4,9,0,4,22,9
05283,2005-10-17,1,8,4,2,2,17,7
05284,2005-10-18,3,8,0,8,4,23,8
05285,2005-10-19,6,5,4,8,3,26,5
05286,2005-10-20,8,5,3,2,6,24,6
05287,2005-10-21,7,8,7,4,8,34,4
05288,2005-10-22,4,8,7,5,4,28,4
05289,2005-10-23,3,0,4,8,2,17,8
05290,2005-10-24,8,0,3,0,8,19,8
05291,2005-10-25,3,7,1,2,1,14,6
05292,2005-10-26,4,3,6,1,9,23,8
05293,2005-10-27,0,4,0,3,1,8,4
05294,2005-10-28,8,2,0,7,4,21,8
05295,2005-10-29,8,9,3,2,8,30,7
05296,2005-10-30,7,1,6,9,0,23,9
05297,2005-10-31,3,1,9,1,9,23,8
05298,2005-11-01,6,0,8,9,3,26,9
05299,2005-11-02,7,5,6,1,8,27,7
05300,2005-11-03,9,6,6,6,8,35,3
05301,2005-11-04,6,3,5,4,7,25,4
05302,2005-11-05,7,4,7,6,8,32,4
05303,2005-11-06,5,7,6,7,8,33,3
05304,2005-11-07,8,6,3,2,0,19,8
05305,2005-11-08,5,7,8,8,3,31,5
05306,2005-11-09,3,9,0,5,4,21,9
05307,2005-11-10,9,6,8,6,8,37,3
05308,2005-11-11,1,2,9,8,3,23,8
05309,2005-11-12,5,2,4,6,8,25,6
05310,2005-11-13,0,1,5,1,5,12,5
05311,2005-11-14,4,5,0,6,3,18,6
05312,2005-11-15,7,5,6,8,4,30,4
05313,2005-11-16,7,2,8,2,3,22,6
05314,2005-11-17,8,6,0,7,9,30,9
05315,2005-11-18,6,7,0,5,7,25,7
05316,2005-11-19,7,4,1,8,0,20,8
05317,2005-11-20,8,4,6,4,4,26,4
05318,2005-11-21,0,6,9,4,4,23,9
05319,2005-11-22,8,2,4,0,4,18,8
05320,2005-11-23,0,8,4,4,1,17,8
05321,2005-11-24,8,0,5,3,6,22,8
05322,2005-11-25,2,7,4,2,4,19,5
05323,2005-11-26,3,3,9,5,7,27,6
05324,2005-11-27,5,7,8,8,8,36,3
05325,2005-11-28,4,7,2,3,2,18,5
05326,2005-11-29,5,0,8,7,7,27,8
05327,2005-11-30,7,3,5,1,8,24,7
05328,2005-12-01,4,6,3,9,5,27,6
05329,2005-12-02,1,1,7,5,4,18,6
05330,2005-12-03,1,4,9,7,0,21,9
05331,2005-12-04,7,9,0,1,5,22,9
05332,2005-12-05,1,8,7,5,1,22,7
05333,2005-12-06,3,4,1,0,3,11,4
05334,2005-12-07,6,7,2,4,4,23,5
05335,2005-12-08,7,8,1,9,1,26,8
05336,2005-12-09,6,9,3,8,1,27,8
05337,2005-12-10,4,6,1,8,4,23,7
05338,2005-12-11,2,3,6,5,6,22,4
05339,2005-12-12,4,4,0,4,6,18,6
05340,2005-12-13,6,7,8,5,8,34,3
05341,2005-12-14,3,0,2,4,6,15,6
05342,2005-12-15,3,8,5,1,6,23,7
05343,2005-12-16,8,7,6,9,2,32,7
05344,2005-12-17,9,4,9,9,9,40,5
05345,2005-12-18,7,8,6,6,6,33,2
05346,2005-12-19,2,9,2,5,2,20,7
05347,2005-12-20,1,7,2,4,9,23,8
05348,2005-12-21,3,2,3,2,8,18,6
05349,2005-12-22,4,9,2,3,5,23,7
05350,2005-12-23,2,3,7,6,3,21,5
05351,2005-12-24,2,3,9,2,5,21,7
05352,2005-12-25,5,6,2,9,5,27,7
05353,2005-12-26,0,9,5,2,4,20,9
05354,2005-12-27,0,1,4,9,9,23,9
05355,2005-12-28,0,1,2,4,5,12,5
05356,2005-12-29,4,3,9,4,6,26,6
05357,2005-12-30,4,1,5,1,5,16,4
05358,2005-12-31,3,9,7,6,0,25,9
06001,2006-01-01,1,8,4,4,9,26,8
06002,2006-01-02,2,9,9,0,7,27,9
06003,2006-01-03,0,1,2,0,8,11,8
06004,2006-01-04,9,4,0,2,4,19,9
06005,2006-01-05,1,8,5,6,0,20,8
06006,2006-01-06,5,9,8,2,3,27,7
06007,2006-01-07,5,6,1,6,3,21,5
06008,2006-01-08,4,8,9,3,0,24,9
06009,2006-01-09,8,0,3,0,4,15,8
06010,2006-01-10,5,3,8,1,2,19,7
06011,2006-01-11,7,5,5,1,1,19,6
06012,2006-01-12,6,5,2,6,1,20,5
06013,2006-01-13,7,7,7,0,4,25,7
06014,2006-01-14,6,7,8,3,4,28,5
06015,2006-01-15,4,4,6,0,3,17,6
06016,2006-01-16,5,1,9,1,5,21,8
06017,2006-01-17,9,2,5,4,8,28,7
06018,2006-01-18,9,1,6,8,9,33,8
06019,2006-01-19,1,9,9,3,7,29,8
06020,2006-01-20,7,1,0,9,5,22,9
06021,2006-01-21,4,3,8,1,0,16,8
06022,2006-01-22,1,6,4,5,2,18,5
06023,2006-01-23,2,1,5,7,0,15,7
06024,2006-01-24,1,6,3,6,5,21,5
06025,2006-01-25,7,0,7,8,5,27,8
06026,2006-01-26,9,9,8,9,3,38,6
06027,2006-01-27,4,0,4,3,5,16,5
06028,2006-02-05,5,4,7,0,6,22,7
06029,2006-02-06,7,0,6,1,9,23,9
06030,2006-02-07,0,8,6,5,5,24,8
06031,2006-02-08,6,7,5,1,4,23,6
06032,2006-02-09,6,9,9,2,6,32,7
06033,2006-02-10,5,4,9,6,1,25,8
06034,2006-02-11,4,6,5,4,8,27,4
06035,2006-02-12,6,4,7,8,1,26,7
06036,2006-02-13,1,5,4,4,5,19,4
06037,2006-02-14,2,3,6,5,0,16,6
06038,2006-02-15,3,7,4,3,5,22,4
06039,2006-02-16,5,8,7,9,2,31,7
06040,2006-02-17,8,7,6,9,5,35,4
06041,2006-02-18,8,5,3,2,6,24,6
06042,2006-02-19,0,2,8,1,2,13,8
06043,2006-02-20,4,4,5,4,5,22,1
06044,2006-02-21,0,2,6,0,3,11,6
06045,2006-02-22,1,8,7,8,2,26,7
06046,2006-02-23,5,6,8,7,4,30,4
06047,2006-02-24,6,9,4,2,0,21,9
06048,2006-02-25,5,6,4,8,7,30,4
06049,2006-02-26,4,8,9,9,0,30,9
06050,2006-02-27,8,7,4,4,6,29,4
06051,2006-02-28,8,7,3,9,6,33,6
06052,2006-03-01,5,0,1,3,6,15,6
06053,2006-03-02,6,9,8,7,1,31,8
06054,2006-03-03,9,0,9,7,5,30,9
06055,2006-03-04,1,4,0,9,5,19,9
06056,2006-03-05,8,9,8,9,1,35,8
06057,2006-03-06,7,9,1,2,1,20,8
06058,2006-03-07,6,0,0,3,8,17,8
06059,2006-03-08,9,9,0,3,8,29,9
06060,2006-03-09,0,6,2,6,1,15,6
06061,2006-03-10,2,2,4,2,9,19,7
06062,2006-03-11,7,6,1,0,0,14,7
06063,2006-03-12,4,5,8,8,5,30,4
06064,2006-03-13,9,8,3,2,7,29,7
06065,2006-03-14,9,2,1,5,4,21,8
06066,2006-03-15,9,6,7,1,2,25,8
06067,2006-03-16,1,4,9,2,5,21,8
06068,2006-03-17,0,0,3,4,6,13,6
06069,2006-03-18,0,8,2,5,9,24,9
06070,2006-03-19,4,1,5,3,8,21,7
06071,2006-03-20,2,0,2,7,8,19,8
06072,2006-03-21,4,2,0,7,5,18,7
06073,2006-03-22,2,0,3,9,6,20,9
06074,2006-03-23,2,9,2,4,3,20,7
06075,2006-03-24,8,4,4,2,4,22,6
06076,2006-03-25,2,2,4,6,6,20,4
06077,2006-03-26,2,0,1,5,0,8,5
06078,2006-03-27,2,8,6,8,2,26,6
06079,2006-03-28,7,1,4,4,3,19,6
06080,2006-03-29,5,4,4,2,5,20,3
06081,2006-03-30,4,3,4,3,0,14,4
06082,2006-03-31,6,7,1,2,9,25,8
06083,2006-04-01,9,7,2,9,8,35,7
06084,2006-04-02,2,7,6,9,3,27,7
06085,2006-04-03,4,9,5,9,8,35,5
06086,2006-04-04,1,6,2,8,9,26,8
06087,2006-04-05,9,4,7,5,0,25,9
06088,2006-04-06,6,4,2,4,1,17,5
06089,2006-04-07,4,9,2,1,3,19,8
06090,2006-04-08,8,7,7,6,7,35,2
06091,2006-04-09,5,3,3,3,0,14,5
06092,2006-04-10,4,4,4,6,2,20,4
06093,2006-04-11,8,2,4,7,4,25,6
06094,2006-04-12,0,1,0,9,7,17,9
06095,2006-04-13,3,0,4,3,6,16,6
06096,2006-04-14,2,7,5,0,9,23,9
06097,2006-04-15,9,3,8,2,9,31,7
06098,2006-04-16,6,6,0,1,3,16,6
06099,2006-04-17,8,2,6,5,0,21,8
06100,2006-04-18,4,5,1,8,8,26,7
06101,2006-04-19,4,3,0,0,9,16,9
06102,2006-04-20,2,6,0,1,2,11,6
06103,2006-04-21,2,2,3,8,9,24,7
06104,2006-04-22,6,1,6,8,4,25,7
06105,2006-04-23,5,1,9,9,8,32,8
06106,2006-04-24,5,3,3,9,9,29,6
06107,2006-04-25,1,9,0,4,8,22,9
06108,2006-04-26,6,9,6,9,0,30,9
06109,2006-04-27,3,0,8,7,2,20,8
06110,2006-04-28,4,3,7,1,9,24,8
06111,2006-04-29,2,1,8,1,6,18,7
06112,2006-04-30,4,9,9,3,3,28,6
06113,2006-05-01,6,0,1,4,6,17,6
06114,2006-05-02,9,9,7,8,4,37,5
06115,2006-05-03,2,5,9,4,5,25,7
06116,2006-05-04,3,3,2,6,2,16,4
06117,2006-05-05,9,9,9,3,4,34,6
06118,2006-05-06,8,9,0,2,9,28,9
06119,2006-05-07,9,0,0,7,9,25,9
06120,2006-05-08,3,3,2,2,8,18,6
06121,2006-05-09,5,7,5,1,1,19,6
06122,2006-05-10,5,2,0,8,0,15,8
06123,2006-05-11,2,4,9,1,4,20,8
06124,2006-05-12,2,6,1,7,2,18,6
06125,2006-05-13,3,1,5,1,6,16,5
06126,2006-05-14,2,3,8,9,4,26,7
06127,2006-05-15,1,0,3,4,9,17,9
06128,2006-05-16,6,4,0,0,3,13,6
06129,2006-05-17,9,2,9,4,1,25,8
06130,2006-05-18,8,0,8,0,7,23,8
06131,2006-05-19,1,6,5,2,6,20,5
06132,2006-05-20,0,9,3,8,2,22,9
06133,2006-05-21,9,8,9,7,1,34,8
06134,2006-05-22,0,7,3,3,5,18,7
06135,2006-05-23,7,4,5,5,0,21,7
06136,2006-05-24,3,9,1,0,1,14,9
06137,2006-05-25,7,3,3,7,7,27,4
06138,2006-05-26,0,8,7,0,3,18,8
06139,2006-05-27,1,7,2,0,6,16,7
06140,2006-05-28,8,3,0,2,3,16,8
06141,2006-05-29,9,7,4,6,7,33,5
06142,2006-05-30,2,6,6,2,9,25,7
06143,2006-05-31,1,0,4,2,3,10,4
06144,2006-06-01,1,5,1,5,1,13,4
06145,2006-06-02,5,8,8,7,1,29,7
06146,2006-06-03,8,3,4,3,8,26,5
06147,2006-06-04,7,3,3,6,3,22,4
06148,2006-06-05,7,6,0,1,8,22,8
06149,2006-06-06,0,1,9,2,8,20,9
06150,2006-06-07,0,4,9,5,5,23,9
06151,2006-06-08,1,8,1,7,7,24,7
06152,2006-06-09,8,1,4,5,6,24,7
06153,2006-06-10,9,5,0,9,3,26,9
06154,2006-06-11,9,4,8,7,5,33,5
06155,2006-06-12,7,5,9,2,2,25,7
06156,2006-06-13,6,7,8,2,9,32,7
06157,2006-06-14,0,3,8,4,4,19,8
06158,2006-06-15,6,2,3,2,5,18,4
06159,2006-06-16,5,3,9,2,9,28,7
06160,2006-06-17,9,8,6,8,5,36,4
06161,2006-06-18,9,7,6,8,9,39,3
06162,2006-06-19,2,4,2,7,3,18,5
06163,2006-06-20,9,9,4,7,0,29,9
06164,2006-06-21,5,3,4,8,8,28,5
06165,2006-06-22,3,9,7,1,0,20,9
06166,2006-06-23,3,7,3,6,2,21,5
06167,2006-06-24,9,6,4,1,0,20,9
06168,2006-06-25,2,1,1,7,7,18,6
06169,2006-06-26,7,9,4,3,9,32,6
06170,2006-06-27,3,0,5,6,3,17,6
06171,2006-06-28,2,4,6,9,7,28,7
06172,2006-06-29,6,8,7,6,6,33,2
06173,2006-06-30,0,1,9,3,7,20,9
06174,2006-07-01,4,5,4,4,5,22,1
06175,2006-07-02,0,0,1,5,9,15,9
06176,2006-07-03,7,7,2,4,0,20,7
06177,2006-07-04,9,4,5,8,5,31,5
06178,2006-07-05,4,6,5,9,2,26,7
06179,2006-07-06,4,9,9,0,1,23,9
06180,2006-07-07,5,9,3,6,7,30,6
06181,2006-07-08,9,5,9,0,4,27,9
06182,2006-07-09,2,1,7,0,4,14,7
06183,2006-07-10,4,6,5,5,7,27,3
06184,2006-07-11,3,4,0,1,2,10,4
06185,2006-07-12,7,0,0,6,8,21,8
06186,2006-07-13,4,6,9,5,9,33,5
06187,2006-07-14,7,1,3,7,4,22,6
06188,2006-07-15,9,9,5,0,1,24,9
06189,2006-07-16,3,3,4,6,8,24,5
06190,2006-07-17,4,1,9,4,2,20,8
06191,2006-07-18,2,9,3,9,5,28,7
06192,2006-07-19,3,0,0,7,8,18,8
06193,2006-07-20,7,4,8,3,8,30,5
06194,2006-07-21,1,1,6,9,2,19,8
06195,2006-07-22,9,1,8,6,5,29,8
06196,2006-07-23,8,4,8,5,3,28,5
06197,2006-07-24,9,4,9,8,3,33,6
06198,2006-07-25,1,6,5,5,5,22,5
06199,2006-07-26,0,2,9,0,5,16,9
06200,2006-07-27,9,2,8,6,5,30,7
06201,2006-07-28,7,2,4,9,1,23,8
06202,2006-07-29,8,9,1,8,2,28,8
06203,2006-07-30,4,5,1,9,5,24,8
06204,2006-07-31,8,7,2,0,4,21,8
06205,2006-08-01,4,8,1,0,4,17,8
06206,2006-08-02,4,7,1,1,3,16,6
06207,2006-08-03,9,3,7,4,9,32,6
06208,2006-08-04,3,6,8,3,4,24,5
06209,2006-08-05,5,6,2,4,9,26,7
06210,2006-08-06,2,5,7,3,3,20,5
06211,2006-08-07,5,5,2,6,5,23,4
06212,2006-08-08,9,3,4,8,8,32,6
06213,2006-08-09,4,2,1,6,1,14,5
06214,2006-08-10,3,4,0,3,2,12,4
06215,2006-08-11,5,2,7,5,4,23,5
06216,2006-08-12,8,3,6,1,8,26,7
06217,2006-08-13,3,5,3,2,0,13,5
06218,2006-08-14,7,2,1,5,0,15,7
06219,2006-08-15,5,5,4,3,7,24,4
06220,2006-08-16,5,4,6,4,2,21,4
06221,2006-08-17,7,5,1,6,3,22,6
06222,2006-08-18,2,5,5,9,2,23,7
06223,2006-08-19,7,6,0,1,3,17,7
06224,2006-08-20,7,0,8,5,7,27,8
06225,2006-08-21,8,9,3,0,1,21,9
06226,2006-08-22,6,0,8,6,2,22,8
06227,2006-08-23,6,3,3,9,6,27,6
06228,2006-08-24,6,1,2,2,7,18,6
06229,2006-08-25,2,6,6,5,5,24,4
06230,2006-08-26,2,6,7,4,0,19,7
06231,2006-08-27,0,6,8,4,3,21,8
06232,2006-08-28,1,6,2,6,2,17,5
06233,2006-08-29,7,1,4,4,7,23,6
06234,2006-08-30,4,5,7,8,5,29,4
06235,2006-08-31,7,3,2,2,2,16,5
06236,2006-09-01,1,6,9,2,2,20,8
06237,2006-09-02,7,9,3,8,3,30,6
06238,2006-09-03,1,6,6,2,2,17,5
06239,2006-09-04,5,3,6,1,1,16,5
06240,2006-09-05,2,2,8,0,8,20,8
06241,2006-09-06,4,3,2,8,0,17,8
06242,2006-09-07,7,8,9,8,0,32,9
06243,2006-09-08,4,9,8,8,1,30,8
06244,2006-09-09,2,2,2,4,8,18,6
06245,2006-09-10,0,8,0,7,9,24,9
06246,2006-09-11,9,8,9,3,2,31,7
06247,2006-09-12,5,2,8,2,1,18,7
06248,2006-09-13,8,9,5,2,6,30,7
06249,2006-09-14,1,6,6,5,0,18,6
06250,2006-09-15,9,5,9,3,1,27,8
06251,2006-09-16,6,5,6,5,2,24,4
06252,2006-09-17,1,1,5,4,7,18,6
06253,2006-09-18,9,7,8,5,5,34,4
06254,2006-09-19,2,9,3,1,8,23,8
06255,2006-09-20,4,7,9,1,4,25,8
06256,2006-09-21,9,9,8,6,3,35,6
06257,2006-09-22,5,0,8,1,5,19,8
06258,2006-09-23,8,6,0,6,6,26,8
06259,2006-09-24,6,2,8,9,9,34,7
06260,2006-09-25,6,5,9,7,9,36,4
06261,2006-09-26,7,3,5,9,6,30,6
06262,2006-09-27,9,1,7,2,6,25,8
06263,2006-09-28,8,8,6,3,9,34,6
06264,2006-09-29,6,5,6,3,6,26,3
06265,2006-09-30,2,2,8,8,7,27,6
06266,2006-10-01,2,7,2,8,7,26,6
06267,2006-10-02,2,6,5,9,1,23,8
06268,2006-10-03,6,3,8,4,4,25,5
06269,2006-10-04,0,1,0,9,1,11,9
06270,2006-10-05,3,1,7,4,8,23,7
06271,2006-10-06,9,4,4,1,4,22,8
06272,2006-10-07,5,1,7,3,8,24,7
06273,2006-10-08,3,7,3,7,7,27,4
06274,2006-10-09,9,0,8,9,0,26,9
06275,2006-10-10,7,7,2,8,9,33,7
06276,2006-10-11,1,1,0,7,5,14,7
06277,2006-10-12,9,0,7,9,3,28,9
06278,2006-10-13,2,1,6,8,8,25,7
06279,2006-10-14,9,5,1,1,7,23,8
06280,2006-10-15,8,0,8,8,7,31,8
06281,2006-10-16,2,6,3,8,1,20,7
06282,2006-10-17,4,3,3,3,9,22,6
06283,2006-10-18,0,2,3,3,9,17,9
06284,2006-10-19,2,7,9,1,5,24,8
06285,2006-10-20,8,5,7,4,3,27,5
06286,2006-10-21,5,6,4,6,0,21,6
06287,2006-10-22,4,4,7,7,7,29,3
06288,2006-10-23,1,4,5,3,5,18,4
06289,2006-10-24,7,8,1,4,0,20,8
06290,2006-10-25,2,0,8,1,3,14,8
06291,2006-10-26,4,3,9,7,5,28,6
06292,2006-10-27,3,3,8,4,4,22,5
06293,2006-10-28,0,6,0,9,6,21,9
06294,2006-10-29,4,3,7,2,6,22,5
06295,2006-10-30,3,3,1,6,7,20,6
06296,2006-10-31,6,0,9,6,6,27,9
06297,2006-11-01,6,0,0,0,7,13,7
06298,2006-11-02,9,7,2,0,7,25,9
06299,2006-11-03,9,5,6,3,3,26,6
06300,2006-11-04,2,1,4,4,5,16,4
06301,2006-11-05,1,9,9,8,1,28,8
06302,2006-11-06,6,3,5,5,3,22,3
06303,2006-11-07,7,7,2,4,3,23,5
06304,2006-11-08,9,9,1,0,2,21,9
06305,2006-11-09,2,5,9,1,9,26,8
06306,2006-11-10,6,6,1,7,0,20,7
06307,2006-11-11,2,7,8,5,7,29,6
06308,2006-11-12,8,7,1,0,3,19,8
06309,2006-11-13,8,3,4,6,9,30,6
06310,2006-11-14,9,9,9,2,7,36,7
06311,2006-11-15,3,0,5,7,7,22,7
06312,2006-11-16,3,1,0,1,8,13,8
06313,2006-11-17,8,3,0,1,9,21,9
06314,2006-11-18,7,2,4,2,3,18,5
06315,2006-11-19,0,4,1,7,9,21,9
06316,2006-11-20,1,3,3,6,4,17,5
06317,2006-11-21,8,4,5,2,6,25,6
06318,2006-11-22,6,1,9,8,6,30,8
06319,2006-11-23,6,5,5,6,8,30,3
06320,2006-11-24,3,4,9,9,2,27,7
06321,2006-11-25,4,6,8,3,2,23,6
06322,2006-11-26,6,6,4,6,9,31,5
06323,2006-11-27,7,3,6,6,5,27,4
06324,2006-11-28,8,1,5,6,6,26,7
06325,2006-11-29,1,4,3,5,1,14,4
06326,2006-11-30,9,7,7,9,8,40,2
06327,2006-12-01,3,7,5,1,9,25,8
06328,2006-12-02,1,6,9,3,6,25,8
06329,2006-12-03,8,9,6,6,1,30,8
06330,2006-12-04,7,7,4,4,2,24,5
06331,2006-12-05,0,9,0,7,7,23,9
06332,2006-12-06,0,2,0,4,8,14,8
06333,2006-12-07,7,6,7,0,4,24,7
06334,2006-12-08,8,9,3,3,1,24,8
06335,2006-12-09,6,5,9,7,0,27,9
06336,2006-12-10,4,5,6,1,0,16,6
06337,2006-12-11,1,2,6,4,0,13,6
06338,2006-12-12,9,4,0,2,1,16,9
06339,2006-12-13,0,6,3,7,2,18,7
06340,2006-12-14,5,3,1,3,7,19,6
06341,2006-12-15,6,6,4,3,0,19,6
06342,2006-12-16,7,4,6,3,2,22,5
06343,2006-12-17,1,8,3,3,8,23,7
06344,2006-12-18,7,1,2,0,5,15,7
06345,2006-12-19,0,3,0,9,8,20,9
06346,2006-12-20,5,6,6,3,4,24,3
06347,2006-12-21,1,8,4,6,3,22,7
06348,2006-12-22,1,1,4,0,9,15,9
06349,2006-12-23,7,3,5,8,2,25,6
06350,2006-12-24,6,9,8,1,8,32,8
06351,2006-12-25,1,1,7,0,8,17,8
06352,2006-12-26,6,9,1,3,4,23,8
06353,2006-12-27,5,1,3,9,6,24,8
06354,2006-12-28,3,3,4,1,2,13,3
06355,2006-12-29,9,1,4,3,0,17,9
06356,2006-12-30,6,7,8,1,9,31,8
06357,2006-12-31,5,8,4,8,2,27,6
07001,2007-01-01,0,3,8,2,3,16,8
07002,2007-01-02,0,6,0,7,1,14,7
07003,2007-01-03,8,3,9,1,6,27,8
07004,2007-01-04,1,6,3,0,5,15,6
07005,2007-01-05,0,9,1,4,7,21,9
07006,2007-01-06,8,3,5,3,7,26,5
07007,2007-01-07,5,4,1,2,6,18,5
07008,2007-01-08,4,1,6,1,3,15,5
07009,2007-01-09,2,9,2,8,0,21,9
07010,2007-01-10,4,5,3,2,3,17,3
07011,2007-01-11,2,6,1,1,6,16,5
07012,2007-01-12,4,0,5,3,6,18,6
07013,2007-01-13,2,5,2,9,4,22,7
07014,2007-01-14,0,4,7,4,5,20,7
07015,2007-01-15,9,7,7,0,3,26,9
07016,2007-01-16,8,7,8,7,3,33,5
07017,2007-01-17,4,8,5,7,9,33,5
07018,2007-01-18,2,0,4,2,6,14,6
07019,2007-01-19,2,1,9,3,0,15,9
07020,2007-01-20,1,5,1,5,5,17,4
07021,2007-01-21,7,5,7,4,9,32,5
07022,2007-01-22,8,9,6,4,0,27,9
07023,2007-01-23,7,1,6,6,0,20,7
07024,2007-01-24,9,5,5,5,6,30,4
07025,2007-01-25,3,1,9,3,6,22,8
07026,2007-01-26,2,6,0,9,4,21,9
07027,2007-01-27,3,4,9,2,4,22,7
07028,2007-01-28,1,1,9,6,9,26,8
07029,2007-01-29,3,9,9,7,9,37,6
07030,2007-01-30,2,8,1,4,4,19,7
07031,2007-01-31,7,0,4,0,6,17,7
07032,2007-02-01,9,6,1,8,0,24,9
07033,2007-02-02,8,7,5,3,3,26,5
07034,2007-02-03,4,9,4,1,9,27,8
07035,2007-02-04,7,6,4,2,7,26,5
07036,2007-02-05,0,3,2,7,2,14,7
07037,2007-02-06,5,0,7,6,3,21,7
07038,2007-02-07,2,0,3,5,6,16,6
07039,2007-02-08,0,2,5,2,1,10,5
07040,2007-02-09,9,4,8,2,5,28,7
07041,2007-02-10,3,3,5,1,6,18,5
07042,2007-02-11,1,9,9,9,4,32,8
07043,2007-02-12,9,4,7,1,5,26,8
07044,2007-02-13,9,8,8,5,9,39,4
07045,2007-02-14,0,0,0,2,6,8,6
07046,2007-02-15,5,6,4,7,0,22,7
07047,2007-02-16,3,7,7,5,8,30,5
07048,2007-02-25,5,7,2,4,0,18,7
07049,2007-02-26,7,6,0,3,9,25,9
07050,2007-02-27,1,6,3,4,2,16,5
07051,2007-02-28,2,6,5,0,9,22,9
07052,2007-03-01,7,3,3,2,9,24,7
07053,2007-03-02,8,0,2,8,5,23,8
07054,2007-03-03,8,4,7,5,1,25,7
07055,2007-03-04,0,1,7,2,5,15,7
07056,2007-03-05,2,7,8,6,3,26,6
07057,2007-03-06,9,5,5,9,2,30,7
07058,2007-03-07,8,8,7,3,5,31,5
07059,2007-03-08,5,2,8,4,8,27,6
07060,2007-03-09,3,6,8,7,3,27,5
07061,2007-03-10,7,8,7,2,4,28,6
07062,2007-03-11,3,2,7,6,0,18,7
07063,2007-03-12,3,6,5,3,5,22,3
07064,2007-03-13,3,3,0,1,8,15,8
07065,2007-03-14,2,6,8,6,3,25,6
07066,2007-03-15,6,8,3,8,9,34,6
07067,2007-03-16,4,9,9,1,9,32,8
07068,2007-03-17,1,0,3,3,6,13,6
07069,2007-03-18,5,3,1,7,3,19,6
07070,2007-03-19,4,4,1,2,2,13,3
07071,2007-03-20,9,8,4,9,5,35,5
07072,2007-03-21,0,1,0,0,1,2,1
07073,2007-03-22,5,6,4,6,4,25,2
07074,2007-03-23,9,0,6,4,5,24,9
07075,2007-03-24,5,1,5,7,8,26,7
07076,2007-03-25,3,1,6,8,1,19,7
07077,2007-03-26,7,6,1,8,3,25,7
07078,2007-03-27,7,3,7,8,3,28,5
07079,2007-03-28,1,9,5,7,3,25,8
07080,2007-03-29,8,5,6,9,2,30,7
07081,2007-03-30,4,9,1,0,6,20,9
07082,2007-03-31,0,4,4,9,7,24,9
07083,2007-04-01,9,0,3,9,9,30,9
07084,2007-04-02,0,2,0,5,3,10,5
07085,2007-04-03,8,7,8,5,0,28,8
07086,2007-04-04,0,2,8,2,8,20,8
07087,2007-04-05,7,3,8,4,0,22,8
07088,2007-04-06,8,9,4,1,8,30,8
07089,2007-04-07,5,7,7,7,2,28,5
07090,2007-04-08,6,2,4,5,8,25,6
07091,2007-04-09,1,7,0,0,1,9,7
07092,2007-04-10,4,1,7,2,3,17,6
07093,2007-04-11,9,7,1,3,6,26,8
07094,2007-04-12,0,5,1,8,3,17,8
07095,2007-04-13,9,3,7,0,3,22,9
07096,2007-04-14,9,6,7,9,9,40,3
07097,2007-04-15,5,3,2,1,3,14,4
07098,2007-04-16,6,7,9,2,8,32,7
07099,2007-04-17,4,0,5,1,7,17,7
07100,2007-04-18,9,4,1,2,8,24,8
07101,2007-04-19,3,4,9,6,8,30,6
07102,2007-04-20,4,8,5,2,9,28,7
07103,2007-04-21,4,4,1,1,7,17,6
07104,2007-04-22,7,5,4,8,7,31,4
07105,2007-04-23,9,9,9,4,2,33,7
07106,2007-04-24,8,4,5,6,0,23,8
07107,2007-04-25,6,9,1,5,5,26,8
07108,2007-04-26,4,9,7,9,9,38,5
07109,2007-04-27,3,9,5,2,0,19,9
07110,2007-04-28,7,8,6,3,4,28,5
07111,2007-04-29,7,6,2,7,0,22,7
07112,2007-04-30,7,3,4,7,0,21,7
07113,2007-05-01,1,8,3,1,0,13,8
07114,2007-05-02,7,8,6,8,3,32,5
07115,2007-05-03,1,6,7,4,6,24,6
07116,2007-05-04,2,7,2,6,7,24,5
07117,2007-05-05,3,7,8,7,1,26,7
07118,2007-05-06,9,7,1,0,8,25,9
07119,2007-05-07,9,6,7,7,2,31,7
07120,2007-05-08,5,3,4,1,4,17,4
07121,2007-05-09,0,0,6,6,0,12,6
07122,2007-05-10,5,2,0,1,3,11,5
07123,2007-05-11,5,2,5,2,3,17,3
07124,2007-05-12,7,7,9,0,2,25,9
07125,2007-05-13,1,6,3,4,5,19,5
07126,2007-05-14,0,7,5,9,8,29,9
07127,2007-05-15,9,0,9,8,8,34,9
07128,2007-05-16,6,9,9,9,5,38,4
07129,2007-05-17,9,4,5,8,8,34,5
07130,2007-05-18,1,1,1,5,8,16,7
07131,2007-05-19,5,7,5,2,5,24,5
07132,2007-05-20,6,8,4,4,3,25,5
07133,2007-05-21,8,3,9,6,8,34,6
07134,2007-05-22,0,9,7,1,2,19,9
07135,2007-05-23,5,9,5,5,3,27,6
07136,2007-05-24,8,5,8,2,7,30,6
07137,2007-05-25,9,6,4,6,6,31,5
07138,2007-05-26,0,4,7,3,5,19,7
07139,2007-05-27,3,2,8,9,7,29,7
07140,2007-05-28,0,3,6,0,2,11,6
07141,2007-05-29,8,8,4,0,6,26,8
07142,2007-05-30,6,6,9,9,2,32,7
07143,2007-05-31,1,3,9,2,8,23,8
07144,2007-06-01,9,1,2,4,3,19,8
07145,2007-06-02,0,6,0,1,8,15,8
07146,2007-06-03,9,1,0,2,4,16,9
07147,2007-06-04,9,7,6,2,3,27,7
07148,2007-06-05,2,4,6,2,1,15,5
07149,2007-06-06,3,7,8,4,4,26,5
07150,2007-06-07,8,7,3,0,3,21,8
07151,2007-06-08,6,7,6,5,1,25,6
07152,2007-06-09,9,5,1,1,7,23,8
07153,2007-06-10,1,8,1,3,4,17,7
07154,2007-06-11,8,5,1,2,6,22,7
07155,2007-06-12,6,8,2,5,9,30,7
07156,2007-06-13,7,7,5,7,7,33,2
07157,2007-06-14,0,0,0,2,5,7,5
07158,2007-06-15,8,9,1,7,2,27,8
07159,2007-06-16,5,3,9,1,4,22,8
07160,2007-06-17,8,7,8,6,5,34,3
07161,2007-06-18,5,6,7,6,1,25,6
07162,2007-06-19,5,5,4,3,1,18,4
07163,2007-06-20,6,5,8,0,7,26,8
07164,2007-06-21,7,3,8,0,5,23,8
07165,2007-06-22,9,4,6,7,0,26,9
07166,2007-06-23,7,9,5,8,6,35,4
07167,2007-06-24,8,0,0,7,7,22,8
07168,2007-06-25,0,6,4,5,4,19,6
07169,2007-06-27,3,3,8,7,3,24,5
07170,2007-06-27,2,0,0,8,6,16,8
07171,2007-06-28,8,9,0,8,0,25,9
07172,2007-06-29,5,1,7,6,1,20,6
07173,2007-06-30,9,8,1,7,5,30,8
07174,2007-07-01,3,8,4,6,4,25,5
07175,2007-07-02,4,4,6,8,0,22,8
07176,2007-07-03,1,7,4,2,2,16,6
07177,2007-07-04,7,2,6,6,0,21,7
07178,2007-07-05,4,9,1,6,1,21,8
07179,2007-07-06,8,2,5,1,7,23,7
07180,2007-07-07,6,8,0,5,8,27,8
07181,2007-07-08,8,4,9,2,4,27,7
07182,2007-07-09,6,0,4,4,5,19,6
07183,2007-07-10,9,0,3,5,8,25,9
07184,2007-07-11,5,7,4,5,6,27,3
07185,2007-07-12,5,8,1,4,5,23,7
07186,2007-07-13,0,0,0,1,6,7,6
07187,2007-07-14,8,6,7,8,7,36,2
07188,2007-07-15,5,8,9,5,7,34,4
07189,2007-07-16,1,8,4,2,5,20,7
07190,2007-07-17,6,1,6,1,2,16,5
07191,2007-07-18,9,5,9,5,2,30,7
07192,2007-07-19,1,0,6,2,7,16,7
07193,2007-07-20,9,5,1,0,5,20,9
07194,2007-07-21,1,4,1,2,4,12,3
07195,2007-07-22,5,6,6,0,8,25,8
07196,2007-07-23,5,6,5,0,6,22,6
07197,2007-07-24,7,1,3,2,8,21,7
07198,2007-07-25,2,8,2,6,8,26,6
07199,2007-07-26,4,4,9,0,7,24,9
07200,2007-07-27,7,6,6,3,3,25,4
07201,2007-07-28,0,8,5,2,2,17,8
07202,2007-07-29,8,6,8,5,7,34,3
07203,2007-07-30,1,3,1,9,1,15,8
07204,2007-07-31,9,8,1,7,7,32,8
07205,2007-08-01,5,3,3,2,2,15,3
07206,2007-08-02,5,1,8,2,0,16,8
07207,2007-08-03,9,2,3,6,5,25,7
07208,2007-08-04,6,4,3,8,4,25,5
07209,2007-08-05,3,8,9,1,5,26,8
07210,2007-08-06,0,6,1,7,6,20,7
07211,2007-08-07,1,8,8,9,1,27,8
07212,2007-08-08,2,4,4,8,7,25,6
07213,2007-08-09,8,9,9,3,1,30,8
07214,2007-08-10,9,4,4,9,5,31,5
07215,2007-08-11,8,8,4,2,7,29,6
07216,2007-08-12,1,7,6,2,6,22,6
07217,2007-08-13,5,0,3,7,9,24,9
07218,2007-08-14,3,9,7,4,8,31,6
07219,2007-08-15,5,6,9,1,7,28,8
07220,2007-08-16,4,7,9,3,3,26,6
07221,2007-08-17,2,1,1,0,6,10,6
07222,2007-08-18,7,1,2,7,3,20,6
07223,2007-08-19,4,2,7,3,7,23,5
07224,2007-08-20,4,3,6,0,4,17,6
07225,2007-08-21,8,0,1,4,5,18,8
07226,2007-08-22,2,5,9,4,3,23,7
07227,2007-08-23,2,0,1,7,5,15,7
07228,2007-08-24,2,9,1,2,5,19,8
07229,2007-08-25,0,2,2,6,2,12,6
07230,2007-08-26,9,4,7,5,1,26,8
07231,2007-08-27,1,3,9,6,0,19,9
07232,2007-08-28,8,3,3,6,7,27,5
07233,2007-08-29,8,3,2,9,2,24,7
07234,2007-08-30,6,3,8,6,7,30,5
07235,2007-08-31,8,9,3,9,6,35,6
07236,2007-09-01,6,8,9,2,5,30,7
07237,2007-09-02,4,3,8,9,1,25,8
07238,2007-09-03,0,7,8,5,8,28,8
07239,2007-09-04,8,4,6,2,8,28,6
07240,2007-09-05,4,6,1,9,5,25,8
07241,2007-09-06,5,3,2,1,1,12,4
07242,2007-09-07,8,2,0,9,1,20,9
07243,2007-09-08,7,1,9,0,3,20,9
07244,2007-09-09,3,3,3,6,8,23,5
07245,2007-09-10,9,4,6,2,4,25,7
07246,2007-09-11,2,5,2,6,6,21,4
07247,2007-09-12,8,5,4,8,2,27,6
07248,2007-09-13,2,5,1,5,1,14,4
07249,2007-09-14,0,5,1,8,4,18,8
07250,2007-09-15,0,2,8,0,6,16,8
07251,2007-09-16,6,0,2,5,9,22,9
07252,2007-09-17,0,2,9,4,3,18,9
07253,2007-09-18,5,3,3,8,2,21,6
07254,2007-09-19,6,3,0,1,7,17,7
07255,2007-09-20,4,8,8,5,1,26,7
07256,2007-09-21,2,2,1,2,2,9,1
07257,2007-09-22,1,4,4,3,1,13,3
07258,2007-09-23,5,4,3,3,2,17,3
07259,2007-09-24,1,5,4,6,5,21,5
07260,2007-09-25,9,7,9,0,6,31,9
07261,2007-09-26,9,1,2,4,3,19,8
07262,2007-09-27,0,4,9,4,1,18,9
07263,2007-09-28,2,3,1,4,8,18,7
07264,2007-09-29,7,9,6,7,5,34,4
07265,2007-09-30,2,3,2,4,5,16,3
07266,2007-10-01,8,0,6,3,1,18,8
07267,2007-10-02,5,9,8,7,1,30,8
07268,2007-10-03,6,3,9,2,2,22,7
07269,2007-10-04,8,3,3,0,3,17,8
07270,2007-10-05,8,5,2,9,9,33,7
07271,2007-10-06,2,9,5,1,9,26,8
07272,2007-10-07,7,9,2,9,2,29,7
07273,2007-10-08,8,5,4,4,3,24,5
07274,2007-10-09,4,3,5,9,6,27,6
07275,2007-10-10,3,6,1,7,5,22,6
07276,2007-10-11,4,9,4,8,1,26,8
07277,2007-10-12,2,5,4,0,6,17,6
07278,2007-10-13,5,6,3,8,9,31,6
07279,2007-10-14,8,9,6,1,1,25,8
07280,2007-10-15,8,6,4,4,0,22,8
07281,2007-10-16,4,0,3,6,4,17,6
07282,2007-10-17,9,0,4,5,8,26,9
07283,2007-10-18,2,1,0,9,2,14,9
07284,2007-10-19,7,5,9,6,3,30,6
07285,2007-10-20,4,0,7,6,5,22,7
07286,2007-10-21,6,1,9,4,8,28,8
07287,2007-10-22,3,7,4,0,2,16,7
07288,2007-10-23,9,2,7,4,7,29,7
07289,2007-10-24,7,9,4,1,6,27,8
07290,2007-10-25,4,5,3,8,5,25,5
07291,2007-10-26,4,4,1,7,4,20,6
07292,2007-10-27,5,6,9,4,4,28,5
07293,2007-10-28,4,7,4,2,5,22,5
07294,2007-10-29,5,6,3,9,3,26,6
07295,2007-10-30,3,1,1,9,2,16,8
07296,2007-10-31,9,4,5,8,0,26,9
07297,2007-11-01,9,7,1,9,6,32,8
07298,2007-11-02,2,6,8,6,6,28,6
07299,2007-11-03,4,9,4,6,7,30,5
07300,2007-11-04,3,5,7,5,2,22,5
07301,2007-11-05,8,2,4,4,1,19,7
07302,2007-11-06,4,9,1,0,2,16,9
07303,2007-11-07,9,8,0,6,5,28,9
07304,2007-11-08,4,0,2,4,2,12,4
07305,2007-11-09,7,9,8,6,9,39,3
07306,2007-11-10,0,5,3,2,1,11,5
07307,2007-11-11,6,1,0,8,2,17,8
07308,2007-11-12,0,8,7,8,0,23,8
07309,2007-11-13,8,8,4,8,3,31,5
07310,2007-11-14,7,5,9,3,4,28,6
07311,2007-11-15,3,4,7,1,4,19,6
07312,2007-11-16,0,5,3,5,3,16,5
07313,2007-11-17,6,3,3,9,5,26,6
07314,2007-11-18,1,7,4,7,5,24,6
07315,2007-11-19,2,0,1,5,1,9,5
07316,2007-11-20,6,0,7,2,6,21,7
07317,2007-11-21,7,8,7,2,7,31,6
07318,2007-11-22,0,9,1,4,7,21,9
07319,2007-11-23,0,5,3,9,1,18,9
07320,2007-11-24,7,9,4,6,0,26,9
07321,2007-11-25,8,5,8,9,1,31,8
07322,2007-11-26,8,8,3,0,2,21,8
07323,2007-11-27,6,9,4,1,5,25,8
07324,2007-11-28,0,5,1,1,2,9,5
07325,2007-11-29,8,1,9,3,0,21,9
07326,2007-11-30,5,6,6,6,3,26,3
07327,2007-12-01,4,3,8,1,4,20,7
07328,2007-12-02,9,4,0,4,5,22,9
07329,2007-12-03,2,7,3,7,1,20,6
07330,2007-12-04,0,1,5,0,8,14,8
07331,2007-12-05,1,5,3,1,8,18,7
07332,2007-12-06,6,6,4,7,0,23,7
07333,2007-12-07,9,1,4,1,1,16,8
07334,2007-12-08,7,7,3,8,6,31,5
07335,2007-12-09,5,2,3,0,3,13,5
07336,2007-12-10,7,7,4,2,7,27,5
07337,2007-12-11,2,7,6,2,6,23,5
07338,2007-12-12,5,8,5,4,4,26,4
07339,2007-12-13,0,4,8,9,2,23,9
07340,2007-12-14,4,1,6,8,4,23,7
07341,2007-12-15,0,3,2,3,0,8,3
07342,2007-12-16,0,6,8,0,0,14,8
07343,2007-12-17,4,9,2,2,4,21,7
07344,2007-12-18,7,5,7,6,5,30,2
07345,2007-12-19,5,9,6,7,5,32,4
07346,2007-12-20,0,8,0,4,9,21,9
07347,2007-12-21,3,1,0,1,2,7,3
07348,2007-12-22,4,1,8,5,9,27,8
07349,2007-12-23,4,7,7,3,9,30,6
07350,2007-12-24,1,6,4,6,4,21,5
07351,2007-12-25,0,2,8,1,6,17,8
07352,2007-12-26,1,4,7,5,6,23,6
07353,2007-12-27,0,0,5,1,3,9,5
07354,2007-12-28,0,6,5,5,7,23,7
07355,2007-12-29,6,3,4,6,4,23,3
07356,2007-12-30,2,1,5,4,1,13,4
07357,2007-12-31,3,1,7,4,6,21,6
08001,2008-01-01,6,5,9,5,5,30,4
08002,2008-01-02,8,7,0,1,0,16,8
08003,2008-01-03,8,3,8,9,9,37,6
08004,2008-01-04,3,5,9,1,8,26,8
08005,2008-01-05,3,1,4,9,2,19,8
08006,2008-01-06,2,8,2,1,6,19,7
08007,2008-01-07,0,8,9,9,5,31,9
08008,2008-01-08,8,0,3,0,7,18,8
08009,2008-01-09,0,8,1,5,2,16,8
08010,2008-01-10,2,8,4,4,6,24,6
08011,2008-01-11,5,0,6,7,8,26,8
08012,2008-01-12,6,3,0,7,5,21,7
08013,2008-01-13,0,0,4,3,4,11,4
08014,2008-01-14,1,6,3,7,1,18,6
08015,2008-01-15,4,7,5,7,7,30,3
08016,2008-01-16,7,8,9,4,5,33,5
08017,2008-01-17,0,6,5,9,3,23,9
08018,2008-01-18,1,5,5,4,0,15,5
08019,2008-01-19,6,4,9,4,2,25,7
08020,2008-01-20,7,8,6,0,9,30,9
08021,2008-01-21,1,1,9,2,5,18,8
08022,2008-01-22,6,5,4,3,4,22,3
08023,2008-01-23,0,8,8,8,4,28,8
08024,2008-01-24,0,1,2,5,9,17,9
08025,2008-01-25,6,3,0,5,7,21,7
08026,2008-01-26,8,0,6,0,5,19,8
08027,2008-01-27,0,2,6,9,7,24,9
08028,2008-01-28,9,9,0,4,6,28,9
08029,2008-01-29,3,2,0,1,4,10,4
08030,2008-01-30,3,1,4,0,0,8,4
08031,2008-01-31,5,3,5,3,4,20,2
08032,2008-02-01,8,2,7,3,8,28,6
08033,2008-02-02,5,2,0,6,3,16,6
08034,2008-02-03,8,3,5,7,6,29,5
08035,2008-02-04,9,1,3,9,3,25,8
08036,2008-02-05,5,4,1,9,5,24,8
08037,2008-02-13,8,0,6,2,0,16,8
08038,2008-02-14,6,5,3,3,8,25,5
08039,2008-02-15,4,5,8,8,7,32,4
08040,2008-02-16,8,0,4,4,7,23,8
08041,2008-02-17,6,6,1,1,7,21,6
08042,2008-02-18,6,1,2,9,9,27,8
08043,2008-02-19,1,1,1,8,5,16,7
08044,2008-02-20,1,2,1,4,0,8,4
08045,2008-02-21,6,6,6,8,4,30,4
08046,2008-02-22,8,0,5,7,2,22,8
08047,2008-02-23,2,2,7,2,2,15,5
08048,2008-02-24,8,0,5,6,6,25,8
08049,2008-02-25,5,2,3,7,7,24,5
08050,2008-02-26,3,3,2,5,7,20,5
08051,2008-02-27,2,3,9,5,6,25,7
08052,2008-02-28,2,8,0,1,1,12,8
08053,2008-02-29,5,0,7,5,5,22,7
08054,2008-03-01,9,3,2,6,5,25,7
08055,2008-03-02,4,0,0,7,2,13,7
08056,2008-03-03,6,7,1,6,5,25,6
08057,2008-03-04,3,2,0,8,0,13,8
08058,2008-03-05,6,7,7,6,3,29,4
08059,2008-03-06,4,5,7,0,9,25,9
08060,2008-03-07,6,3,6,1,6,22,5
08061,2008-03-08,4,3,8,8,7,30,5
08062,2008-03-09,4,1,3,4,2,14,3
08063,2008-03-10,8,3,0,9,6,26,9
08064,2008-03-11,6,4,8,5,3,26,5
08065,2008-03-12,3,6,6,5,5,25,3
08066,2008-03-13,1,9,5,8,9,32,8
08067,2008-03-14,9,2,1,4,4,20,8
08068,2008-03-15,5,4,2,5,6,22,4
08069,2008-03-16,6,0,8,1,6,21,8
08070,2008-03-17,7,3,8,1,2,21,7
08071,2008-03-18,3,4,6,8,8,29,5
08072,2008-03-19,5,0,2,9,9,25,9
08073,2008-03-20,8,2,4,7,1,22,7
08074,2008-03-21,3,8,1,0,7,19,8
08075,2008-03-22,5,9,7,8,8,37,4
08076,2008-03-23,8,2,6,4,3,23,6
08077,2008-03-24,6,7,4,9,0,26,9
08078,2008-03-25,6,1,9,5,8,29,8
08079,2008-03-26,7,3,7,5,5,27,4
08080,2008-03-27,8,5,3,6,4,26,5
08081,2008-03-28,7,9,8,8,8,40,2
08082,2008-03-29,4,6,7,4,5,26,3
08083,2008-03-30,9,0,9,4,3,25,9
08084,2008-03-31,3,9,7,6,9,34,6
08085,2008-04-01,0,1,0,4,1,6,4
08086,2008-04-02,3,9,1,9,5,27,8
08087,2008-04-03,7,2,6,4,8,27,6
08088,2008-04-04,4,5,6,4,7,26,3
08089,2008-04-05,0,5,4,1,7,17,7
08090,2008-04-06,3,1,8,6,0,18,8
08091,2008-04-07,6,4,0,2,0,12,6
08092,2008-04-08,9,8,3,4,5,29,6
08093,2008-04-09,6,8,8,1,9,32,8
08094,2008-04-10,5,9,9,9,2,34,7
08095,2008-04-11,0,6,3,8,1,18,8
08096,2008-04-12,4,7,0,3,3,17,7
08097,2008-04-13,9,2,1,6,2,20,8
08098,2008-04-14,5,6,7,6,3,27,4
08099,2008-04-15,9,5,2,5,6,27,7
08100,2008-04-16,7,5,7,5,1,25,6
08101,2008-04-17,2,3,6,1,3,15,5
08102,2008-04-18,5,1,1,7,0,14,7
08103,2008-04-19,2,6,2,3,9,22,7
08104,2008-04-20,1,1,5,4,9,20,8
08105,2008-04-21,5,2,5,2,5,19,3
08106,2008-04-22,0,9,0,5,9,23,9
08107,2008-04-23,3,5,0,1,6,15,6
08108,2008-04-24,5,6,2,2,2,17,4
08109,2008-04-25,5,1,8,7,8,29,7
08110,2008-04-26,3,9,3,3,4,22,6
08111,2008-04-27,8,9,1,2,9,29,8
08112,2008-04-28,4,7,6,8,3,28,5
08113,2008-04-29,1,1,2,6,9,19,8
08114,2008-04-30,2,4,6,5,1,18,5
08115,2008-05-01,8,8,8,9,4,37,5
08116,2008-05-02,6,9,5,9,1,30,8
08117,2008-05-03,9,9,9,6,5,38,4
08118,2008-05-04,1,7,7,6,5,26,6
08119,2008-05-05,8,7,4,9,1,29,8
08120,2008-05-06,7,5,4,6,1,23,6
08121,2008-05-07,1,1,8,5,1,16,7
08122,2008-05-08,3,1,3,9,1,17,8
08123,2008-05-09,8,3,4,8,4,27,5
08124,2008-05-10,1,0,9,0,8,18,9
08125,2008-05-11,2,8,8,6,0,24,8
08126,2008-05-12,2,9,4,2,1,18,8
08127,2008-05-13,8,6,1,7,8,30,7
08128,2008-05-14,4,9,5,1,2,21,8
08129,2008-05-15,8,6,0,8,7,29,8
08130,2008-05-16,8,0,8,0,0,16,8
08131,2008-05-17,6,4,3,9,4,26,6
08132,2008-05-18,2,5,4,0,3,14,5
08133,2008-05-19,2,8,6,2,1,19,7
08134,2008-05-20,5,4,2,9,1,21,8
08135,2008-05-21,9,6,4,9,8,36,5
08136,2008-05-22,4,6,7,2,9,28,7
08137,2008-05-23,0,6,2,1,8,17,8
08138,2008-05-24,8,4,1,3,5,21,7
08139,2008-05-25,7,5,9,4,1,26,8
08140,2008-05-26,4,1,4,6,2,17,5
08141,2008-05-27,5,1,6,4,8,24,7
08142,2008-05-28,6,7,2,4,5,24,5
08143,2008-05-29,8,5,8,0,8,29,8
08144,2008-05-30,1,8,6,3,1,19,7
08145,2008-05-31,0,2,4,9,8,23,9
08146,2008-06-01,1,4,2,5,1,13,4
08147,2008-06-02,8,9,7,3,1,28,8
08148,2008-06-03,2,9,4,1,1,17,8
08149,2008-06-04,9,1,6,0,3,19,9
08150,2008-06-05,5,8,4,8,5,30,4
08151,2008-06-06,6,7,3,0,9,25,9
08152,2008-06-07,8,2,4,9,4,27,7
08153,2008-06-08,6,6,6,9,4,31,5
08154,2008-06-09,9,1,0,0,3,13,9
08155,2008-06-10,3,5,7,2,8,25,6
08156,2008-06-11,0,7,2,3,4,16,7
08157,2008-06-12,7,4,9,8,4,32,5
08158,2008-06-13,8,0,5,2,9,24,9
08159,2008-06-14,6,0,4,8,9,27,9
08160,2008-06-15,7,4,9,8,8,36,5
08161,2008-06-16,7,6,7,5,7,32,2
08162,2008-06-17,6,7,4,1,5,23,6
08163,2008-06-18,3,0,7,9,2,21,9
08164,2008-06-19,1,8,2,5,5,21,7
08165,2008-06-20,2,3,0,1,0,6,3
08166,2008-06-21,8,8,0,4,4,24,8
08167,2008-06-22,4,6,2,0,6,18,6
08168,2008-06-23,6,3,4,4,5,22,3
08169,2008-06-24,9,9,7,2,2,29,7
08170,2008-06-25,4,4,2,6,1,17,5
08171,2008-06-26,7,3,2,5,2,19,5
08172,2008-06-27,3,8,2,6,9,28,7
08173,2008-06-28,6,1,5,8,6,26,7
08174,2008-06-29,8,8,7,0,4,27,8
08175,2008-06-30,5,1,6,9,2,23,8
08176,2008-07-01,5,4,2,6,5,22,4
08177,2008-07-02,1,0,4,7,3,15,7
08178,2008-07-03,3,4,4,8,2,21,6
08179,2008-07-04,1,2,2,2,7,14,6
08180,2008-07-05,4,1,1,2,3,11,3
08181,2008-07-06,3,9,3,7,5,27,6
08182,2008-07-07,0,8,2,9,1,20,9
08183,2008-07-08,3,6,9,7,8,33,6
08184,2008-07-09,8,4,0,5,3,20,8
08185,2008-07-10,0,6,4,2,6,18,6
08186,2008-07-11,8,7,6,1,4,26,7
08187,2008-07-12,9,0,5,6,5,25,9
08188,2008-07-13,5,9,5,8,0,27,9
08189,2008-07-14,0,8,5,9,9,31,9
08190,2008-07-15,8,6,2,1,9,26,8
08191,2008-07-16,1,3,4,6,5,19,5
08192,2008-07-17,8,6,7,8,1,30,7
08193,2008-07-18,6,0,8,4,4,22,8
08194,2008-07-19,3,1,2,0,6,12,6
08195,2008-07-20,2,8,2,9,4,25,7
08196,2008-07-21,8,6,1,0,3,18,8
08197,2008-07-22,3,5,7,5,1,21,6
08198,2008-07-23,0,6,8,6,5,25,8
08199,2008-07-24,4,8,1,2,6,21,7
08200,2008-07-25,2,0,4,2,8,16,8
08201,2008-07-26,7,4,3,2,5,21,5
08202,2008-07-27,1,9,8,6,9,33,8
08203,2008-07-28,7,9,9,4,8,37,5
08204,2008-07-29,6,7,6,5,7,31,2
08205,2008-07-30,0,5,6,5,4,20,6
08206,2008-07-31,4,8,0,1,9,22,9
08207,2008-08-01,0,6,0,4,3,13,6
08208,2008-08-02,3,5,6,2,9,25,7
08209,2008-08-03,6,1,9,3,5,24,8
08210,2008-08-04,0,0,3,9,7,19,9
08211,2008-08-05,1,9,4,2,3,19,8
08212,2008-08-06,8,9,4,3,4,28,6
08213,2008-08-07,8,6,0,8,0,22,8
08214,2008-08-08,1,4,4,6,8,23,7
08215,2008-08-09,7,3,5,3,0,18,7
08216,2008-08-10,9,3,8,0,2,22,9
08217,2008-08-11,0,5,4,3,9,21,9
08218,2008-08-12,1,6,1,6,5,19,5
08219,2008-08-13,4,9,2,1,5,21,8
08220,2008-08-14,4,8,4,4,9,29,5
08221,2008-08-15,3,9,8,9,6,35,6
08222,2008-08-16,1,0,8,1,7,17,8
08223,2008-08-17,9,9,6,7,6,37,3
08224,2008-08-18,6,3,2,8,0,19,8
08225,2008-08-19,3,5,4,4,3,19,2
08226,2008-08-20,9,8,2,2,4,25,7
08227,2008-08-21,5,8,7,2,2,24,6
08228,2008-08-22,7,5,9,5,5,31,4
08229,2008-08-23,1,9,4,0,5,19,9
08230,2008-08-24,6,3,2,8,8,27,6
08231,2008-08-25,6,3,5,7,8,29,5
08232,2008-08-26,8,4,0,1,9,22,9
08233,2008-08-27,0,2,6,7,9,24,9
08234,2008-08-28,8,0,0,6,1,15,8
08235,2008-08-29,3,7,2,6,9,27,7
08236,2008-08-30,7,9,6,5,5,32,4
08237,2008-08-31,1,1,4,7,9,22,8
08238,2008-09-01,2,5,9,5,8,29,7
08239,2008-09-02,4,4,3,2,5,18,3
08240,2008-09-03,3,0,0,5,3,11,5
08241,2008-09-04,5,6,9,0,4,24,9
08242,2008-09-05,3,8,4,6,9,30,6
08243,2008-09-06,9,3,9,0,8,29,9
08244,2008-09-07,2,1,3,8,6,20,7
08245,2008-09-08,7,7,0,1,3,18,7
08246,2008-09-09,7,1,6,1,8,23,7
08247,2008-09-10,3,6,0,2,4,15,6
08248,2008-09-11,2,5,1,6,7,21,6
08249,2008-09-12,1,5,7,2,7,22,6
08250,2008-09-13,1,8,0,4,7,20,8
08251,2008-09-14,5,9,6,3,5,28,6
08252,2008-09-15,5,1,8,2,8,24,7
08253,2008-09-16,2,0,5,6,4,17,6
08254,2008-09-17,4,3,0,2,9,18,9
08255,2008-09-18,4,7,8,8,5,32,4
08256,2008-09-19,9,2,5,4,0,20,9
08257,2008-09-20,7,5,7,5,1,25,6
08258,2008-09-21,8,2,6,2,2,20,6
08259,2008-09-22,5,8,5,6,8,32,3
08260,2008-09-23,2,7,6,7,1,23,6
08261,2008-09-24,0,1,0,1,0,2,1
08262,2008-09-25,5,8,9,5,6,33,4
08263,2008-09-26,0,4,0,6,1,11,6
08264,2008-09-27,5,3,3,5,4,20,2
08265,2008-09-28,7,2,8,1,3,21,7
08266,2008-09-29,9,3,7,6,9,34,6
08267,2008-09-30,8,5,1,9,7,30,8
08268,2008-10-01,5,9,5,7,0,26,9
08269,2008-10-02,1,1,9,6,8,25,8
08270,2008-10-03,0,4,4,4,2,14,4
08271,2008-10-04,3,5,0,2,0,10,5
08272,2008-10-05,9,3,9,2,7,30,7
08273,2008-10-06,0,7,7,2,8,24,8
08274,2008-10-07,0,2,7,1,8,18,8
08275,2008-10-08,1,2,2,6,2,13,5
08276,2008-10-09,0,2,7,8,2,19,8
08277,2008-10-10,6,2,1,1,3,13,5
08278,2008-10-11,7,9,3,9,8,36,6
08279,2008-10-12,8,9,4,2,2,25,7
08280,2008-10-13,6,5,9,6,0,26,9
08281,2008-10-14,2,1,2,5,8,18,7
08282,2008-10-15,1,5,0,6,7,19,7
08283,2008-10-16,8,0,6,1,7,22,8
08284,2008-10-17,8,5,4,2,7,26,6
08285,2008-10-18,3,4,3,3,3,16,1
08286,2008-10-19,5,1,9,5,6,26,8
08287,2008-10-20,6,7,1,3,7,24,6
08288,2008-10-21,4,3,2,0,4,13,4
08289,2008-10-22,1,4,1,6,4,16,5
08290,2008-10-23,3,3,6,0,8,20,8
08291,2008-10-24,4,9,7,1,9,30,8
08292,2008-10-25,8,4,5,8,1,26,7
08293,2008-10-26,0,9,9,9,2,29,9
08294,2008-10-27,0,9,7,3,4,23,9
08295,2008-10-28,9,4,4,5,6,28,5
08296,2008-10-29,7,6,6,8,8,35,2
08297,2008-10-30,9,4,1,1,8,23,8
08298,2008-10-31,7,2,6,4,2,21,5
08299,2008-11-01,0,7,8,0,5,20,8
08300,2008-11-02,6,8,8,4,5,31,4
08301,2008-11-03,0,2,0,9,5,16,9
08302,2008-11-04,9,0,7,9,0,25,9
08303,2008-11-05,3,9,3,2,1,18,8
08304,2008-11-06,9,7,6,8,7,37,3
08305,2008-11-07,0,1,0,2,8,11,8
08306,2008-11-08,4,8,9,9,0,30,9
08307,2008-11-09,4,5,3,0,0,12,5
08308,2008-11-10,7,4,6,4,2,23,5
08309,2008-11-11,2,5,0,9,2,18,9
08310,2008-11-12,7,9,3,4,0,23,9
08311,2008-11-13,0,7,1,9,2,19,9
08312,2008-11-14,6,3,6,5,1,21,5
08313,2008-11-15,9,7,1,4,7,28,8
08314,2008-11-16,4,4,7,7,2,24,5
08315,2008-11-17,8,8,7,1,5,29,7
08316,2008-11-18,8,4,5,6,5,28,4
08317,2008-11-19,3,8,1,7,0,19,8
08318,2008-11-20,8,0,3,5,3,19,8
08319,2008-11-21,8,8,1,8,4,29,7
08320,2008-11-22,7,4,3,4,6,24,4
08321,2008-11-23,9,9,1,2,6,27,8
08322,2008-11-24,2,3,5,9,6,25,7
08323,2008-11-25,4,6,1,5,7,23,6
08324,2008-11-26,5,4,9,2,8,28,7
08325,2008-11-27,0,8,7,6,8,29,8
08326,2008-11-28,8,0,7,6,7,28,8
08327,2008-11-29,5,5,3,7,9,29,6
08328,2008-11-30,2,0,5,9,7,23,9
08329,2008-12-01,4,2,2,7,3,18,5
08330,2008-12-02,1,7,8,4,8,28,7
08331,2008-12-03,3,7,6,3,7,26,4
08332,2008-12-04,9,0,0,4,5,18,9
08333,2008-12-05,8,8,5,4,2,27,6
08334,2008-12-06,0,7,8,9,4,28,9
08335,2008-12-07,6,2,8,7,9,32,7
08336,2008-12-08,2,9,8,5,2,26,7
08337,2008-12-09,0,1,7,8,4,20,8
08338,2008-12-10,9,9,9,2,9,38,7
08339,2008-12-11,4,5,2,3,5,19,3
08340,2008-12-12,5,6,8,9,2,30,7
08341,2008-12-13,3,5,1,7,9,25,8
08342,2008-12-14,0,0,1,7,1,9,7
08343,2008-12-15,6,1,4,4,9,24,8
08344,2008-12-16,0,7,0,3,2,12,7
08345,2008-12-17,9,2,3,9,1,24,8
08346,2008-12-18,5,5,9,6,1,26,8
08347,2008-12-19,7,9,0,6,3,25,9
08348,2008-12-20,4,1,3,3,2,13,3
08349,2008-12-21,0,8,3,3,9,23,9
08350,2008-12-22,5,5,9,7,9,35,4
08351,2008-12-23,1,6,3,3,4,17,5
08352,2008-12-24,5,7,5,2,8,27,6
08353,2008-12-25,3,7,5,3,1,19,6
08354,2008-12-26,4,7,4,5,0,20,7
08355,2008-12-27,4,8,7,7,3,29,5
08356,2008-12-28,7,1,5,5,2,20,6
08357,2008-12-29,2,8,3,4,5,22,6
08358,2008-12-30,6,9,4,5,9,33,5
08359,2008-12-31,2,1,0,6,9,18,9
09001,2009-01-01,3,2,5,0,4,14,5
09002,2009-01-02,6,1,4,4,4,19,5
09003,2009-01-03,4,8,8,7,7,34,4
09004,2009-01-04,5,0,2,1,0,8,5
09005,2009-01-05,5,2,1,8,4,20,7
09006,2009-01-06,6,5,9,1,8,29,8
09007,2009-01-07,3,4,1,4,7,19,6
09008,2009-01-08,2,4,3,0,3,12,4
09009,2009-01-09,6,6,9,9,7,37,3
09010,2009-01-10,8,6,2,2,9,27,7
09011,2009-01-11,6,5,6,9,5,31,4
09012,2009-01-12,9,6,1,8,3,27,8
09013,2009-01-13,5,5,1,8,4,23,7
09014,2009-01-14,2,9,9,7,2,29,7
09015,2009-01-15,2,7,1,9,7,26,8
09016,2009-01-16,9,7,7,2,4,29,7
09017,2009-01-17,3,5,5,8,7,28,5
09018,2009-01-18,8,8,6,5,6,33,3
09019,2009-01-19,8,3,0,3,1,15,8
09020,2009-01-20,4,6,1,4,3,18,5
09021,2009-01-21,7,0,0,6,8,21,8
09022,2009-01-22,9,1,4,9,6,29,8
09023,2009-01-23,6,6,2,9,8,31,7
09024,2009-01-24,5,1,8,4,7,25,7
09025,2009-02-01,2,7,8,7,2,26,6
09026,2009-02-02,6,6,9,9,1,31,8
09027,2009-02-03,5,8,5,8,0,26,8
09028,2009-02-04,3,3,5,6,9,26,6
09029,2009-02-05,4,7,0,6,6,23,7
09030,2009-02-06,1,0,3,6,8,18,8
09031,2009-02-07,5,4,3,2,2,16,3
09032,2009-02-08,9,8,1,6,0,24,9
09033,2009-02-09,4,7,2,6,8,27,6
09034,2009-02-10,2,3,5,1,1,12,4
09035,2009-02-11,8,1,4,1,6,20,7
09036,2009-02-12,0,3,2,4,3,12,4
09037,2009-02-13,9,0,4,5,6,24,9
09038,2009-02-14,6,3,5,0,8,22,8
09039,2009-02-15,8,4,5,0,3,20,8
09040,2009-02-16,7,3,6,0,5,21,7
09041,2009-02-17,6,7,9,5,0,27,9
09042,2009-02-18,3,1,3,0,2,9,3
09043,2009-02-19,6,2,6,6,0,20,6
09044,2009-02-20,7,3,3,2,7,22,5
09045,2009-02-21,7,7,4,5,4,27,3
09046,2009-02-22,8,0,2,4,2,16,8
09047,2009-02-23,7,1,3,1,7,19,6
09048,2009-02-24,1,3,6,4,1,15,5
09049,2009-02-25,3,7,3,6,7,26,4
09050,2009-02-26,6,9,8,5,4,32,5
09051,2009-02-27,1,0,8,7,7,23,8
09052,2009-02-28,9,2,6,7,8,32,7
09053,2009-03-01,6,2,2,9,5,24,7
09054,2009-03-02,5,4,9,3,2,23,7
09055,2009-03-03,0,4,5,4,1,14,5
09056,2009-03-04,7,9,7,4,0,27,9
09057,2009-03-05,3,8,1,1,7,20,7
09058,2009-03-06,4,3,7,9,4,27,6
09059,2009-03-07,2,1,0,7,3,13,7
09060,2009-03-08,4,1,1,9,7,22,8
09061,2009-03-09,8,0,4,3,5,20,8
09062,2009-03-10,6,7,5,4,7,29,3
09063,2009-03-11,1,5,9,5,2,22,8
09064,2009-03-12,4,6,6,4,7,27,3
09065,2009-03-13,4,5,5,2,1,17,4
09066,2009-03-14,4,7,1,6,7,25,6
09067,2009-03-15,6,9,0,7,7,29,9
09068,2009-03-16,4,1,5,6,3,19,5
09069,2009-03-17,3,2,0,1,4,10,4
09070,2009-03-18,8,4,3,2,4,21,6
09071,2009-03-19,5,0,2,3,0,10,5
09072,2009-03-20,4,7,9,1,2,23,8
09073,2009-03-21,5,4,7,3,9,28,6
09074,2009-03-22,1,6,1,7,6,21,6
09075,2009-03-23,5,2,8,1,9,25,8
09076,2009-03-24,3,7,6,6,8,30,5
09077,2009-03-25,8,5,6,4,5,28,4
09078,2009-03-26,4,9,3,8,4,28,6
09079,2009-03-27,3,2,8,0,3,16,8
09080,2009-03-28,7,9,9,6,4,35,5
09081,2009-03-29,2,8,3,9,0,22,9
09082,2009-03-30,0,3,8,6,8,25,8
09083,2009-03-31,5,0,9,1,4,19,9
09084,2009-04-01,5,7,8,3,0,23,8
09085,2009-04-02,1,9,8,6,4,28,8
09086,2009-04-03,8,0,6,8,3,25,8
09087,2009-04-04,5,0,0,8,4,17,8
09088,2009-04-05,8,0,9,4,2,23,9
09089,2009-04-06,7,8,4,3,6,28,5
09090,2009-04-07,2,1,4,3,7,17,6
09091,2009-04-08,6,1,2,4,5,18,5
09092,2009-04-09,9,2,0,4,6,21,9
09093,2009-04-10,8,8,0,0,5,21,8
09094,2009-04-11,7,9,9,7,9,41,2
09095,2009-04-12,3,0,1,4,2,10,4
09096,2009-04-13,3,5,1,1,2,12,4
09097,2009-04-14,5,9,1,2,6,23,8
09098,2009-04-15,8,6,7,3,5,29,5
09099,2009-04-16,7,6,2,6,3,24,5
09100,2009-04-17,3,3,5,4,4,19,2
09101,2009-04-18,3,7,0,3,1,14,7
09102,2009-04-19,8,9,2,4,6,29,7
09103,2009-04-20,3,9,3,1,4,20,8
09104,2009-04-21,4,7,3,6,5,25,4
09105,2009-04-22,9,5,6,4,2,26,7
09106,2009-04-23,2,0,3,5,0,10,5
09107,2009-04-24,0,4,6,7,2,19,7
09108,2009-04-25,4,0,8,0,0,12,8
09109,2009-04-26,2,4,0,9,8,23,9
09110,2009-04-27,9,4,4,2,7,26,7
09111,2009-04-28,6,7,2,8,5,28,6
09112,2009-04-29,4,2,2,1,7,16,6
09113,2009-04-30,1,7,4,8,6,26,7
09114,2009-05-01,3,0,1,1,5,10,5
09115,2009-05-02,7,9,2,2,9,29,7
09116,2009-05-03,3,3,0,6,3,15,6
09117,2009-05-04,1,9,8,6,8,32,8
09118,2009-05-05,7,6,3,3,4,23,4
09119,2009-05-06,9,6,1,1,8,25,8
09120,2009-05-07,1,0,7,8,7,23,8
09121,2009-05-08,8,8,0,3,5,24,8
09122,2009-05-09,3,5,5,2,5,20,3
09123,2009-05-10,0,7,9,7,5,28,9
09124,2009-05-11,9,4,5,0,7,25,9
09125,2009-05-12,6,3,1,4,1,15,5
09126,2009-05-13,3,0,6,9,8,26,9
09127,2009-05-14,9,9,8,8,2,36,7
09128,2009-05-15,5,1,5,0,6,17,6
09129,2009-05-16,7,1,7,2,0,17,7
09130,2009-05-17,0,6,2,0,5,13,6
09131,2009-05-18,7,5,7,0,9,28,9
09132,2009-05-19,9,9,0,1,5,24,9
09133,2009-05-20,7,5,0,9,7,28,9
09134,2009-05-21,4,4,0,3,2,13,4
09135,2009-05-22,2,0,5,0,0,7,5
09136,2009-05-23,7,8,5,9,7,36,4
09137,2009-05-24,3,1,7,7,4,22,6
09138,2009-05-25,6,3,3,6,3,21,3
09139,2009-05-26,4,2,9,8,1,24,8
09140,2009-05-27,2,8,1,8,1,20,7
09141,2009-05-28,6,0,6,0,4,16,6
09142,2009-05-29,1,4,7,8,9,29,8
09143,2009-05-30,6,1,6,9,8,30,8
09144,2009-05-31,9,7,3,5,5,29,6
09145,2009-06-01,1,8,0,3,4,16,8
09146,2009-06-02,1,8,3,4,9,25,8
09147,2009-06-03,7,4,1,2,7,21,6
09148,2009-06-04,3,4,1,8,2,18,7
09149,2009-06-05,6,2,3,6,9,26,7
09150,2009-06-06,0,0,4,8,2,14,8
09151,2009-06-07,4,9,6,2,3,24,7
09152,2009-06-08,6,3,8,8,2,27,6
09153,2009-06-09,6,9,8,5,6,34,4
09154,2009-06-10,3,2,5,8,8,26,6
09155,2009-06-11,2,0,6,9,7,24,9
09156,2009-06-12,9,0,6,0,3,18,9
09157,2009-06-13,0,6,0,1,7,14,7
09158,2009-06-14,1,4,8,5,8,26,7
09159,2009-06-15,3,8,0,1,1,13,8
09160,2009-06-16,6,2,2,4,7,21,5
09161,2009-06-17,1,8,6,9,3,27,8
09162,2009-06-18,6,7,4,3,7,27,4
09163,2009-06-19,1,2,0,5,7,15,7
09164,2009-06-20,5,5,2,0,2,14,5
09165,2009-06-21,1,6,8,4,6,25,7
09166,2009-06-22,9,3,2,5,6,25,7
09167,2009-06-23,5,2,6,9,7,29,7
09168,2009-06-24,1,0,8,3,6,18,8
09169,2009-06-25,3,7,5,8,0,23,8
09170,2009-06-26,5,4,5,4,3,21,2
09171,2009-06-27,8,1,4,1,9,23,8
09172,2009-06-28,9,4,0,4,7,24,9
09173,2009-06-29,8,1,8,7,6,30,7
09174,2009-06-30,6,8,5,0,4,23,8
09175,2009-07-01,2,0,0,9,7,18,9
09176,2009-07-02,5,1,2,7,1,16,6
09177,2009-07-03,2,2,0,9,0,13,9
09178,2009-07-04,9,9,3,0,1,22,9
09179,2009-07-05,6,3,4,9,7,29,6
09180,2009-07-06,9,0,6,6,6,27,9
09181,2009-07-07,0,6,9,2,2,19,9
09182,2009-07-08,8,9,8,3,9,37,6
09183,2009-07-09,7,5,9,2,7,30,7
09184,2009-07-10,9,0,5,3,7,24,9
09185,2009-07-11,9,0,6,6,1,22,9
09186,2009-07-12,7,6,7,0,7,27,7
09187,2009-07-13,6,2,8,7,1,24,7
09188,2009-07-14,8,5,3,6,6,28,5
09189,2009-07-15,5,7,4,5,4,25,3
09190,2009-07-16,4,5,1,1,3,14,4
09191,2009-07-17,3,2,0,6,0,11,6
09192,2009-07-18,9,3,7,0,3,22,9
09193,2009-07-19,4,2,7,8,2,23,6
09194,2009-07-20,5,6,1,5,7,24,6
09195,2009-07-21,1,4,7,2,7,21,6
09196,2009-07-22,4,3,9,5,7,28,6
09197,2009-07-23,9,4,1,2,7,23,8
09198,2009-07-24,3,5,1,9,4,22,8
09199,2009-07-25,3,7,2,2,9,23,7
09200,2009-07-26,7,1,1,7,4,20,6
09201,2009-07-27,0,1,5,9,7,22,9
09202,2009-07-28,2,0,4,7,3,16,7
09203,2009-07-29,3,0,6,3,7,19,7
09204,2009-07-30,1,2,9,2,7,21,8
09205,2009-07-31,5,8,3,4,0,20,8
09206,2009-08-01,3,6,0,9,6,24,9
09207,2009-08-02,5,5,0,2,1,13,5
09208,2009-08-03,2,5,6,9,0,22,9
09209,2009-08-04,3,7,6,2,1,19,6
09210,2009-08-05,0,1,3,2,7,13,7
09211,2009-08-06,4,1,5,9,7,26,8
09212,2009-08-07,4,8,2,2,6,22,6
09213,2009-08-08,6,4,1,6,9,26,8
09214,2009-08-09,5,0,2,8,5,20,8
09215,2009-08-10,8,7,3,5,2,25,6
09216,2009-08-11,1,8,3,8,5,25,7
09217,2009-08-12,9,9,0,0,4,22,9
09218,2009-08-13,8,4,8,5,4,29,4
09219,2009-08-14,5,3,4,9,1,22,8
09220,2009-08-15,4,1,6,2,2,15,5
09221,2009-08-16,8,2,2,9,7,28,7
09222,2009-08-17,5,5,7,2,0,19,7
09223,2009-08-18,2,0,2,3,5,12,5
09224,2009-08-19,9,6,7,9,5,36,4
09225,2009-08-20,4,4,7,8,7,30,4
09226,2009-08-21,4,6,8,6,7,31,4
09227,2009-08-22,0,8,7,4,3,22,8
09228,2009-08-23,6,0,8,8,6,28,8
09229,2009-08-24,9,1,3,9,1,23,8
09230,2009-08-25,3,2,3,3,0,11,3
09231,2009-08-26,9,4,7,2,8,30,7
09232,2009-08-27,5,4,8,0,1,18,8
09233,2009-08-28,7,3,8,0,8,26,8
09234,2009-08-29,7,3,4,4,7,25,4
09235,2009-08-30,7,0,8,8,0,23,8
09236,2009-08-31,4,5,1,6,9,25,8
09237,2009-09-01,4,8,9,5,2,28,7
09238,2009-09-02,3,6,2,7,0,18,7
09239,2009-09-03,7,6,5,6,5,29,2
09240,2009-09-04,3,7,8,9,5,32,6
09241,2009-09-05,9,8,2,3,2,24,7
09242,2009-09-06,8,8,4,3,3,26,5
09243,2009-09-07,9,0,3,8,1,21,9
09244,2009-09-08,6,4,7,5,0,22,7
09245,2009-09-09,1,5,3,5,8,22,7
09246,2009-09-10,2,2,0,0,0,4,2
09247,2009-09-11,1,5,9,6,1,22,8
09248,2009-09-12,2,0,4,2,7,15,7
09249,2009-09-13,8,9,4,9,3,33,6
09250,2009-09-14,3,6,2,8,9,28,7
09251,2009-09-15,4,1,9,3,2,19,8
09252,2009-09-16,9,9,0,4,6,28,9
09253,2009-09-17,0,9,8,5,2,24,9
09254,2009-09-18,3,1,9,3,2,18,8
09255,2009-09-19,3,1,6,7,4,21,6
09256,2009-09-20,8,7,7,8,4,34,4
09257,2009-09-21,9,0,5,4,9,27,9
09258,2009-09-22,2,0,6,7,6,21,7
09259,2009-09-23,5,4,4,5,7,25,3
09260,2009-09-24,8,6,1,6,3,24,7
09261,2009-09-25,8,0,8,6,8,30,8
09262,2009-09-26,5,2,1,5,5,18,4
09263,2009-09-27,0,5,0,7,9,21,9
09264,2009-09-28,3,3,2,0,0,8,3
09265,2009-09-29,7,7,9,1,2,26,8
09266,2009-09-30,0,8,9,0,1,18,9
09267,2009-10-01,5,4,5,7,4,25,3
09268,2009-10-02,0,7,3,8,6,24,8
09269,2009-10-03,6,4,2,0,2,14,6
09270,2009-10-04,4,7,5,9,3,28,6
09271,2009-10-05,6,9,8,4,3,30,6
09272,2009-10-06,6,3,1,1,0,11,6
09273,2009-10-07,3,2,9,6,0,20,9
09274,2009-10-08,0,7,2,9,0,18,9
09275,2009-10-09,7,3,2,5,9,26,7
09276,2009-10-10,5,2,1,4,4,16,4
09277,2009-10-11,1,7,6,3,9,26,8
09278,2009-10-12,0,8,9,5,7,29,9
09279,2009-10-13,6,3,1,4,7,21,6
09280,2009-10-14,4,0,4,7,1,16,7
09281,2009-10-15,8,1,9,4,9,31,8
09282,2009-10-16,2,4,1,3,0,10,4
09283,2009-10-17,5,6,2,0,8,21,8
09284,2009-10-18,4,8,8,5,0,25,8
09285,2009-10-19,3,6,3,4,6,22,3
09286,2009-10-20,1,8,4,3,6,22,7
09287,2009-10-21,9,7,1,4,1,22,8
09288,2009-10-22,2,0,1,3,9,15,9
09289,2009-10-23,7,3,9,0,2,21,9
09290,2009-10-24,1,3,9,8,5,26,8
09291,2009-10-25,8,3,0,2,6,19,8
09292,2009-10-26,9,6,6,8,5,34,4
09293,2009-10-27,9,0,6,6,6,27,9
09294,2009-10-28,2,7,8,2,7,26,6
09295,2009-10-29,8,0,0,6,0,14,8
09296,2009-10-30,6,4,6,8,9,33,5
09297,2009-10-31,2,3,0,0,5,10,5
09298,2009-11-01,5,6,6,3,8,28,5
09299,2009-11-02,5,3,5,1,1,15,4
09300,2009-11-03,7,5,4,8,8,32,4
09301,2009-11-04,2,2,4,4,5,17,3
09302,2009-11-05,6,1,7,4,2,20,6
09303,2009-11-06,7,3,9,1,0,20,9
09304,2009-11-07,5,2,6,5,9,27,7
09305,2009-11-08,4,8,7,4,4,27,4
09306,2009-11-09,5,4,7,3,2,21,5
09307,2009-11-10,3,9,4,8,9,33,6
09308,2009-11-11,1,0,8,3,2,14,8
09309,2009-11-12,5,9,5,0,6,25,9
09310,2009-11-13,4,7,7,3,8,29,5
09311,2009-11-14,1,9,9,4,3,26,8
09312,2009-11-15,3,3,2,9,5,22,7
09313,2009-11-16,9,3,1,3,4,20,8
09314,2009-11-17,8,8,0,9,5,30,9
09315,2009-11-18,0,5,9,4,1,19,9
09316,2009-11-19,4,8,9,3,5,29,6
09317,2009-11-20,2,9,4,6,9,30,7
09318,2009-11-21,8,2,7,0,2,19,8
09319,2009-11-22,5,3,1,2,5,16,4
09320,2009-11-23,6,8,6,4,8,32,4
09321,2009-11-24,5,9,8,1,5,28,8
09322,2009-11-25,2,2,6,2,1,13,5
09323,2009-11-26,1,2,1,7,5,16,6
09324,2009-11-27,2,7,8,5,4,26,6
09325,2009-11-28,4,5,5,7,9,30,5
09326,2009-11-29,6,0,0,0,6,12,6
09327,2009-11-30,7,8,5,8,9,37,4
09328,2009-12-01,4,1,7,6,4,22,6
09329,2009-12-02,5,2,4,4,4,19,3
09330,2009-12-03,6,7,4,4,6,27,3
09331,2009-12-04,9,4,5,9,5,32,5
09332,2009-12-05,0,5,1,6,6,18,6
09333,2009-12-06,5,9,2,6,3,25,7
09334,2009-12-07,4,8,0,9,3,24,9
09335,2009-12-08,4,0,7,7,2,20,7
09336,2009-12-09,8,3,2,8,6,27,6
09337,2009-12-10,9,8,6,3,3,29,6
09338,2009-12-11,9,7,0,0,4,20,9
09339,2009-12-12,5,2,0,5,0,12,5
09340,2009-12-13,6,8,0,9,5,28,9
09341,2009-12-14,9,3,9,8,3,32,6
09342,2009-12-15,7,8,2,6,6,29,6
09343,2009-12-16,8,3,7,2,8,28,6
09344,2009-12-17,5,3,1,2,1,12,4
09345,2009-12-18,3,7,5,2,3,20,5
09346,2009-12-19,1,5,1,0,2,9,5
09347,2009-12-20,2,0,3,0,5,10,5
09348,2009-12-21,8,2,7,4,5,26,6
09349,2009-12-22,3,0,7,2,1,13,7
09350,2009-12-23,3,3,5,9,9,29,6
09351,2009-12-24,1,5,9,8,7,30,8
09352,2009-12-25,6,2,2,4,9,23,7
09353,2009-12-26,6,6,7,1,6,26,6
09354,2009-12-27,0,7,5,4,9,25,9
09355,2009-12-28,4,4,2,9,3,22,7
09356,2009-12-29,7,8,4,3,3,25,5
09357,2009-12-30,2,5,5,1,7,20,6
09358,2009-12-31,8,2,3,4,0,17,8
10001,2010-01-01,3,2,7,8,4,24,6
10002,2010-01-02,9,8,1,9,5,32,8
10003,2010-01-03,9,1,5,2,7,24,8
10004,2010-01-04,2,3,2,6,0,13,6
10005,2010-01-05,3,8,7,3,2,23,6
10006,2010-01-06,5,2,7,0,1,15,7
10007,2010-01-07,4,2,5,2,4,17,3
10008,2010-01-08,6,4,5,2,6,23,4
10009,2010-01-09,0,3,7,4,3,17,7
10010,2010-01-10,9,2,9,0,8,28,9
10011,2010-01-11,4,2,0,8,8,22,8
10012,2010-01-12,0,8,0,7,4,19,8
10013,2010-01-13,9,3,7,2,8,29,7
10014,2010-01-14,3,9,4,6,1,23,8
10015,2010-01-15,9,5,6,0,8,28,9
10016,2010-01-16,1,0,8,1,7,17,8
10017,2010-01-17,3,8,3,0,9,23,9
10018,2010-01-18,4,3,6,6,5,24,3
10019,2010-01-19,1,8,4,3,4,20,7
10020,2010-01-20,1,7,0,0,4,12,7
10021,2010-01-21,0,8,4,8,9,29,9
10022,2010-01-22,5,7,0,5,2,19,7
10023,2010-01-23,4,5,1,5,8,23,7
10024,2010-01-24,8,3,7,9,0,27,9
10025,2010-01-25,7,4,6,6,8,31,4
10026,2010-01-26,6,8,5,4,0,23,8
10027,2010-01-27,5,0,0,4,9,18,9
10028,2010-01-28,8,9,4,0,8,29,9
10029,2010-01-29,5,5,0,8,6,24,8
10030,2010-01-30,8,0,2,6,3,19,8
10031,2010-01-31,0,1,5,8,7,21,8
10032,2010-02-01,0,9,3,8,0,20,9
10033,2010-02-02,6,6,8,1,3,24,7
10034,2010-02-03,5,6,9,4,0,24,9
10035,2010-02-04,3,4,9,6,3,25,6
10036,2010-02-05,5,6,8,4,9,32,5
10037,2010-02-06,7,7,8,8,7,37,1
10038,2010-02-07,5,9,6,0,5,25,9
10039,2010-02-08,5,1,1,6,3,16,5
10040,2010-02-09,4,0,1,6,7,18,7
10041,2010-02-10,2,3,6,7,4,22,5
10042,2010-02-11,6,0,1,0,8,15,8
10043,2010-02-12,4,0,8,0,9,21,9
10044,2010-02-20,4,1,5,6,3,19,5
10045,2010-02-21,3,6,8,2,7,26,6
10046,2010-02-22,9,6,1,8,1,25,8
10047,2010-02-23,4,0,0,9,6,19,9
10048,2010-02-24,1,2,1,9,6,19,8
10049,2010-02-25,2,5,9,4,4,24,7
10050,2010-02-26,7,3,5,4,6,25,4
10051,2010-02-27,7,3,4,3,5,22,4
10052,2010-02-28,2,0,4,3,3,12,4
10053,2010-03-01,5,4,8,9,7,33,5
10054,2010-03-02,7,9,6,6,4,32,5
10055,2010-03-03,2,3,0,0,4,9,4
10056,2010-03-04,5,3,4,7,6,25,4
10057,2010-03-05,3,7,4,4,3,21,4
10058,2010-03-06,4,1,1,8,5,19,7
10059,2010-03-07,6,2,7,1,4,20,6
10060,2010-03-08,5,7,0,8,9,29,9
10061,2010-03-09,6,0,9,9,5,29,9
10062,2010-03-10,1,4,6,6,5,22,5
10063,2010-03-11,8,4,4,7,0,23,8
10064,2010-03-12,2,6,8,0,9,25,9
10065,2010-03-13,2,0,8,0,8,18,8
10066,2010-03-14,3,6,0,4,2,15,6
10067,2010-03-15,5,8,8,9,3,33,6
10068,2010-03-16,5,9,7,9,7,37,4
10069,2010-03-17,8,5,1,0,0,14,8
10070,2010-03-18,6,6,9,3,8,32,6
10071,2010-03-19,5,7,8,2,5,27,6
10072,2010-03-20,9,7,0,7,4,27,9
10073,2010-03-21,5,5,5,0,1,16,5
10074,2010-03-22,3,4,9,0,0,16,9
10075,2010-03-23,8,5,4,0,9,26,9
10076,2010-03-24,2,7,1,5,4,19,6
10077,2010-03-25,9,9,2,5,3,28,7
10078,2010-03-26,0,4,9,8,2,23,9
10079,2010-03-27,9,5,7,8,1,30,8
10080,2010-03-28,2,6,4,5,6,23,4
10081,2010-03-29,5,9,8,0,0,22,9
10082,2010-03-30,5,0,8,4,0,17,8
10083,2010-03-31,4,6,8,0,1,19,8
10084,2010-04-01,9,2,2,8,6,27,7
10085,2010-04-02,2,9,6,7,7,31,7
10086,2010-04-03,9,6,8,4,9,36,5
10087,2010-04-04,8,1,4,4,7,24,7
10088,2010-04-05,6,0,8,1,5,20,8
10089,2010-04-06,2,4,1,8,4,19,7
10090,2010-04-07,5,9,0,1,4,19,9
10091,2010-04-08,0,7,0,7,2,16,7
10092,2010-04-09,3,0,5,6,7,21,7
10093,2010-04-10,9,7,4,7,1,28,8
10094,2010-04-11,9,5,8,8,8,38,4
10095,2010-04-12,4,7,0,8,0,19,8
10096,2010-04-13,0,5,9,3,9,26,9
10097,2010-04-14,1,4,6,3,7,21,6
10098,2010-04-15,9,3,6,3,9,30,6
10099,2010-04-16,1,6,8,5,6,26,7
10100,2010-04-17,7,1,8,0,5,21,8
10101,2010-04-18,1,4,3,1,7,16,6
10102,2010-04-19,8,8,8,0,7,31,8
10103,2010-04-20,8,1,2,2,3,16,7
10104,2010-04-21,2,4,4,3,4,17,2
10105,2010-04-22,2,8,4,9,0,23,9
10106,2010-04-23,6,9,7,8,4,34,5
10107,2010-04-24,0,5,3,8,9,25,9
10108,2010-04-25,1,3,0,9,5,18,9
10109,2010-04-26,7,7,6,0,9,29,9
10110,2010-04-27,8,1,3,4,7,23,7
10111,2010-04-28,8,7,1,8,7,31,7
10112,2010-04-29,3,7,7,5,7,29,4
10113,2010-04-30,3,4,2,3,0,12,4
10114,2010-05-01,1,3,0,3,5,12,5
10115,2010-05-02,2,2,1,9,2,16,8
10116,2010-05-03,5,0,3,7,3,18,7
10117,2010-05-04,5,6,5,7,9,32,4
10118,2010-05-05,9,6,8,4,1,28,8
10119,2010-05-06,3,3,2,2,6,16,4
10120,2010-05-07,2,1,9,3,6,21,8
10121,2010-05-08,8,2,9,2,1,22,8
10122,2010-05-09,8,3,2,5,5,23,6
10123,2010-05-10,2,6,1,2,7,18,6
10124,2010-05-11,4,7,3,0,4,18,7
10125,2010-05-12,4,8,8,8,4,32,4
10126,2010-05-13,4,8,3,6,9,30,6
10127,2010-05-14,2,7,7,4,2,22,5
10128,2010-05-15,9,1,3,9,1,23,8
10129,2010-05-16,1,0,1,2,1,5,2
10130,2010-05-17,3,9,5,0,8,25,9
10131,2010-05-18,3,3,6,9,6,27,6
10132,2010-05-19,5,4,5,3,1,18,4
10133,2010-05-20,3,4,3,0,3,13,4
10134,2010-05-21,3,5,8,7,0,23,8
10135,2010-05-22,4,0,9,8,6,27,9
10136,2010-05-23,9,2,6,2,6,25,7
10137,2010-05-24,7,7,6,4,6,30,3
10138,2010-05-25,7,2,8,3,0,20,8
10139,2010-05-26,0,4,5,3,4,16,5
10140,2010-05-27,6,3,4,9,7,29,6
10141,2010-05-28,8,3,1,5,4,21,7
10142,2010-05-29,2,6,1,3,4,16,5
10143,2010-05-30,3,7,0,3,5,18,7
10144,2010-05-31,8,6,6,0,6,26,8
10145,2010-06-01,9,3,4,7,3,26,6
10146,2010-06-02,8,1,4,2,5,20,7
10147,2010-06-03,0,0,6,9,5,20,9
10148,2010-06-04,2,7,8,8,2,27,6
10149,2010-06-05,9,6,4,9,7,35,5
10150,2010-06-06,1,0,1,2,6,10,6
10151,2010-06-07,3,0,9,1,9,22,9
10152,2010-06-08,9,9,7,1,3,29,8
10153,2010-06-09,0,0,6,8,1,15,8
10154,2010-06-10,0,6,9,3,8,26,9
10155,2010-06-11,3,3,1,6,1,14,5
10156,2010-06-12,1,3,8,9,3,24,8
10157,2010-06-13,7,0,8,0,2,17,8
10158,2010-06-14,4,8,0,1,1,14,8
10159,2010-06-15,6,4,4,6,2,22,4
10160,2010-06-16,8,7,8,7,6,36,2
10161,2010-06-17,6,3,7,8,7,31,5
10162,2010-06-18,0,1,3,1,8,13,8
10163,2010-06-19,1,3,4,5,3,16,4
10164,2010-06-20,6,8,4,7,3,28,5
10165,2010-06-21,8,4,2,1,9,24,8
10166,2010-06-22,7,8,6,3,7,31,5
10167,2010-06-23,0,9,4,3,8,24,9
10168,2010-06-24,6,7,7,7,7,34,1
10169,2010-06-25,8,4,4,4,9,29,5
10170,2010-06-26,7,3,9,9,4,32,6
10171,2010-06-27,8,0,8,7,1,24,8
10172,2010-06-28,2,3,9,1,7,22,8
10173,2010-06-29,4,0,6,6,6,22,6
10174,2010-06-30,8,4,1,8,4,25,7
10175,2010-07-01,5,6,9,7,7,34,4
10176,2010-07-02,7,7,0,5,3,22,7
10177,2010-07-03,1,9,4,5,4,23,8
10178,2010-07-04,3,5,6,6,3,23,3
10179,2010-07-05,5,1,9,2,5,22,8
10180,2010-07-06,0,8,8,5,7,28,8
10181,2010-07-07,8,0,6,8,7,29,8
10182,2010-07-08,9,4,7,4,1,25,8
10183,2010-07-09,3,3,7,1,3,17,6
10184,2010-07-10,8,2,0,2,6,18,8
10185,2010-07-11,1,3,5,7,9,25,8
10186,2010-07-12,2,8,4,2,8,24,6
10187,2010-07-13,4,1,5,8,3,21,7
10188,2010-07-14,6,8,1,1,9,25,8
10189,2010-07-15,9,1,8,4,2,24,8
10190,2010-07-16,7,5,7,5,4,28,3
10191,2010-07-17,3,5,3,3,8,22,5
10192,2010-07-18,6,1,3,2,4,16,5
10193,2010-07-19,1,1,1,9,1,13,8
10194,2010-07-20,1,4,8,8,4,25,7
10195,2010-07-21,8,0,4,3,4,19,8
10196,2010-07-22,0,5,2,1,2,10,5
10197,2010-07-23,7,7,8,7,7,36,1
10198,2010-07-24,4,6,6,3,5,24,3
10199,2010-07-25,9,8,8,4,6,35,5
10200,2010-07-26,2,0,6,5,5,18,6
10201,2010-07-27,1,8,0,0,5,14,8
10202,2010-07-28,0,5,3,3,9,20,9
10203,2010-07-29,1,0,6,8,6,21,8
10204,2010-07-30,0,3,6,3,4,16,6
10205,2010-07-31,0,4,7,1,9,21,9
10206,2010-08-01,3,5,3,0,3,14,5
10207,2010-08-02,8,2,8,1,2,21,7
10208,2010-08-03,4,6,7,2,2,21,5
10209,2010-08-04,0,8,1,5,3,17,8
10210,2010-08-05,8,0,9,7,9,33,9
10211,2010-08-06,9,3,2,5,2,21,7
10212,2010-08-07,7,8,5,0,1,21,8
10213,2010-08-08,3,9,1,4,0,17,9
10214,2010-08-09,1,2,4,6,4,17,5
10215,2010-08-10,6,6,7,2,5,26,5
10216,2010-08-11,8,2,4,7,0,21,8
10217,2010-08-12,8,9,3,2,3,25,7
10218,2010-08-13,2,4,5,2,9,22,7
10219,2010-08-14,6,8,5,5,1,25,7
10220,2010-08-15,2,9,5,1,4,21,8
10221,2010-08-16,6,8,3,8,0,25,8
10222,2010-08-17,1,4,0,4,1,10,4
10223,2010-08-18,5,7,4,0,2,18,7
10224,2010-08-19,6,7,4,5,4,26,3
10225,2010-08-20,9,9,7,3,9,37,6
10226,2010-08-21,5,0,4,3,5,17,5
10227,2010-08-22,2,3,9,2,1,17,8
10228,2010-08-23,9,4,7,8,1,29,8
10229,2010-08-24,6,7,6,5,6,30,2
10230,2010-08-25,8,5,4,0,9,26,9
10231,2010-08-26,0,6,6,0,2,14,6
10232,2010-08-27,1,9,5,0,3,18,9
10233,2010-08-28,5,3,4,2,4,18,3
10234,2010-08-29,3,7,9,2,7,28,7
10235,2010-08-30,3,0,0,7,3,13,7
10236,2010-08-31,1,7,3,9,8,28,8
10237,2010-09-01,9,0,3,8,7,27,9
10238,2010-09-02,6,8,7,8,5,34,3
10239,2010-09-03,4,1,4,1,3,13,3
10240,2010-09-04,3,3,1,5,9,21,8
10241,2010-09-05,2,5,1,2,0,10,5
10242,2010-09-06,0,9,5,3,2,19,9
10243,2010-09-07,4,8,8,6,4,30,4
10244,2010-09-08,4,8,2,3,1,18,7
10245,2010-09-09,4,8,4,3,1,20,7
10246,2010-09-10,5,3,0,7,8,23,8
10247,2010-09-11,8,8,5,0,7,28,8
10248,2010-09-12,2,0,4,8,3,17,8
10249,2010-09-13,6,9,5,4,4,28,5
10250,2010-09-14,0,8,2,7,5,22,8
10251,2010-09-15,6,9,8,9,3,35,6
10252,2010-09-16,2,9,9,5,2,27,7
10253,2010-09-17,6,7,5,9,3,30,6
10254,2010-09-18,3,5,8,0,9,25,9
10255,2010-09-19,9,7,1,8,0,25,9
10256,2010-09-20,1,7,9,5,3,25,8
10257,2010-09-21,9,6,9,6,9,39,3
10258,2010-09-22,9,5,8,5,8,35,4
10259,2010-09-23,2,4,3,5,4,18,3
10260,2010-09-24,8,8,1,8,9,34,8
10261,2010-09-25,3,3,3,7,5,21,4
10262,2010-09-26,1,8,5,9,6,29,8
10263,2010-09-27,4,2,5,2,3,16,3
10264,2010-09-28,4,4,5,2,1,16,4
10265,2010-09-29,8,4,6,7,9,34,5
10266,2010-09-30,2,3,5,8,1,19,7
10267,2010-10-01,7,0,3,9,1,20,9
10268,2010-10-02,5,9,3,1,4,22,8
10269,2010-10-03,1,6,3,3,5,18,5
10270,2010-10-04,1,1,7,1,9,19,8
10271,2010-10-05,5,2,1,1,8,17,7
10272,2010-10-06,6,7,0,6,6,25,7
10273,2010-10-07,7,7,2,6,7,29,5
10274,2010-10-08,4,1,1,1,6,13,5
10275,2010-10-09,6,8,0,2,0,16,8
10276,2010-10-10,2,8,0,1,8,19,8
10277,2010-10-11,6,2,3,8,7,26,6
10278,2010-10-12,1,8,8,5,4,26,7
10279,2010-10-13,6,8,5,4,4,27,4
10280,2010-10-14,1,5,2,4,3,15,4
10281,2010-10-15,2,7,3,2,0,14,7
10282,2010-10-16,5,3,8,3,7,26,5
10283,2010-10-17,0,4,7,0,7,18,7
10284,2010-10-18,2,1,0,3,2,8,3
10285,2010-10-19,7,4,7,4,4,26,3
10286,2010-10-20,9,6,0,9,3,27,9
10287,2010-10-21,1,6,7,3,9,26,8
10288,2010-10-22,4,6,0,3,0,13,6
10289,2010-10-23,1,3,4,7,5,20,6
10290,2010-10-24,3,9,9,7,9,37,6
10291,2010-10-25,1,5,0,7,4,17,7
10292,2010-10-26,1,2,2,4,7,16,6
10293,2010-10-27,1,2,9,2,0,14,9
10294,2010-10-28,0,4,0,3,7,14,7
10295,2010-10-29,2,3,8,2,2,17,6
10296,2010-10-30,4,4,8,9,2,27,7
10297,2010-10-31,5,2,0,2,7,16,7
10298,2010-11-01,7,8,6,6,4,31,4
10299,2010-11-02,2,2,5,8,8,25,6
10300,2010-11-03,5,9,6,9,6,35,4
10301,2010-11-04,3,5,6,0,2,16,6
10302,2010-11-05,0,9,1,1,1,12,9
10303,2010-11-06,0,7,0,0,6,13,7
10304,2010-11-07,3,3,2,9,8,25,7
10305,2010-11-08,9,3,7,3,0,22,9
10306,2010-11-09,4,0,5,7,5,21,7
10307,2010-11-10,2,1,9,4,1,17,8
10308,2010-11-11,2,3,2,3,6,16,4
10309,2010-11-12,0,2,6,5,8,21,8
10310,2010-11-13,3,8,7,0,9,27,9
10311,2010-11-14,5,9,8,2,4,28,7
10312,2010-11-15,1,3,8,0,6,18,8
10313,2010-11-16,8,7,8,0,4,27,8
10314,2010-11-17,6,7,5,6,0,24,7
10315,2010-11-18,0,5,5,7,2,19,7
10316,2010-11-19,3,2,9,9,2,25,7
10317,2010-11-20,1,8,2,4,5,20,7
10318,2010-11-21,4,5,4,3,6,22,3
10319,2010-11-22,7,3,3,7,7,27,4
10320,2010-11-23,2,8,3,9,4,26,7
10321,2010-11-24,0,2,7,2,9,20,9
10322,2010-11-25,8,4,0,9,3,24,9
10323,2010-11-26,4,7,4,4,1,20,6
10324,2010-11-27,1,2,7,8,0,18,8
10325,2010-11-28,8,4,6,0,7,25,8
10326,2010-11-29,1,5,9,4,3,22,8
10327,2010-11-30,3,7,6,0,3,19,7
10328,2010-12-01,8,5,3,9,0,25,9
10329,2010-12-02,3,6,6,3,7,25,4
10330,2010-12-03,6,8,1,7,4,26,7
10331,2010-12-04,4,4,3,0,6,17,6
10332,2010-12-05,4,2,4,9,6,25,7
10333,2010-12-06,8,6,7,3,3,27,5
10334,2010-12-07,3,5,4,1,4,17,4
10335,2010-12-08,6,5,5,3,9,28,6
10336,2010-12-09,8,7,8,6,9,38,3
10337,2010-12-10,8,9,5,2,7,31,7
10338,2010-12-11,7,5,4,7,1,24,6
10339,2010-12-12,5,9,9,6,4,33,5
10340,2010-12-13,0,9,4,4,2,19,9
10341,2010-12-14,9,4,3,1,2,19,8
10342,2010-12-15,3,7,6,5,4,25,4
10343,2010-12-16,1,6,8,3,5,23,7
10344,2010-12-17,3,3,2,3,7,18,5
10345,2010-12-18,7,4,1,1,3,16,6
10346,2010-12-19,3,8,3,8,4,26,5
10347,2010-12-20,3,2,2,9,6,22,7
10348,2010-12-21,4,8,4,7,0,23,8
10349,2010-12-22,6,7,0,7,3,23,7
10350,2010-12-23,8,9,0,5,5,27,9
10351,2010-12-24,5,7,2,5,2,21,5
10352,2010-12-25,1,1,2,4,2,10,3
10353,2010-12-26,1,6,9,7,8,31,8
10354,2010-12-27,1,6,7,5,9,28,8
10355,2010-12-28,5,4,5,9,5,28,5
10356,2010-12-29,8,6,8,7,2,31,6
10357,2010-12-30,1,7,1,3,8,20,7
10358,2010-12-31,3,1,1,5,2,12,4
11001,2011-01-01,9,2,8,5,0,24,9
11002,2011-01-02,6,7,6,0,5,24,7
11003,2011-01-03,9,3,3,9,2,26,7
11004,2011-01-04,5,5,0,5,5,20,5
11005,2011-01-05,4,9,1,7,7,28,8
11006,2011-01-06,3,5,9,9,0,26,9
11007,2011-01-07,8,8,4,9,1,30,8
11008,2011-01-08,5,3,4,4,7,23,4
11009,2011-01-09,1,5,6,6,5,23,5
11010,2011-01-10,9,1,7,3,2,22,8
11011,2011-01-11,5,0,2,2,1,10,5
11012,2011-01-12,6,8,7,5,7,33,3
11013,2011-01-13,1,8,7,2,4,22,7
11014,2011-01-14,8,1,0,8,2,19,8
11015,2011-01-15,7,1,7,3,8,26,7
11016,2011-01-16,8,1,6,0,8,23,8
11017,2011-01-17,1,8,4,7,6,26,7
11018,2011-01-18,9,0,3,8,4,24,9
11019,2011-01-19,3,2,8,7,6,26,6
11020,2011-01-20,5,7,8,7,3,30,5
11021,2011-01-21,5,7,8,7,3,30,5
11022,2011-01-22,0,0,8,9,1,18,9
11023,2011-01-23,7,4,1,4,3,19,6
11024,2011-01-24,4,8,7,5,3,27,5
11025,2011-01-25,3,5,2,3,2,15,3
11026,2011-01-26,7,9,7,2,1,26,8
11027,2011-01-27,2,1,2,9,2,16,8
11028,2011-01-28,1,3,4,2,7,17,6
11029,2011-01-29,3,6,5,4,0,18,6
11030,2011-01-30,4,9,3,3,1,20,8
11031,2011-01-31,8,6,4,9,4,31,5
11032,2011-02-01,3,4,9,2,6,24,7
11033,2011-02-09,0,6,2,8,3,19,8
11034,2011-02-10,4,8,9,4,4,29,5
11035,2011-02-11,7,4,4,9,6,30,5
11036,2011-02-12,1,6,3,8,4,22,7
11037,2011-02-13,7,0,5,7,9,28,9
11038,2011-02-14,0,1,6,4,8,19,8
11039,2011-02-15,2,6,0,7,0,15,7
11040,2011-02-16,1,1,7,0,6,15,7
11041,2011-02-17,4,4,9,5,5,27,5
11042,2011-02-18,3,3,7,8,0,21,8
11043,2011-02-19,2,8,6,9,9,34,7
11044,2011-02-20,4,1,6,8,4,23,7
11045,2011-02-21,5,7,9,1,7,29,8
11046,2011-02-22,9,0,9,4,5,27,9
11047,2011-02-23,3,6,7,1,2,19,6
11048,2011-02-24,6,2,1,6,0,15,6
11049,2011-02-25,4,5,9,6,3,27,6
11050,2011-02-26,0,6,7,4,6,23,7
11051,2011-02-27,6,8,4,4,6,28,4
11052,2011-02-28,5,0,9,5,1,20,9
11053,2011-03-01,8,3,5,5,9,30,6
11054,2011-03-02,7,6,0,4,4,21,7
11055,2011-03-03,8,3,5,9,9,34,6
11056,2011-03-04,6,0,9,2,9,26,9
11057,2011-03-05,3,6,6,4,5,24,3
11058,2011-03-06,6,6,4,4,0,20,6
11059,2011-03-07,3,9,8,2,4,26,7
11060,2011-03-08,1,4,4,8,3,20,7
11061,2011-03-09,4,1,6,5,5,21,5
11062,2011-03-10,6,2,8,0,7,23,8
11063,2011-03-11,1,4,1,5,1,12,4
11064,2011-03-12,6,9,0,1,9,25,9
11065,2011-03-13,7,2,1,1,1,12,6
11066,2011-03-14,0,7,9,0,6,22,9
11067,2011-03-15,4,1,3,1,9,18,8
11068,2011-03-16,5,0,0,8,8,21,8
11069,2011-03-17,2,8,5,9,5,29,7
11070,2011-03-18,8,9,2,4,7,30,7
11071,2011-03-19,0,7,1,4,5,17,7
11072,2011-03-20,7,9,9,2,3,30,7
11073,2011-03-21,0,6,3,8,7,24,8
11074,2011-03-22,7,8,4,4,9,32,5
11075,2011-03-23,9,5,3,3,5,25,6
11076,2011-03-24,6,6,7,7,0,26,7
11077,2011-03-25,7,8,7,5,7,34,3
11078,2011-03-26,5,4,4,9,6,28,5
11079,2011-03-27,8,2,3,4,0,17,8
11080,2011-03-28,9,4,3,2,7,25,7
11081,2011-03-29,7,4,8,6,6,31,4
11082,2011-03-30,1,7,1,0,6,15,7
11083,2011-03-31,8,3,5,7,8,31,5
11084,2011-04-01,2,5,2,1,3,13,4
11085,2011-04-02,9,9,5,8,6,37,4
11086,2011-04-03,9,4,1,2,4,20,8
11087,2011-04-04,0,9,2,2,2,15,9
11088,2011-04-05,6,7,0,7,8,28,8
11089,2011-04-06,1,2,4,0,5,12,5
11090,2011-04-07,0,8,7,7,3,25,8
11091,2011-04-08,2,2,2,1,5,12,4
11092,2011-04-09,7,4,9,0,2,22,9
11093,2011-04-10,5,0,0,4,9,18,9
11094,2011-04-11,1,5,9,5,7,27,8
11095,2011-04-12,8,4,4,7,4,27,4
11096,2011-04-13,0,9,7,4,9,29,9
11097,2011-04-14,6,7,9,1,2,25,8
11098,2011-04-15,1,8,7,9,5,30,8
11099,2011-04-16,8,2,9,4,1,24,8
11100,2011-04-17,2,3,2,8,7,22,6
11101,2011-04-18,2,7,5,8,5,27,6
11102,2011-04-19,9,0,9,8,3,29,9
11103,2011-04-20,4,7,2,0,8,21,8
11104,2011-04-21,5,8,9,0,4,26,9
11105,2011-04-22,7,0,0,7,7,21,7
11106,2011-04-23,6,5,0,1,0,12,6
11107,2011-04-24,9,2,4,1,5,21,8
11108,2011-04-25,3,3,0,7,4,17,7
11109,2011-04-26,2,2,2,4,2,12,2
11110,2011-04-27,3,5,1,0,4,13,5
11111,2011-04-28,2,5,2,4,4,17,3
11112,2011-04-29,0,9,8,4,3,24,9
11113,2011-04-30,7,3,3,2,5,20,5
11114,2011-05-01,3,9,8,9,0,29,9
11115,2011-05-02,3,7,5,1,5,21,6
11116,2011-05-03,7,4,0,9,8,28,9
11117,2011-05-04,7,0,4,1,7,19,7
11118,2011-05-05,0,7,5,6,0,18,7
11119,2011-05-06,2,9,5,0,6,22,9
11120,2011-05-07,9,8,3,2,4,26,7
11121,2011-05-08,6,4,9,5,4,28,5
11122,2011-05-09,0,3,3,9,3,18,9
11123,2011-05-10,5,3,5,9,0,22,9
11124,2011-05-11,7,7,4,1,7,26,6
11125,2011-05-12,3,2,7,3,4,19,5
11126,2011-05-13,2,9,9,8,7,35,7
11127,2011-05-14,5,4,3,6,2,20,4
11128,2011-05-15,7,3,3,4,2,19,5
11129,2011-05-16,4,2,0,5,9,20,9
11130,2011-05-17,0,5,9,6,2,22,9
11131,2011-05-18,2,3,3,8,5,21,6
11132,2011-05-19,6,5,2,9,7,29,7
11133,2011-05-20,4,8,7,5,5,29,4
11134,2011-05-21,4,1,9,3,3,20,8
11135,2011-05-22,4,3,7,2,8,24,6
11136,2011-05-23,3,9,6,1,2,21,8
11137,2011-05-24,2,4,3,2,9,20,7
11138,2011-05-25,9,0,7,1,3,20,9
11139,2011-05-26,5,3,8,6,0,22,8
11140,2011-05-27,8,0,7,8,2,25,8
11141,2011-05-28,6,3,9,8,0,26,9
11142,2011-05-29,8,8,9,8,6,39,3
11143,2011-05-30,0,5,2,8,7,22,8
11144,2011-05-31,1,2,4,2,2,11,3
11145,2011-06-01,1,0,7,2,1,11,7
11146,2011-06-02,3,7,9,4,2,25,7
11147,2011-06-03,8,8,7,2,7,32,6
11148,2011-06-04,5,8,9,5,4,31,5
11149,2011-06-05,8,8,4,6,8,34,4
11150,2011-06-06,8,6,5,5,2,26,6
11151,2011-06-07,9,8,5,6,8,36,4
11152,2011-06-08,9,7,4,1,0,21,9
11153,2011-06-09,6,2,9,5,4,26,7
11154,2011-06-10,7,6,5,4,7,29,3
11155,2011-06-11,6,5,2,2,0,15,6
11156,2011-06-12,2,4,1,0,2,9,4
11157,2011-06-13,4,1,9,3,9,26,8
11158,2011-06-14,1,0,4,6,5,16,6
11159,2011-06-15,8,9,6,9,5,37,4
11160,2011-06-16,7,1,3,0,6,17,7
11161,2011-06-17,8,1,5,7,9,30,8
11162,2011-06-18,2,3,9,4,1,19,8
11163,2011-06-19,3,7,8,6,9,33,6
11164,2011-06-20,6,8,9,1,7,31,8
11165,2011-06-21,5,7,8,5,1,26,7
11166,2011-06-22,8,2,6,8,6,30,6
11167,2011-06-23,4,6,2,0,1,13,6
11168,2011-06-24,2,9,7,0,8,26,9
11169,2011-06-25,5,2,0,7,7,21,7
11170,2011-06-26,3,5,3,5,2,18,3
11171,2011-06-27,9,9,1,6,3,28,8
11172,2011-06-28,2,6,6,7,4,25,5
11173,2011-06-29,9,1,7,2,8,27,8
11174,2011-06-30,3,1,0,9,5,18,9
11175,2011-07-01,9,0,9,7,9,34,9
11176,2011-07-02,5,7,2,1,8,23,7
11177,2011-07-03,8,4,3,2,4,21,6
11178,2011-07-04,1,9,0,1,4,15,9
11179,2011-07-05,1,2,3,3,0,9,3
11180,2011-07-06,5,5,3,8,8,29,5
11181,2011-07-07,5,9,9,9,6,38,4
11182,2011-07-08,2,6,2,0,6,16,6
11183,2011-07-09,7,9,3,1,4,24,8
11184,2011-07-10,0,3,9,8,3,23,9
11185,2011-07-11,4,5,7,8,6,30,4
11186,2011-07-12,7,7,5,9,0,28,9
11187,2011-07-13,8,1,2,6,4,21,7
11188,2011-07-14,7,6,8,0,7,28,8
11189,2011-07-15,0,0,3,8,0,11,8
11190,2011-07-16,1,2,5,7,3,18,6
11191,2011-07-17,4,1,9,7,3,24,8
11192,2011-07-18,8,1,2,2,7,20,7
11193,2011-07-19,7,0,0,5,8,20,8
11194,2011-07-20,8,8,9,8,8,41,1
11195,2011-07-21,8,6,1,0,7,22,8
11196,2011-07-22,7,0,8,1,2,18,8
11197,2011-07-23,3,1,8,4,7,23,7
11198,2011-07-24,6,6,8,4,2,26,6
11199,2011-07-25,0,0,4,9,3,16,9
11200,2011-07-26,7,6,9,6,9,37,3
11201,2011-07-27,6,7,9,5,2,29,7
11202,2011-07-28,6,3,3,9,2,23,7
11203,2011-07-29,5,8,3,8,8,32,5
11204,2011-07-30,5,8,7,8,7,35,3
11205,2011-07-31,6,7,5,9,8,35,4
11206,2011-08-01,8,5,2,9,0,24,9
11207,2011-08-02,6,4,8,1,8,27,7
11208,2011-08-03,6,1,5,6,6,24,5
11209,2011-08-04,2,8,1,3,4,18,7
11210,2011-08-05,9,7,6,6,9,37,3
11211,2011-08-06,3,2,6,6,5,22,4
11212,2011-08-07,3,3,1,6,1,14,5
11213,2011-08-08,8,0,6,5,6,25,8
11214,2011-08-09,2,5,4,1,3,15,4
11215,2011-08-10,7,9,7,6,4,33,5
11216,2011-08-11,5,0,6,7,3,21,7
11217,2011-08-12,6,0,7,2,1,16,7
11218,2011-08-13,9,0,5,6,9,29,9
11219,2011-08-14,5,4,7,4,2,22,5
11220,2011-08-15,6,0,4,6,4,20,6
11221,2011-08-16,3,6,9,4,0,22,9
11222,2011-08-17,4,3,5,9,0,21,9
11223,2011-08-18,6,7,7,2,7,29,5
11224,2011-08-19,4,7,8,9,4,32,5
11225,2011-08-20,8,8,6,9,0,31,9
11226,2011-08-21,6,3,2,6,6,23,4
11227,2011-08-22,8,2,1,0,8,19,8
11228,2011-08-23,3,2,4,9,7,25,7
11229,2011-08-24,1,0,5,2,3,11,5
11230,2011-08-25,8,7,4,4,8,31,4
11231,2011-08-26,8,5,3,9,2,27,7
11232,2011-08-27,9,2,3,1,2,17,8
11233,2011-08-28,5,6,1,9,2,23,8
11234,2011-08-29,0,9,3,2,0,14,9
11235,2011-08-30,3,0,4,0,7,14,7
11236,2011-08-31,7,3,7,2,7,26,5
11237,2011-09-01,3,7,2,4,5,21,5
11238,2011-09-02,0,1,3,7,2,13,7
11239,2011-09-03,8,8,2,6,6,30,6
11240,2011-09-04,0,8,6,3,0,17,8
11241,2011-09-05,6,4,8,3,7,28,5
11242,2011-09-06,9,6,7,7,4,33,5
11243,2011-09-07,7,2,1,5,9,24,8
11244,2011-09-08,9,6,2,3,5,25,7
11245,2011-09-09,3,1,0,5,0,9,5
11246,2011-09-10,0,1,4,6,9,20,9
11247,2011-09-11,4,3,0,1,7,15,7
11248,2011-09-12,4,4,2,9,1,20,8
11249,2011-09-13,7,5,6,5,8,31,3
11250,2011-09-14,3,4,3,7,6,23,4
11251,2011-09-15,4,3,1,7,4,19,6
11252,2011-09-16,4,3,2,4,0,13,4
11253,2011-09-17,6,1,0,1,8,16,8
11254,2011-09-18,8,5,3,0,1,17,8
11255,2011-09-19,5,4,6,1,7,23,6
11256,2011-09-20,9,8,5,3,9,34,6
11257,2011-09-21,1,6,1,6,8,22,7
11258,2011-09-22,3,7,0,8,0,18,8
11259,2011-09-23,8,6,7,6,0,27,8
11260,2011-09-24,6,5,3,9,0,23,9
11261,2011-09-25,5,8,7,7,8,35,3
11262,2011-09-26,9,2,5,1,9,26,8
11263,2011-09-27,5,0,3,2,9,19,9
11264,2011-09-28,3,7,9,6,9,34,6
11265,2011-09-29,4,9,8,5,5,31,5
11266,2011-09-30,4,9,8,8,4,33,5
11267,2011-10-01,7,8,6,3,7,31,5
11268,2011-10-02,3,7,8,1,6,25,7
11269,2011-10-03,8,7,6,8,8,37,2
11270,2011-10-04,1,5,5,3,7,21,6
11271,2011-10-05,0,1,4,8,9,22,9
11272,2011-10-06,9,4,6,6,3,28,6
11273,2011-10-07,8,3,2,1,7,21,7
11274,2011-10-08,3,5,9,5,2,24,7
11275,2011-10-09,0,5,9,9,7,30,9
11276,2011-10-10,8,8,0,6,8,30,8
11277,2011-10-11,3,2,4,3,8,20,6
11278,2011-10-12,9,5,1,8,9,32,8
11279,2011-10-13,3,8,2,1,2,16,7
11280,2011-10-14,8,7,5,0,0,20,8
11281,2011-10-15,2,1,4,8,7,22,7
11282,2011-10-16,8,9,3,8,6,34,6
11283,2011-10-17,9,0,5,7,4,25,9
11284,2011-10-18,2,0,5,6,5,18,6
11285,2011-10-19,2,6,4,7,2,21,5
11286,2011-10-20,2,3,1,4,6,16,5
11287,2011-10-21,6,7,2,0,0,15,7
11288,2011-10-22,6,2,9,4,9,30,7
11289,2011-10-23,5,0,4,4,6,19,6
11290,2011-10-24,6,0,4,4,5,19,6
11291,2011-10-25,0,9,3,4,7,23,9
11292,2011-10-26,3,9,3,1,1,17,8
11293,2011-10-27,2,5,6,4,2,19,4
11294,2011-10-28,9,5,9,3,8,34,6
11295,2011-10-29,3,2,9,9,5,28,7
11296,2011-10-30,8,3,3,5,7,26,5
11297,2011-10-31,4,5,8,3,7,27,5
11298,2011-11-01,0,9,9,8,4,30,9
11299,2011-11-02,0,0,6,8,1,15,8
11300,2011-11-03,8,2,2,2,8,22,6
11301,2011-11-04,6,4,1,7,7,25,6
11302,2011-11-05,4,9,6,6,9,34,5
11303,2011-11-06,1,0,7,5,4,17,7
11304,2011-11-07,3,2,2,9,6,22,7
11305,2011-11-08,1,1,6,3,1,12,5
11306,2011-11-09,6,2,6,6,2,22,4
11307,2011-11-10,9,9,0,7,3,28,9
11308,2011-11-11,6,6,9,7,8,36,3
11309,2011-11-12,7,7,3,9,2,28,7
11310,2011-11-13,8,2,5,1,8,24,7
11311,2011-11-14,0,9,4,3,8,24,9
11312,2011-11-15,3,6,5,9,6,29,6
11313,2011-11-16,4,6,6,4,4,24,2
11314,2011-11-17,7,8,3,4,5,27,5
11315,2011-11-18,3,7,4,9,9,32,6
11316,2011-11-19,5,3,8,9,4,29,6
11317,2011-11-20,4,9,2,2,6,23,7
11318,2011-11-21,4,1,3,3,6,17,5
11319,2011-11-22,3,5,6,1,9,24,8
11320,2011-11-23,8,7,0,3,9,27,9
11321,2011-11-24,3,6,5,5,4,23,3
11322,2011-11-25,3,6,8,9,2,28,7
11323,2011-11-26,4,7,2,9,9,31,7
11324,2011-11-27,1,5,6,1,9,22,8
11325,2011-11-28,0,3,9,0,5,17,9
11326,2011-11-29,0,9,2,0,2,13,9
11327,2011-11-30,4,6,5,6,0,21,6
11328,2011-12-01,8,1,1,1,5,16,7
11329,2011-12-02,6,4,8,4,0,22,8
11330,2011-12-03,8,8,8,8,4,36,4
11331,2011-12-04,9,4,3,5,8,29,6
11332,2011-12-05,8,9,7,2,7,33,7
11333,2011-12-06,3,5,2,0,5,15,5
11334,2011-12-07,8,0,3,5,5,21,8
11335,2011-12-08,4,3,6,2,6,21,4
11336,2011-12-09,7,4,7,1,6,25,6
11337,2011-12-10,3,8,7,6,8,32,5
11338,2011-12-11,8,8,8,3,1,28,7
11339,2011-12-12,5,1,4,1,6,17,5
11340,2011-12-13,9,7,3,7,8,34,6
11341,2011-12-14,8,7,4,5,2,26,6
11342,2011-12-15,2,0,4,2,5,13,5
11343,2011-12-16,9,6,1,6,0,22,9
11344,2011-12-17,3,6,0,1,9,19,9
11345,2011-12-18,2,9,6,4,5,26,7
11346,2011-12-19,4,9,4,9,3,29,6
11347,2011-12-20,2,9,0,7,1,19,9
11348,2011-12-21,2,2,7,2,3,16,5
11349,2011-12-22,0,0,0,7,6,13,7
11350,2011-12-23,9,2,7,6,0,24,9
11351,2011-12-24,3,0,0,1,8,12,8
11352,2011-12-25,1,4,2,6,5,18,5
11353,2011-12-26,0,6,8,1,6,21,8
11354,2011-12-27,3,0,1,2,5,11,5
11355,2011-12-28,5,1,8,0,3,17,8
11356,2011-12-29,4,7,0,4,7,22,7
11357,2011-12-30,2,3,9,4,3,21,7
11358,2011-12-31,7,2,5,9,4,27,7
12001,2012-01-01,0,0,3,6,0,9,6
12002,2012-01-02,4,0,9,9,7,29,9
12003,2012-01-03,1,8,1,9,4,23,8
12004,2012-01-04,9,8,9,4,4,34,5
12005,2012-01-05,6,0,9,9,7,31,9
12006,2012-01-06,3,6,4,2,6,21,4
12007,2012-01-07,6,8,2,4,0,20,8
12008,2012-01-08,8,2,4,6,1,21,7
12009,2012-01-09,3,1,6,2,4,16,5
12010,2012-01-10,0,3,9,7,8,27,9
12011,2012-01-11,9,1,4,6,7,27,8
12012,2012-01-12,4,1,3,4,4,16,3
12013,2012-01-13,3,4,9,5,8,29,6
12014,2012-01-14,0,8,5,5,2,20,8
12015,2012-01-15,2,3,4,4,4,17,2
12016,2012-01-16,7,6,5,4,0,22,7
12017,2012-01-17,5,1,5,3,0,14,5
12018,2012-01-18,4,6,5,4,3,22,3
12019,2012-01-19,8,5,5,7,3,28,5
12020,2012-01-20,0,1,9,0,6,16,9
12021,2012-01-21,1,3,8,9,7,28,8
12022,2012-01-29,6,4,4,4,0,18,6
12023,2012-01-30,7,4,1,0,6,18,7
12024,2012-01-31,3,3,4,8,6,24,5
12025,2012-02-01,9,9,7,1,4,30,8
12026,2012-02-02,8,3,3,9,0,23,9
12027,2012-02-03,0,0,6,5,0,11,6
12028,2012-02-04,6,8,9,4,9,36,5
12029,2012-02-05,7,7,9,1,1,25,8
12030,2012-02-06,6,6,5,0,1,18,6
12031,2012-02-07,9,8,8,1,1,27,8
12032,2012-02-08,5,0,3,9,9,26,9
12033,2012-02-09,1,2,7,6,4,20,6
12034,2012-02-10,7,4,1,6,2,20,6
12035,2012-02-11,2,7,4,6,1,20,6
12036,2012-02-12,0,3,4,0,2,9,4
12037,2012-02-13,4,4,3,1,3,15,3
12038,2012-02-14,5,2,8,5,4,24,6
12039,2012-02-15,8,5,5,2,7,27,6
12040,2012-02-16,8,1,8,5,5,27,7
12041,2012-02-17,3,4,1,6,8,22,7
12042,2012-02-18,8,4,1,2,2,17,7
12043,2012-02-19,3,5,2,1,8,19,7
12044,2012-02-20,6,8,3,1,6,24,7
12045,2012-02-21,4,2,1,2,9,18,8
12046,2012-02-22,3,7,3,3,2,18,5
12047,2012-02-23,4,9,6,2,1,22,8
12048,2012-02-24,8,3,3,1,4,19,7
12049,2012-02-25,0,4,4,9,3,20,9
12050,2012-02-26,7,7,8,3,9,34,6
12051,2012-02-27,4,6,7,1,1,19,6
12052,2012-02-28,8,4,1,4,4,21,7
12053,2012-02-29,5,3,5,9,4,26,6
12054,2012-03-01,0,5,7,2,5,19,7
12055,2012-03-02,0,6,6,5,4,21,6
12056,2012-03-03,1,4,3,8,5,21,7
12057,2012-03-04,6,9,1,5,2,23,8
12058,2012-03-05,2,5,9,4,2,22,7
12059,2012-03-06,3,4,6,6,9,28,6
12060,2012-03-07,4,2,4,0,5,15,5
12061,2012-03-08,7,1,3,6,3,20,6
12062,2012-03-09,3,5,0,3,1,12,5
12063,2012-03-10,7,7,3,0,6,23,7
12064,2012-03-11,8,3,1,2,2,16,7
12065,2012-03-12,3,6,3,8,6,26,5
12066,2012-03-13,0,8,4,0,4,16,8
12067,2012-03-14,4,2,2,5,4,17,3
12068,2012-03-15,9,2,5,6,7,29,7
12069,2012-03-16,7,2,1,0,6,16,7
12070,2012-03-17,3,0,0,3,2,8,3
12071,2012-03-18,6,1,3,6,9,25,8
12072,2012-03-19,9,9,8,7,7,40,2
12073,2012-03-20,4,6,4,2,2,18,4
12074,2012-03-21,2,7,6,9,0,24,9
12075,2012-03-22,9,8,9,6,4,36,5
12076,2012-03-23,0,7,8,7,8,30,8
12077,2012-03-24,4,1,2,3,4,14,3
12078,2012-03-25,6,6,0,5,6,23,6
12079,2012-03-26,0,1,0,4,4,9,4
12080,2012-03-27,7,7,2,4,3,23,5
12081,2012-03-28,3,9,9,4,9,34,6
12082,2012-03-29,9,9,0,3,6,27,9
12083,2012-03-30,6,8,8,0,3,25,8
12084,2012-03-31,2,3,8,9,1,23,8
12085,2012-04-01,4,7,8,4,7,30,4
12086,2012-04-02,7,1,6,1,5,20,6
12087,2012-04-03,6,8,4,2,9,29,7
12088,2012-04-04,5,3,5,3,9,25,6
12089,2012-04-05,2,2,1,6,6,17,5
12090,2012-04-06,6,8,2,6,3,25,6
12091,2012-04-07,8,3,5,7,6,29,5
12092,2012-04-08,7,3,9,2,6,27,7
12093,2012-04-09,6,7,1,2,8,24,7
12094,2012-04-10,6,0,8,0,7,21,8
12095,2012-04-11,9,5,6,4,6,30,5
12096,2012-04-12,7,4,9,8,3,31,6
12097,2012-04-13,6,8,2,8,8,32,6
12098,2012-04-14,6,1,1,4,4,16,5
12099,2012-04-15,1,0,5,4,1,11,5
12100,2012-04-16,4,8,9,6,1,28,8
12101,2012-04-17,3,7,7,7,0,24,7
12102,2012-04-18,9,5,5,2,9,30,7
12103,2012-04-19,2,7,3,4,6,22,5
12104,2012-04-20,3,8,8,1,7,27,7
12105,2012-04-21,5,4,2,1,9,21,8
12106,2012-04-22,6,8,2,4,3,23,6
12107,2012-04-23,2,6,9,1,1,19,8
12108,2012-04-24,3,9,9,8,0,29,9
12109,2012-04-25,2,4,1,3,9,19,8
12110,2012-04-26,7,0,4,4,2,17,7
12111,2012-04-27,4,6,1,6,1,18,5
12112,2012-04-28,7,5,0,7,4,23,7
12113,2012-04-29,4,3,2,8,6,23,6
12114,2012-04-30,0,7,9,2,1,19,9
12115,2012-05-01,0,2,9,0,7,18,9
12116,2012-05-02,4,7,1,8,4,24,7
12117,2012-05-03,0,4,2,4,4,14,4
12118,2012-05-04,8,0,4,3,2,17,8
12119,2012-05-05,8,3,6,7,2,26,6
12120,2012-05-06,4,6,9,0,5,24,9
12121,2012-05-07,6,7,0,9,8,30,9
12122,2012-05-08,4,7,4,2,1,18,6
12123,2012-05-09,6,2,2,6,3,19,4
12124,2012-05-10,9,0,1,0,3,13,9
12125,2012-05-11,6,7,8,3,2,26,6
12126,2012-05-12,2,8,1,0,1,12,8
12127,2012-05-13,2,0,5,3,9,19,9
12128,2012-05-14,1,7,8,0,5,21,8
12129,2012-05-15,9,2,1,9,0,21,9
12130,2012-05-16,2,1,1,0,0,4,2
12131,2012-05-17,5,8,6,6,3,28,5
12132,2012-05-18,6,2,6,9,4,27,7
12133,2012-05-19,6,3,8,8,1,26,7
12134,2012-05-20,0,4,9,7,6,26,9
12135,2012-05-21,5,6,9,5,0,25,9
12136,2012-05-22,7,2,0,9,1,19,9
12137,2012-05-23,8,8,2,7,9,34,7
12138,2012-05-24,3,8,4,5,0,20,8
12139,2012-05-25,7,1,9,5,4,26,8
12140,2012-05-26,0,4,4,9,1,18,9
12141,2012-05-27,2,5,0,1,5,13,5
12142,2012-05-28,9,6,7,5,4,31,5
12143,2012-05-29,9,9,0,6,9,33,9
12144,2012-05-30,2,7,8,0,5,22,8
12145,2012-05-31,8,5,6,3,3,25,5
12146,2012-06-01,7,2,8,6,4,27,6
12147,2012-06-02,5,6,8,0,1,20,8
12148,2012-06-03,5,2,4,2,4,17,3
12149,2012-06-04,9,4,0,4,5,22,9
12150,2012-06-05,5,9,8,5,2,29,7
12151,2012-06-06,6,1,3,7,2,19,6
12152,2012-06-07,7,3,9,0,9,28,9
12153,2012-06-08,3,8,3,9,7,30,6
12154,2012-06-09,2,0,6,4,3,15,6
12155,2012-06-10,8,9,5,4,0,26,9
12156,2012-06-11,4,4,0,2,9,19,9
12157,2012-06-12,5,9,9,5,3,31,6
12158,2012-06-13,7,7,2,4,1,21,6
12159,2012-06-14,9,5,7,2,3,26,7
12160,2012-06-15,9,7,0,0,3,19,9
12161,2012-06-16,5,3,2,2,7,19,5
12162,2012-06-17,2,4,3,5,2,16,3
12163,2012-06-18,6,9,3,7,6,31,6
12164,2012-06-19,7,1,8,7,1,24,7
12165,2012-06-20,0,4,6,9,0,19,9
12166,2012-06-21,8,6,2,8,9,33,7
12167,2012-06-22,2,8,9,1,3,23,8
12168,2012-06-23,6,5,1,9,9,30,8
12169,2012-06-24,7,2,0,7,3,19,7
12170,2012-06-25,7,8,8,7,2,32,6
12171,2012-06-26,7,3,5,0,0,15,7
12172,2012-06-27,4,3,7,8,7,29,5
12173,2012-06-28,5,9,7,5,6,32,4
12174,2012-06-29,2,1,8,0,3,14,8
12175,2012-06-30,0,5,8,2,3,18,8
12176,2012-07-01,4,0,0,0,5,9,5
12177,2012-07-02,0,1,8,9,3,21,9
12178,2012-07-03,3,5,7,5,8,28,5
12179,2012-07-04,1,4,5,1,1,12,4
12180,2012-07-05,9,9,0,1,7,26,9
12181,2012-07-06,6,9,3,1,5,24,8
12182,2012-07-07,4,5,6,7,5,27,3
12183,2012-07-08,7,9,5,0,9,30,9
12184,2012-07-09,1,6,9,3,7,26,8
12185,2012-07-10,4,6,0,8,3,21,8
12186,2012-07-11,6,7,3,6,6,28,4
12187,2012-07-12,9,6,2,2,1,20,8
12188,2012-07-13,6,3,8,7,5,29,5
12189,2012-07-14,4,1,8,9,5,27,8
12190,2012-07-15,3,1,3,3,4,14,3
12191,2012-07-16,5,8,4,3,1,21,7
12192,2012-07-17,5,7,6,9,9,36,4
12193,2012-07-18,2,6,9,0,8,25,9
12194,2012-07-19,1,5,9,0,6,21,9
12195,2012-07-20,2,1,3,8,1,15,7
12196,2012-07-21,9,9,3,3,7,31,6
12197,2012-07-22,5,4,6,6,6,27,2
12198,2012-07-23,1,1,2,9,1,14,8
12199,2012-07-24,8,4,9,6,6,33,5
12200,2012-07-25,2,8,2,9,6,27,7
12201,2012-07-26,7,9,0,9,2,27,9
12202,2012-07-27,1,0,2,5,3,11,5
12203,2012-07-28,1,7,6,3,3,20,6
12204,2012-07-29,3,6,1,5,3,18,5
12205,2012-07-30,9,7,8,6,3,33,6
12206,2012-07-31,6,0,8,7,0,21,8
12207,2012-08-01,7,9,0,4,0,20,9
12208,2012-08-02,7,5,7,1,3,23,6
12209,2012-08-03,2,2,7,1,7,19,6
12210,2012-08-04,5,7,4,1,2,19,6
12211,2012-08-05,4,2,7,2,6,21,5
12212,2012-08-06,1,4,4,0,5,14,5
12213,2012-08-07,6,8,1,5,1,21,7
12214,2012-08-08,3,2,1,3,9,18,8
12215,2012-08-09,0,3,8,5,7,23,8
12216,2012-08-10,7,7,5,0,7,26,7
12217,2012-08-11,8,7,1,5,9,30,8
12218,2012-08-12,1,7,0,3,0,11,7
12219,2012-08-13,9,3,5,3,7,27,6
12220,2012-08-14,0,9,9,8,3,29,9
12221,2012-08-15,3,3,5,4,2,17,3
12222,2012-08-16,2,4,0,2,1,9,4
12223,2012-08-17,3,6,0,9,7,25,9
12224,2012-08-18,5,4,0,2,0,11,5
12225,2012-08-19,4,5,3,3,0,15,5
12226,2012-08-20,0,1,0,4,7,12,7
12227,2012-08-21,7,2,1,5,1,16,6
12228,2012-08-22,0,8,1,1,6,16,8
12229,2012-08-23,4,6,1,6,3,20,5
12230,2012-08-24,6,4,4,6,9,29,5
12231,2012-08-25,7,6,3,0,1,17,7
12232,2012-08-26,1,4,7,1,2,15,6
12233,2012-08-27,2,5,0,6,0,13,6
12234,2012-08-28,6,1,1,2,3,13,5
12235,2012-08-29,4,6,0,9,2,21,9
12236,2012-08-30,9,2,9,3,4,27,7
12237,2012-08-31,0,4,9,2,3,18,9
12238,2012-09-01,0,9,7,8,9,33,9
12239,2012-09-02,0,7,1,7,5,20,7
12240,2012-09-03,0,6,3,9,1,19,9
12241,2012-09-04,5,0,2,5,6,18,6
12242,2012-09-05,9,6,8,3,1,27,8
12243,2012-09-06,1,4,5,1,8,19,7
12244,2012-09-07,4,5,3,5,3,20,2
12245,2012-09-08,2,3,2,9,7,23,7
12246,2012-09-09,5,7,1,5,6,24,6
12247,2012-09-10,1,1,4,0,3,9,4
12248,2012-09-11,9,4,0,7,2,22,9
12249,2012-09-12,5,7,5,9,9,35,4
12250,2012-09-13,9,9,9,5,2,34,7
12251,2012-09-14,1,0,8,5,5,19,8
12252,2012-09-15,8,9,2,8,2,29,7
12253,2012-09-16,8,9,3,3,7,30,6
12254,2012-09-17,6,7,9,1,0,23,9
12255,2012-09-18,4,0,4,4,0,12,4
12256,2012-09-19,0,9,2,4,9,24,9
12257,2012-09-20,3,5,5,5,5,23,2
12258,2012-09-21,7,9,4,4,1,25,8
12259,2012-09-22,0,8,1,8,5,22,8
12260,2012-09-23,4,5,7,0,1,17,7
12261,2012-09-24,6,8,6,7,5,32,3
12262,2012-09-25,5,0,6,7,2,20,7
12263,2012-09-26,4,3,6,3,2,18,4
12264,2012-09-27,0,9,2,0,9,20,9
12265,2012-09-28,8,6,5,4,8,31,4
12266,2012-09-29,1,0,0,7,4,12,7
12267,2012-09-30,4,4,6,7,6,27,3
12268,2012-10-01,6,3,0,6,9,24,9
12269,2012-10-02,1,5,3,1,0,10,5
12270,2012-10-03,5,2,1,3,8,19,7
12271,2012-10-04,6,5,6,9,6,32,4
12272,2012-10-05,9,7,3,1,6,26,8
12273,2012-10-06,7,0,6,1,0,14,7
12274,2012-10-07,5,6,7,1,9,28,8
12275,2012-10-08,3,6,1,0,0,10,6
12276,2012-10-09,1,7,9,2,3,22,8
12277,2012-10-10,9,1,1,3,3,17,8
12278,2012-10-11,6,6,3,4,6,25,3
12279,2012-10-12,9,5,4,7,6,31,5
12280,2012-10-13,0,6,3,1,6,16,6
12281,2012-10-14,0,9,6,0,7,22,9
12282,2012-10-15,0,1,0,4,1,6,4
12283,2012-10-16,1,5,4,6,8,24,7
12284,2012-10-17,5,6,0,5,4,20,6
12285,2012-10-18,6,0,5,2,2,15,6
12286,2012-10-19,0,4,4,3,4,15,4
12287,2012-10-20,2,3,1,3,3,12,2
12288,2012-10-21,5,7,6,3,7,28,4
12289,2012-10-22,8,8,4,7,1,28,7
12290,2012-10-23,9,7,4,9,8,37,5
12291,2012-10-24,0,2,1,7,9,19,9
12292,2012-10-25,2,0,3,3,4,12,4
12293,2012-10-26,0,8,6,0,5,19,8
12294,2012-10-27,1,3,7,8,0,19,8
12295,2012-10-28,2,9,5,9,0,25,9
12296,2012-10-29,4,8,9,1,8,30,8
12297,2012-10-30,8,1,4,3,9,25,8
12298,2012-10-31,8,3,3,0,1,15,8
12299,2012-11-01,0,8,7,8,0,23,8
12300,2012-11-02,9,5,4,7,2,27,7
12301,2012-11-03,5,7,9,7,0,28,9
12302,2012-11-04,3,4,3,3,2,15,2
12303,2012-11-05,5,8,5,5,0,23,8
12304,2012-11-06,4,1,9,7,7,28,8
12305,2012-11-07,7,2,1,2,2,14,6
12306,2012-11-08,3,3,7,6,0,19,7
12307,2012-11-09,6,8,7,5,1,27,7
12308,2012-11-10,2,9,9,6,0,26,9
12309,2012-11-11,2,8,7,1,0,18,8
12310,2012-11-12,6,4,4,9,0,23,9
12311,2012-11-13,6,4,4,9,8,31,5
12312,2012-11-14,0,5,6,4,0,15,6
12313,2012-11-15,1,3,8,0,4,16,8
12314,2012-11-16,6,2,4,6,5,23,4
12315,2012-11-17,0,0,7,9,1,17,9
12316,2012-11-18,7,0,8,3,3,21,8
12317,2012-11-19,1,7,7,3,9,27,8
12318,2012-11-20,8,3,6,2,6,25,6
12319,2012-11-21,0,5,1,5,2,13,5
12320,2012-11-22,0,0,9,2,2,13,9
12321,2012-11-23,1,3,3,2,9,18,8
12322,2012-11-24,1,7,6,1,5,20,6
12323,2012-11-25,8,9,9,6,7,39,3
12324,2012-11-26,8,8,8,5,5,34,3
12325,2012-11-27,1,0,4,9,6,20,9
12326,2012-11-28,8,9,6,8,2,33,7
12327,2012-11-29,4,4,6,3,2,19,4
12328,2012-11-30,8,1,4,1,9,23,8
12329,2012-12-01,6,1,1,8,0,16,8
12330,2012-12-02,2,1,9,8,7,27,8
12331,2012-12-03,0,8,9,2,8,27,9
12332,2012-12-04,8,2,2,0,6,18,8
12333,2012-12-05,0,2,5,7,4,18,7
12334,2012-12-06,5,2,4,2,1,14,4
12335,2012-12-07,8,9,3,6,7,33,6
12336,2012-12-08,5,5,7,7,1,25,6
12337,2012-12-09,4,6,2,1,5,18,5
12338,2012-12-10,3,3,1,5,8,20,7
12339,2012-12-11,2,7,4,3,5,21,5
12340,2012-12-12,6,5,4,0,0,15,6
12341,2012-12-13,4,7,2,5,4,22,5
12342,2012-12-14,4,9,2,7,4,26,7
12343,2012-12-15,7,2,2,2,1,14,6
12344,2012-12-16,4,8,8,3,5,28,5
12345,2012-12-17,3,9,0,5,3,20,9
12346,2012-12-18,4,3,7,5,2,21,5
12347,2012-12-19,4,1,9,6,1,21,8
12348,2012-12-20,8,2,1,2,1,14,7
12349,2012-12-21,0,4,1,6,6,17,6
12350,2012-12-22,8,9,6,1,2,26,8
12351,2012-12-23,9,9,2,9,9,38,7
12352,2012-12-24,9,4,4,2,2,21,7
12353,2012-12-25,4,6,9,9,4,32,5
12354,2012-12-26,1,8,3,1,2,15,7
12355,2012-12-27,3,6,9,3,8,29,6
12356,2012-12-28,4,6,2,0,3,15,6
12357,2012-12-29,1,1,1,8,6,17,7
12358,2012-12-30,0,1,2,5,6,14,6
12359,2012-12-31,1,4,6,7,4,22,6
13001,2013-01-01,5,2,4,9,6,26,7
13002,2013-01-02,5,9,9,7,5,35,4
13003,2013-01-03,7,2,4,2,0,15,7
13004,2013-01-04,1,8,4,7,0,20,8
13005,2013-01-05,4,6,8,1,3,22,7
13006,2013-01-06,8,5,3,4,6,26,5
13007,2013-01-07,6,2,6,8,8,30,6
13008,2013-01-08,5,9,9,0,4,27,9
13009,2013-01-09,5,7,4,7,0,23,7
13010,2013-01-10,6,8,8,3,6,31,5
13011,2013-01-11,6,1,8,2,4,21,7
13012,2013-01-12,7,6,0,8,5,26,8
13013,2013-01-13,2,9,2,4,9,26,7
13014,2013-01-14,2,6,6,5,7,26,5
13015,2013-01-15,6,4,7,9,0,26,9
13016,2013-01-16,7,0,8,5,6,26,8
13017,2013-01-17,3,5,9,2,3,22,7
13018,2013-01-18,8,2,4,5,3,22,6
13019,2013-01-19,5,6,7,7,9,34,4
13020,2013-01-20,9,6,3,2,8,28,7
13021,2013-01-21,7,1,9,4,8,29,8
13022,2013-01-22,7,4,4,7,1,23,6
13023,2013-01-23,6,7,2,0,4,19,7
13024,2013-01-24,8,5,9,4,9,35,5
13025,2013-01-25,3,2,2,6,6,19,4
13026,2013-01-26,8,9,5,4,5,31,5
13027,2013-01-27,4,9,0,7,0,20,9
13028,2013-01-28,0,7,2,9,1,19,9
13029,2013-01-29,7,2,2,5,8,24,6
13030,2013-01-30,3,5,4,6,7,25,4
13031,2013-01-31,5,9,3,3,4,24,6
13032,2013-02-01,8,9,8,7,6,38,3
13033,2013-02-02,3,2,5,3,8,21,6
13034,2013-02-03,6,9,0,1,0,16,9
13035,2013-02-04,4,4,6,4,5,23,2
13036,2013-02-05,9,2,1,4,1,17,8
13037,2013-02-06,3,6,5,6,8,28,5
13038,2013-02-07,8,0,6,7,7,28,8
13039,2013-02-08,9,1,1,5,0,16,9
13040,2013-02-16,8,9,8,5,5,35,4
13041,2013-02-17,9,8,6,4,2,29,7
13042,2013-02-18,0,9,1,1,8,19,9
13043,2013-02-19,5,3,0,7,0,15,7
13044,2013-02-20,7,3,1,3,1,15,6
13045,2013-02-21,2,9,9,0,2,22,9
13046,2013-02-22,4,4,6,5,3,22,3
13047,2013-02-23,0,7,2,0,5,14,7
13048,2013-02-24,2,6,3,4,4,19,4
13049,2013-02-25,7,2,8,1,4,22,7
13050,2013-02-26,2,2,1,8,1,14,7
13051,2013-02-27,6,5,2,7,2,22,5
13052,2013-02-28,6,4,2,1,6,19,5
13053,2013-03-01,2,1,2,0,0,5,2
13054,2013-03-02,7,3,2,6,3,21,5
13055,2013-03-03,0,5,3,0,4,12,5
13056,2013-03-04,4,8,1,7,6,26,7
13057,2013-03-05,6,3,9,9,7,34,6
13058,2013-03-06,2,4,8,3,3,20,6
13059,2013-03-07,9,5,4,3,3,24,6
13060,2013-03-08,5,3,0,7,0,15,7
13061,2013-03-09,1,0,6,7,5,19,7
13062,2013-03-10,1,4,3,5,4,17,4
13063,2013-03-11,8,8,2,3,4,25,6
13064,2013-03-12,4,6,5,4,4,23,2
13065,2013-03-13,2,2,2,7,8,21,6
13066,2013-03-14,1,5,8,1,8,23,7
13067,2013-03-15,0,4,4,6,4,18,6
13068,2013-03-16,2,4,4,8,3,21,6
13069,2013-03-17,1,1,9,2,1,14,8
13070,2013-03-18,1,4,9,1,1,16,8
13071,2013-03-19,0,4,0,2,0,6,4
13072,2013-03-20,3,3,0,7,4,17,7
13073,2013-03-21,0,4,3,5,7,19,7
13074,2013-03-22,8,5,8,2,6,29,6
13075,2013-03-23,9,5,4,1,7,26,8
13076,2013-03-24,5,4,5,5,4,23,1
13077,2013-03-25,9,1,1,0,8,19,9
13078,2013-03-26,6,6,6,2,3,23,4
13079,2013-03-27,1,5,4,9,0,19,9
13080,2013-03-28,2,3,7,3,9,24,7
13081,2013-03-29,8,4,2,4,8,26,6
13082,2013-03-30,5,4,6,9,6,30,5
13083,2013-03-31,7,5,2,0,7,21,7
13084,2013-04-01,1,2,5,9,2,19,8
13085,2013-04-02,5,2,7,0,8,22,8
13086,2013-04-03,6,7,9,4,7,33,5
13087,2013-04-04,0,0,7,6,2,15,7
13088,2013-04-05,8,0,6,0,9,23,9
13089,2013-04-06,0,3,0,7,0,10,7
13090,2013-04-07,1,4,3,6,1,15,5
13091,2013-04-08,0,2,2,9,1,14,9
13092,2013-04-09,6,9,1,2,2,20,8
13093,2013-04-10,4,7,3,6,7,27,4
13094,2013-04-11,5,0,2,2,0,9,5
13095,2013-04-12,5,0,2,0,0,7,5
13096,2013-04-13,3,4,2,2,8,19,6
13097,2013-04-14,4,9,3,1,8,25,8
13098,2013-04-15,2,4,9,0,9,24,9
13099,2013-04-16,0,7,8,8,6,29,8
13100,2013-04-17,7,6,4,0,1,18,7
13101,2013-04-18,2,3,8,4,9,26,7
13102,2013-04-19,8,6,2,5,2,23,6
13103,2013-04-20,9,7,9,1,6,32,8
13104,2013-04-21,8,4,5,8,7,32,4
13105,2013-04-22,8,2,0,5,2,17,8
13106,2013-04-23,5,1,1,1,6,14,5
13107,2013-04-24,7,6,0,3,6,22,7
13108,2013-04-25,3,2,0,6,5,16,6
13109,2013-04-26,0,6,2,7,8,23,8
13110,2013-04-27,1,6,4,6,9,26,8
13111,2013-04-28,1,8,1,4,8,22,7
13112,2013-04-29,6,0,6,2,1,15,6
13113,2013-04-30,5,9,3,8,3,28,6
13114,2013-05-01,2,4,6,4,8,24,6
13115,2013-05-02,9,8,8,0,9,34,9
13116,2013-05-03,0,4,7,5,7,23,7
13117,2013-05-04,8,2,9,4,3,26,7
13118,2013-05-05,4,0,5,2,1,12,5
13119,2013-05-06,0,9,9,2,2,22,9
13120,2013-05-07,2,9,0,9,3,23,9
13121,2013-05-08,5,6,5,9,3,28,6
13122,2013-05-09,8,7,7,7,2,31,6
13123,2013-05-10,0,5,7,8,5,25,8
13124,2013-05-11,3,6,3,1,3,16,5
13125,2013-05-12,4,4,3,1,9,21,8
13126,2013-05-13,6,3,0,1,0,10,6
13127,2013-05-14,5,3,9,7,3,27,6
13128,2013-05-15,0,8,2,2,3,15,8
13129,2013-05-16,0,8,6,8,0,22,8
13130,2013-05-17,0,4,3,5,8,20,8
13131,2013-05-18,3,9,2,9,4,27,7
13132,2013-05-19,1,0,4,0,0,5,4
13133,2013-05-20,0,2,2,1,7,12,7
13134,2013-05-21,2,6,0,2,1,11,6
13135,2013-05-22,3,4,9,1,6,23,8
13136,2013-05-23,5,6,8,0,5,24,8
13137,2013-05-24,1,0,2,8,2,13,8
13138,2013-05-25,0,4,0,8,5,17,8
13139,2013-05-26,0,3,2,1,2,8,3
13140,2013-05-27,8,5,7,0,3,23,8
13141,2013-05-28,4,6,2,1,3,16,5
13142,2013-05-29,9,1,4,5,1,20,8
13143,2013-05-30,8,6,2,8,8,32,6
13144,2013-05-31,1,5,2,4,7,19,6
13145,2013-06-01,2,8,0,3,6,19,8
13146,2013-06-02,7,2,1,0,8,18,8
13147,2013-06-03,6,2,2,3,8,21,6
13148,2013-06-04,8,0,3,7,7,25,8
13149,2013-06-05,9,3,6,7,4,29,6
13150,2013-06-06,0,3,6,8,8,25,8
13151,2013-06-07,8,7,6,0,3,24,8
13152,2013-06-08,4,3,8,2,4,21,6
13153,2013-06-09,2,7,0,0,9,18,9
13154,2013-06-10,9,5,4,3,9,30,6
13155,2013-06-11,0,9,6,4,5,24,9
13156,2013-06-12,1,2,8,9,3,23,8
13157,2013-06-13,5,8,8,9,9,39,4
13158,2013-06-14,4,7,0,0,0,11,7
13159,2013-06-15,5,5,4,0,6,20,6
13160,2013-06-16,0,3,6,5,7,21,7
13161,2013-06-17,1,3,3,5,9,21,8
13162,2013-06-18,1,9,9,5,9,33,8
13163,2013-06-19,1,4,2,6,7,20,6
13164,2013-06-20,9,5,1,4,8,27,8
13165,2013-06-21,5,8,1,9,1,24,8
13166,2013-06-22,4,4,4,1,1,14,3
13167,2013-06-23,3,4,1,8,1,17,7
13168,2013-06-24,8,4,4,8,9,33,5
13169,2013-06-25,2,7,3,2,0,14,7
13170,2013-06-26,4,7,8,2,0,21,8
13171,2013-06-27,0,2,7,3,0,12,7
13172,2013-06-28,2,1,9,9,6,27,8
13173,2013-06-29,3,8,4,0,7,22,8
13174,2013-06-30,2,6,1,0,4,13,6
13175,2013-07-01,6,5,2,2,9,24,7
13176,2013-07-02,6,4,1,0,4,15,6
13177,2013-07-03,3,9,6,9,2,29,7
13178,2013-07-04,6,2,4,8,0,20,8
13179,2013-07-05,5,1,1,3,0,10,5
13180,2013-07-06,6,6,9,9,3,33,6
13181,2013-07-07,1,5,3,6,2,17,5
13182,2013-07-08,6,5,8,9,5,33,4
13183,2013-07-09,4,5,2,0,8,19,8
13184,2013-07-10,8,2,9,0,5,24,9
13185,2013-07-11,2,8,6,3,7,26,6
13186,2013-07-12,5,9,2,5,5,26,7
13187,2013-07-13,2,6,6,6,4,24,4
13188,2013-07-14,6,5,4,4,3,22,3
13189,2013-07-15,2,9,5,7,6,29,7
13190,2013-07-16,1,5,7,0,5,18,7
13191,2013-07-17,4,7,3,4,4,22,4
13192,2013-07-18,5,5,6,6,5,27,1
13193,2013-07-19,7,7,5,4,5,28,3
13194,2013-07-20,5,0,8,2,3,18,8
13195,2013-07-21,5,0,0,9,8,22,9
13196,2013-07-22,6,6,6,8,9,35,3
13197,2013-07-23,2,8,0,4,1,15,8
13198,2013-07-24,5,5,3,6,7,26,4
13199,2013-07-25,6,6,1,2,7,22,6
13200,2013-07-26,4,6,8,8,8,34,4
13201,2013-07-27,2,2,8,4,7,23,6
13202,2013-07-28,1,3,7,0,8,19,8
13203,2013-07-29,0,3,1,8,3,15,8
13204,2013-07-30,4,9,9,4,0,26,9
13205,2013-07-31,8,4,3,0,3,18,8
13206,2013-08-01,1,7,3,8,5,24,7
13207,2013-08-02,9,5,9,8,0,31,9
13208,2013-08-03,4,2,1,9,9,25,8
13209,2013-08-04,5,6,2,5,1,19,5
13210,2013-08-05,5,3,9,0,4,21,9
13211,2013-08-06,7,3,4,0,0,14,7
13212,2013-08-07,1,4,3,4,1,13,3
13213,2013-08-08,3,3,8,8,0,22,8
13214,2013-08-09,7,7,9,8,8,39,2
13215,2013-08-10,5,4,1,3,5,18,4
13216,2013-08-11,0,0,5,6,2,13,6
13217,2013-08-12,8,9,8,5,8,38,4
13218,2013-08-13,1,4,7,8,2,22,7
13219,2013-08-14,5,2,7,9,3,26,7
13220,2013-08-15,3,0,0,3,1,7,3
13221,2013-08-16,6,0,9,5,6,26,9
13222,2013-08-17,6,0,5,6,2,19,6
13223,2013-08-18,5,7,1,0,2,15,7
13224,2013-08-19,0,0,0,0,9,9,9
13225,2013-08-20,9,5,2,2,1,19,8
13226,2013-08-21,0,8,3,8,2,21,8
13227,2013-08-22,5,5,9,0,3,22,9
13228,2013-08-23,7,5,6,6,8,32,3
13229,2013-08-24,2,9,0,6,7,24,9
13230,2013-08-25,4,5,2,6,2,19,4
13231,2013-08-26,0,5,9,3,5,22,9
13232,2013-08-27,6,4,7,9,5,31,5
13233,2013-08-28,4,2,2,0,3,11,4
13234,2013-08-29,5,6,5,1,1,18,5
13235,2013-08-30,9,0,9,8,4,30,9
13236,2013-08-31,5,5,7,8,0,25,8
13237,2013-09-01,6,8,2,6,3,25,6
13238,2013-09-02,6,9,5,7,8,35,4
13239,2013-09-03,6,9,2,6,0,23,9
13240,2013-09-04,7,5,1,0,8,21,8
13241,2013-09-05,8,6,6,8,6,34,2
13242,2013-09-06,5,1,1,2,4,13,4
13243,2013-09-07,4,8,1,8,9,30,8
13244,2013-09-08,6,4,2,4,7,23,5
13245,2013-09-09,3,0,4,3,7,17,7
13246,2013-09-10,2,7,4,5,5,23,5
13247,2013-09-11,6,7,3,0,8,24,8
13248,2013-09-12,4,7,7,7,3,28,4
13249,2013-09-13,6,9,0,5,5,25,9
13250,2013-09-14,7,1,4,2,3,17,6
13251,2013-09-15,6,5,9,1,3,24,8
13252,2013-09-16,9,7,8,2,4,30,7
13253,2013-09-17,6,8,7,5,6,32,3
13254,2013-09-18,8,3,8,9,8,36,6
13255,2013-09-19,0,1,5,5,1,12,5
13256,2013-09-20,2,8,6,7,0,23,8
13257,2013-09-21,6,2,7,6,2,23,5
13258,2013-09-22,9,3,0,7,3,22,9
13259,2013-09-23,0,4,4,2,0,10,4
13260,2013-09-24,8,5,4,2,4,23,6
13261,2013-09-25,5,6,3,4,8,26,5
13262,2013-09-26,4,3,3,2,0,12,4
13263,2013-09-27,5,2,1,9,4,21,8
13264,2013-09-28,0,3,5,3,6,17,6
13265,2013-09-29,8,2,1,3,4,18,7
13266,2013-09-30,9,2,6,2,9,28,7
13267,2013-10-01,9,1,5,0,3,18,9
13268,2013-10-02,8,3,1,2,1,15,7
13269,2013-10-03,3,0,5,7,8,23,8
13270,2013-10-04,2,5,3,9,2,21,7
13271,2013-10-05,7,9,1,6,9,32,8
13272,2013-10-06,6,9,0,8,6,29,9
13273,2013-10-07,4,1,8,6,5,24,7
13274,2013-10-08,6,9,5,8,0,28,9
13275,2013-10-09,1,6,5,1,0,13,6
13276,2013-10-10,8,4,5,5,5,27,4
13277,2013-10-11,4,5,3,8,7,27,5
13278,2013-10-12,3,9,3,8,3,26,6
13279,2013-10-13,9,0,0,6,3,18,9
13280,2013-10-14,5,7,5,0,8,25,8
13281,2013-10-15,9,9,7,5,9,39,4
13282,2013-10-16,9,0,1,1,2,13,9
13283,2013-10-17,3,1,4,3,1,12,3
13284,2013-10-18,8,5,4,8,8,33,4
13285,2013-10-19,5,7,1,5,6,24,6
13286,2013-10-20,2,4,7,5,4,22,5
13287,2013-10-21,9,0,9,7,3,28,9
13288,2013-10-22,9,2,6,8,8,33,7
13289,2013-10-23,6,0,7,7,4,24,7
13290,2013-10-24,6,6,3,0,0,15,6
13291,2013-10-25,5,5,6,6,4,26,2
13292,2013-10-26,9,4,9,4,2,28,7
13293,2013-10-27,4,2,1,8,6,21,7
13294,2013-10-28,7,3,2,6,1,19,6
13295,2013-10-29,8,2,0,5,3,18,8
13296,2013-10-30,5,5,7,1,2,20,6
13297,2013-10-31,3,8,9,9,5,34,6
13298,2013-11-01,3,3,7,5,3,21,4
13299,2013-11-02,0,8,7,6,6,27,8
13300,2013-11-03,1,9,2,4,1,17,8
13301,2013-11-04,3,7,6,4,1,21,6
13302,2013-11-05,3,1,6,0,1,11,6
13303,2013-11-06,8,2,0,0,2,12,8
13304,2013-11-07,0,1,4,8,4,17,8
13305,2013-11-08,2,3,8,1,7,21,7
13306,2013-11-09,1,2,0,6,5,14,6
13307,2013-11-10,5,9,8,8,1,31,8
13308,2013-11-11,2,5,7,3,1,18,6
13309,2013-11-12,3,0,8,9,4,24,9
13310,2013-11-13,8,7,3,7,3,28,5
13311,2013-11-14,6,9,4,2,0,21,9
13312,2013-11-15,4,6,9,6,1,26,8
13313,2013-11-16,7,1,3,4,8,23,7
13314,2013-11-17,7,0,0,7,7,21,7
13315,2013-11-18,4,9,7,9,9,38,5
13316,2013-11-19,8,3,2,4,0,17,8
13317,2013-11-20,4,5,5,2,1,17,4
13318,2013-11-21,7,8,0,0,5,20,8
13319,2013-11-22,9,1,8,3,0,21,9
13320,2013-11-23,3,8,8,7,4,30,5
13321,2013-11-24,8,0,0,9,0,17,9
13322,2013-11-25,1,5,7,9,7,29,8
13323,2013-11-26,5,2,5,7,2,21,5
13324,2013-11-27,1,6,9,6,6,28,8
13325,2013-11-28,7,7,5,9,3,31,6
13326,2013-11-29,3,3,1,0,9,16,9
13327,2013-11-30,7,7,5,1,5,25,6
13328,2013-12-01,9,0,1,9,2,21,9
13329,2013-12-02,3,5,8,1,9,26,8
13330,2013-12-03,8,9,3,5,5,30,6
13331,2013-12-04,1,8,9,4,4,26,8
13332,2013-12-05,7,2,6,6,7,28,5
13333,2013-12-06,6,6,5,1,9,27,8
13334,2013-12-07,4,3,9,4,5,25,6
13335,2013-12-08,8,5,2,2,8,25,6
13336,2013-12-09,1,6,6,8,1,22,7
13337,2013-12-10,3,2,6,5,2,18,4
13338,2013-12-11,5,4,9,2,6,26,7
13339,2013-12-12,9,5,8,3,9,34,6
13340,2013-12-13,4,1,4,0,5,14,5
13341,2013-12-14,1,5,6,4,1,17,5
13342,2013-12-15,2,5,4,0,4,15,5
13343,2013-12-16,6,6,1,5,9,27,8
13344,2013-12-17,1,1,0,0,6,8,6
13345,2013-12-18,0,6,7,8,8,29,8
13346,2013-12-19,7,6,7,4,6,30,3
13347,2013-12-20,7,9,7,1,0,24,9
13348,2013-12-21,5,6,6,6,1,24,5
13349,2013-12-22,8,3,3,7,6,27,5
13350,2013-12-23,0,5,2,1,1,9,5
13351,2013-12-24,2,1,1,7,8,19,7
13352,2013-12-25,4,5,4,2,8,23,6
13353,2013-12-26,5,8,9,4,4,30,5
13354,2013-12-27,9,9,7,9,7,41,2
13355,2013-12-28,0,3,0,9,1,13,9
13356,2013-12-29,8,0,0,5,7,20,8
13357,2013-12-30,1,5,4,7,4,21,6
13358,2013-12-31,9,8,8,0,2,27,9
14001,2014-01-01,9,6,3,4,9,31,6
14002,2014-01-02,3,7,5,9,1,25,8
14003,2014-01-03,6,1,2,9,9,27,8
14004,2014-01-04,9,2,9,0,9,29,9
14005,2014-01-05,1,2,1,5,4,13,4
14006,2014-01-06,3,4,4,5,9,25,6
14007,2014-01-07,4,2,4,8,0,18,8
14008,2014-01-08,1,3,4,7,5,20,6
14009,2014-01-09,6,1,8,5,6,26,7
14010,2014-01-10,4,1,6,4,2,17,5
14011,2014-01-11,5,3,7,3,3,21,4
14012,2014-01-12,9,0,2,3,9,23,9
14013,2014-01-13,6,0,0,8,7,21,8
14014,2014-01-14,5,3,5,0,9,22,9
14015,2014-01-15,1,7,5,0,8,21,8
14016,2014-01-16,9,8,2,4,3,26,7
14017,2014-01-17,0,7,1,5,4,17,7
14018,2014-01-18,0,2,1,6,8,17,8
14019,2014-01-19,4,3,0,7,3,17,7
14020,2014-01-20,1,8,2,0,2,13,8
14021,2014-01-21,3,5,4,6,0,18,6
14022,2014-01-22,6,0,3,4,4,17,6
14023,2014-01-23,6,4,9,8,1,28,8
14024,2014-01-24,2,2,4,8,3,19,6
14025,2014-01-25,2,0,7,4,7,20,7
14026,2014-01-26,1,0,7,4,7,19,7
14027,2014-01-27,7,2,7,1,8,25,7
14028,2014-01-28,4,4,0,1,2,11,4
14029,2014-01-29,6,0,5,7,8,26,8
14030,2014-02-07,4,0,5,8,4,21,8
14031,2014-02-08,8,9,1,8,4,30,8
14032,2014-02-09,2,6,6,6,9,29,7
14033,2014-02-10,9,4,9,1,9,32,8
14034,2014-02-11,5,1,8,6,6,26,7
14035,2014-02-12,4,6,7,0,4,21,7
14036,2014-02-13,1,0,4,5,0,10,5
14037,2014-02-14,1,8,5,7,1,22,7
14038,2014-02-15,2,9,1,5,9,26,8
14039,2014-02-16,9,2,2,2,8,23,7
14040,2014-02-17,9,0,1,8,9,27,9
14041,2014-02-18,7,2,5,4,7,25,5
14042,2014-02-19,3,6,3,8,3,23,5
14043,2014-02-20,5,0,1,0,4,10,5
14044,2014-02-21,3,5,4,2,8,22,6
14045,2014-02-22,7,4,7,2,9,29,7
14046,2014-02-23,5,8,4,2,1,20,7
14047,2014-02-24,8,9,8,6,9,40,3
14048,2014-02-25,8,6,1,1,5,21,7
14049,2014-02-26,9,0,8,9,4,30,9
14050,2014-02-27,4,2,4,3,9,22,7
14051,2014-02-28,5,3,6,4,2,20,4
14052,2014-03-01,0,3,2,5,7,17,7
14053,2014-03-02,8,1,2,3,6,20,7
14054,2014-03-03,7,2,5,8,2,24,6
14055,2014-03-04,8,0,7,3,7,25,8
14056,2014-03-05,6,7,8,2,9,32,7
14057,2014-03-06,5,0,1,5,9,20,9
14058,2014-03-07,3,2,2,6,9,22,7
14059,2014-03-08,4,2,9,4,0,19,9
14060,2014-03-09,9,3,2,3,8,25,7
14061,2014-03-10,2,2,5,0,5,14,5
14062,2014-03-11,3,8,2,3,2,18,6
14063,2014-03-12,4,7,8,2,8,29,6
14064,2014-03-13,2,1,8,1,4,16,7
14065,2014-03-14,2,9,0,3,1,15,9
14066,2014-03-15,0,0,3,3,4,10,4
14067,2014-03-16,3,1,8,0,3,15,8
14068,2014-03-17,1,0,2,3,8,14,8
14069,2014-03-18,0,6,4,4,0,14,6
14070,2014-03-19,1,1,9,2,1,14,8
14071,2014-03-20,2,9,2,4,0,17,9
14072,2014-03-21,4,8,8,7,4,31,4
14073,2014-03-22,0,4,2,6,8,20,8
14074,2014-03-23,5,0,0,0,1,6,5
14075,2014-03-24,4,1,4,7,5,21,6
14076,2014-03-25,3,8,2,7,0,20,8
14077,2014-03-26,7,4,7,6,5,29,3
14078,2014-03-27,4,6,7,6,1,24,6
14079,2014-03-28,7,9,4,1,9,30,8
14080,2014-03-29,5,8,7,4,6,30,4
14081,2014-03-30,2,0,6,3,9,20,9
14082,2014-03-31,3,2,4,1,8,18,7
14083,2014-04-01,0,9,3,2,1,15,9
14084,2014-04-02,9,8,7,0,3,27,9
14085,2014-04-03,2,4,3,1,5,15,4
14086,2014-04-04,7,9,5,2,5,28,7
14087,2014-04-05,8,4,4,1,9,26,8
14088,2014-04-06,5,7,1,9,4,26,8
14089,2014-04-07,6,6,0,9,3,24,9
14090,2014-04-08,8,3,8,9,6,34,6
14091,2014-04-09,4,9,6,7,9,35,5
14092,2014-04-10,5,0,8,3,8,24,8
14093,2014-04-11,1,9,6,1,0,17,9
14094,2014-04-12,1,8,9,1,9,28,8
14095,2014-04-13,7,7,5,7,3,29,4
14096,2014-04-14,2,1,6,4,3,16,5
14097,2014-04-15,7,7,4,7,5,30,3
14098,2014-04-16,1,3,9,4,8,25,8
14099,2014-04-17,4,6,4,4,5,23,2
14100,2014-04-18,2,6,9,5,2,24,7
14101,2014-04-19,1,0,9,9,4,23,9
14102,2014-04-20,7,5,0,9,4,25,9
14103,2014-04-21,8,3,2,4,2,19,6
14104,2014-04-22,5,7,6,2,0,20,7
14105,2014-04-23,4,9,0,3,1,17,9
14106,2014-04-24,0,8,2,1,0,11,8
14107,2014-04-25,6,3,9,2,9,29,7
14108,2014-04-26,1,6,8,5,1,21,7
14109,2014-04-27,6,5,2,9,0,22,9
14110,2014-04-28,4,7,5,5,0,21,7
14111,2014-04-29,9,0,5,4,3,21,9
14112,2014-04-30,0,1,3,9,1,14,9
14113,2014-05-01,7,5,8,4,0,24,8
14114,2014-05-02,2,1,4,3,3,13,3
14115,2014-05-03,1,6,5,7,4,23,6
14116,2014-05-04,9,0,6,3,1,19,9
14117,2014-05-05,8,9,5,1,8,31,8
14118,2014-05-06,1,9,4,3,8,25,8
14119,2014-05-07,9,0,4,9,5,27,9
14120,2014-05-08,2,4,4,4,6,20,4
14121,2014-05-09,5,8,0,7,1,21,8
14122,2014-05-10,2,0,3,9,6,20,9
14123,2014-05-11,8,3,1,7,2,21,7
14124,2014-05-12,3,9,5,8,2,27,7
14125,2014-05-13,1,4,7,4,0,16,7
14126,2014-05-14,8,4,8,4,2,26,6
14127,2014-05-15,2,2,7,8,8,27,6
14128,2014-05-16,2,1,5,1,3,12,4
14129,2014-05-17,0,8,8,4,8,28,8
14130,2014-05-18,0,1,4,2,4,11,4
14131,2014-05-19,5,9,4,1,7,26,8
14132,2014-05-20,3,5,1,6,5,20,5
14133,2014-05-21,0,0,6,2,9,17,9
14134,2014-05-22,6,3,3,1,7,20,6
14135,2014-05-23,1,4,4,6,5,20,5
14136,2014-05-24,2,6,8,3,4,23,6
14137,2014-05-25,5,5,8,2,6,26,6
14138,2014-05-26,3,8,7,5,1,24,7
14139,2014-05-27,1,3,8,8,4,24,7
14140,2014-05-28,7,6,6,3,2,24,5
14141,2014-05-29,8,1,0,2,1,12,8
14142,2014-05-30,6,5,6,4,0,21,6
14143,2014-05-31,6,7,5,8,6,32,3
14144,2014-06-01,8,6,5,7,1,27,7
14145,2014-06-02,4,1,5,3,8,21,7
14146,2014-06-03,8,1,8,8,1,26,7
14147,2014-06-04,1,4,2,8,4,19,7
14148,2014-06-05,2,9,5,0,8,24,9
14149,2014-06-06,6,8,9,7,1,31,8
14150,2014-06-07,0,2,8,0,2,12,8
14151,2014-06-08,9,8,7,2,1,27,8
14152,2014-06-09,0,2,8,0,6,16,8
14153,2014-06-10,3,0,8,9,0,20,9
14154,2014-06-11,2,6,8,9,2,27,7
14155,2014-06-12,2,1,3,4,1,11,3
14156,2014-06-13,1,5,9,8,5,28,8
14157,2014-06-14,0,7,9,9,0,25,9
14158,2014-06-15,3,7,0,9,2,21,9
14159,2014-06-16,0,9,0,6,0,15,9
14160,2014-06-17,9,2,8,5,2,26,7
14161,2014-06-18,5,5,0,9,4,23,9
14162,2014-06-19,7,2,9,1,9,28,8
14163,2014-06-20,3,0,2,8,3,16,8
14164,2014-06-21,9,9,3,4,9,34,6
14165,2014-06-22,1,5,2,9,0,17,9
14166,2014-06-23,0,9,9,3,3,24,9
14167,2014-06-24,7,6,5,0,7,25,7
14168,2014-06-25,1,9,8,6,3,27,8
14169,2014-06-26,1,0,4,6,2,13,6
14170,2014-06-27,2,5,7,4,7,25,5
14171,2014-06-28,6,3,0,9,1,19,9
14172,2014-06-29,9,5,9,8,1,32,8
14173,2014-06-30,8,8,8,8,7,39,1
14174,2014-07-01,4,0,9,7,5,25,9
14175,2014-07-02,6,9,1,0,9,25,9
14176,2014-07-03,0,3,4,6,4,17,6
14177,2014-07-04,5,8,0,4,3,20,8
14178,2014-07-05,9,0,9,1,1,20,9
14179,2014-07-06,2,6,4,9,9,30,7
14180,2014-07-07,7,5,9,1,4,26,8
14181,2014-07-08,7,2,7,5,9,30,7
14182,2014-07-09,7,5,3,8,0,23,8
14183,2014-07-10,7,7,4,9,6,33,5
14184,2014-07-11,5,2,3,3,5,18,3
14185,2014-07-12,4,5,2,5,1,17,4
14186,2014-07-13,6,0,5,7,2,20,7
14187,2014-07-14,3,2,6,5,8,24,6
14188,2014-07-15,3,0,2,2,1,8,3
14189,2014-07-16,5,5,0,3,7,20,7
14190,2014-07-17,5,3,7,6,6,27,4
14191,2014-07-18,7,5,7,0,5,24,7
14192,2014-07-19,5,3,9,1,5,23,8
14193,2014-07-20,5,1,3,6,6,21,5
14194,2014-07-21,0,4,6,4,8,22,8
14195,2014-07-22,8,4,0,6,8,26,8
14196,2014-07-23,4,6,0,1,8,19,8
14197,2014-07-24,9,7,4,2,8,30,7
14198,2014-07-25,8,9,3,8,8,36,6
14199,2014-07-26,2,5,1,3,7,18,6
14200,2014-07-27,0,2,5,7,4,18,7
14201,2014-07-28,8,3,4,7,3,25,5
14202,2014-07-29,4,7,5,5,3,24,4
14203,2014-07-30,4,1,1,8,3,17,7
14204,2014-07-31,5,6,4,7,4,26,3
14205,2014-08-01,9,0,7,7,3,26,9
14206,2014-08-02,9,0,6,4,8,27,9
14207,2014-08-03,1,4,7,3,2,17,6
14208,2014-08-04,7,7,8,8,9,39,2
14209,2014-08-05,7,1,2,2,0,12,7
14210,2014-08-06,4,0,5,8,5,22,8
14211,2014-08-07,2,0,5,7,4,18,7
14212,2014-08-08,0,5,6,1,0,12,6
14213,2014-08-09,7,7,5,9,5,33,4
14214,2014-08-10,2,1,4,3,0,10,4
14215,2014-08-11,6,0,9,8,1,24,9
14216,2014-08-12,0,3,3,3,4,13,4
14217,2014-08-13,1,3,7,7,1,19,6
14218,2014-08-14,8,0,8,8,3,27,8
14219,2014-08-15,2,9,5,1,1,18,8
14220,2014-08-16,4,4,9,1,9,27,8
14221,2014-08-17,2,7,2,3,7,21,5
14222,2014-08-18,5,0,4,5,2,16,5
14223,2014-08-19,8,0,4,5,5,22,8
14224,2014-08-20,6,9,6,7,3,31,6
14225,2014-08-21,7,9,2,1,7,26,8
14226,2014-08-22,1,9,3,6,8,27,8
14227,2014-08-23,3,2,6,7,4,22,5
14228,2014-08-24,2,4,3,4,6,19,4
14229,2014-08-25,4,7,4,5,8,28,4
14230,2014-08-26,0,8,3,0,5,16,8
14231,2014-08-27,4,6,3,2,6,21,4
14232,2014-08-28,6,1,4,6,0,17,6
14233,2014-08-29,9,2,1,6,9,27,8
14234,2014-08-30,0,7,1,3,7,18,7
14235,2014-08-31,7,4,8,0,2,21,8
14236,2014-09-01,8,4,1,4,6,23,7
14237,2014-09-02,6,8,5,8,6,33,3
14238,2014-09-03,4,1,9,7,7,28,8
14239,2014-09-04,7,2,4,7,7,27,5
14240,2014-09-05,8,6,4,5,7,30,4
14241,2014-09-06,8,5,8,5,9,35,4
14242,2014-09-07,2,4,5,4,0,15,5
14243,2014-09-08,7,9,9,0,3,28,9
14244,2014-09-09,3,0,2,1,8,14,8
14245,2014-09-10,6,1,9,2,3,21,8
14246,2014-09-11,2,2,2,3,3,12,1
14247,2014-09-12,2,2,9,1,2,16,8
14248,2014-09-13,4,4,1,2,6,17,5
14249,2014-09-14,8,1,0,8,3,20,8
14250,2014-09-15,1,7,7,3,9,27,8
14251,2014-09-16,4,2,1,4,2,13,3
14252,2014-09-17,5,5,7,8,2,27,6
14253,2014-09-18,4,4,1,3,0,12,4
14254,2014-09-19,9,2,4,7,1,23,8
14255,2014-09-20,6,9,1,4,3,23,8
14256,2014-09-21,7,7,1,4,0,19,7
14257,2014-09-22,6,6,6,0,4,22,6
14258,2014-09-23,4,5,2,3,3,17,3
14259,2014-09-24,1,1,0,4,4,10,4
14260,2014-09-25,3,6,6,7,7,29,4
14261,2014-09-26,4,1,2,6,2,15,5
14262,2014-09-27,2,1,9,2,0,14,9
14263,2014-09-28,8,5,7,5,2,27,6
14264,2014-09-29,1,0,7,5,5,18,7
14265,2014-09-30,4,5,9,2,5,25,7
14266,2014-10-01,5,0,6,9,5,25,9
14267,2014-10-02,1,4,9,3,5,22,8
14268,2014-10-03,7,4,0,6,7,24,7
14269,2014-10-04,0,3,2,5,6,16,6
14270,2014-10-05,6,5,8,5,5,29,3
14271,2014-10-06,7,7,0,5,7,26,7
14272,2014-10-07,4,1,7,3,3,18,6
14273,2014-10-08,5,8,5,3,2,23,6
14274,2014-10-09,4,7,5,3,2,21,5
14275,2014-10-10,2,8,6,1,3,20,7
14276,2014-10-11,4,9,7,2,7,29,7
14277,2014-10-12,5,1,3,3,1,13,4
14278,2014-10-13,7,3,9,4,7,30,6
14279,2014-10-14,5,9,2,9,9,34,7
14280,2014-10-15,1,3,1,7,4,16,6
14281,2014-10-16,7,9,4,4,6,30,5
14282,2014-10-17,5,9,0,7,4,25,9
14283,2014-10-18,3,4,3,9,2,21,7
14284,2014-10-19,0,1,8,6,5,20,8
14285,2014-10-20,8,2,6,4,4,24,6
14286,2014-10-21,9,8,8,0,0,25,9
14287,2014-10-22,2,7,5,9,5,28,7
14288,2014-10-23,2,4,5,2,9,22,7
14289,2014-10-24,0,4,8,4,5,21,8
14290,2014-10-25,4,3,3,2,7,19,5
14291,2014-10-26,4,8,8,0,7,27,8
14292,2014-10-27,8,4,1,8,2,23,7
14293,2014-10-28,3,5,9,9,5,31,6
14294,2014-10-29,8,1,5,6,2,22,7
14295,2014-10-30,7,9,4,6,9,35,5
14296,2014-10-31,3,9,9,7,9,37,6
14297,2014-11-01,8,8,8,1,1,26,7
14298,2014-11-02,2,8,0,5,2,17,8
14299,2014-11-03,5,3,2,5,3,18,3
14300,2014-11-04,2,9,0,1,7,19,9
14301,2014-11-05,5,2,4,2,2,15,3
14302,2014-11-06,8,6,2,5,3,24,6
14303,2014-11-07,0,7,8,1,5,21,8
14304,2014-11-08,7,5,0,2,5,19,7
14305,2014-11-09,0,0,4,8,7,19,8
14306,2014-11-10,1,3,1,0,6,11,6
14307,2014-11-11,2,9,6,3,9,29,7
14308,2014-11-12,1,8,0,9,1,19,9
14309,2014-11-13,3,8,2,8,8,29,6
14310,2014-11-14,4,8,9,1,8,30,8
14311,2014-11-15,2,9,6,8,1,26,8
14312,2014-11-16,3,7,7,5,5,27,4
14313,2014-11-17,4,0,2,0,3,9,4
14314,2014-11-18,7,9,5,3,3,27,6
14315,2014-11-19,1,5,3,4,2,15,4
14316,2014-11-20,3,7,1,5,9,25,8
14317,2014-11-21,0,5,9,1,1,16,9
14318,2014-11-22,5,9,4,5,1,24,8
14319,2014-11-23,6,9,6,5,7,33,4
14320,2014-11-24,2,3,6,0,7,18,7
14321,2014-11-25,6,5,2,9,7,29,7
14322,2014-11-26,9,6,9,8,3,35,6
14323,2014-11-27,8,2,6,1,2,19,7
14324,2014-11-28,5,8,9,1,8,31,8
14325,2014-11-29,0,3,7,6,6,22,7
14326,2014-11-30,8,8,1,5,3,25,7
14327,2014-12-01,3,5,4,4,3,19,2
14328,2014-12-02,5,4,3,2,0,14,5
14329,2014-12-03,3,5,9,7,6,30,6
14330,2014-12-04,7,8,0,0,6,21,8
14331,2014-12-05,7,1,3,5,0,16,7
14332,2014-12-06,6,6,6,9,2,29,7
14333,2014-12-07,6,9,5,6,4,30,5
14334,2014-12-08,3,9,4,4,0,20,9
14335,2014-12-09,9,0,1,2,8,20,9
14336,2014-12-10,7,5,3,5,6,26,4
14337,2014-12-11,6,6,2,2,2,18,4
14338,2014-12-12,3,9,8,5,0,25,9
14339,2014-12-13,5,8,9,8,9,39,4
14340,2014-12-14,1,2,9,2,3,17,8
14341,2014-12-15,7,1,1,7,3,19,6
14342,2014-12-16,9,7,6,8,9,39,3
14343,2014-12-17,6,8,7,8,6,35,2
14344,2014-12-18,0,9,7,4,2,22,9
14345,2014-12-19,5,1,2,4,9,21,8
14346,2014-12-20,2,0,4,4,4,14,4
14347,2014-12-21,9,8,2,3,1,23,8
14348,2014-12-22,1,6,8,4,8,27,7
14349,2014-12-23,6,6,1,6,2,21,5
14350,2014-12-24,2,6,6,5,7,26,5
14351,2014-12-25,6,8,8,4,7,33,4
14352,2014-12-26,0,6,0,0,8,14,8
14353,2014-12-27,3,5,5,6,5,24,3
14354,2014-12-28,0,6,9,5,8,28,9
14355,2014-12-29,9,5,0,0,0,14,9
14356,2014-12-30,7,8,6,8,9,38,3
14357,2014-12-31,3,6,2,8,5,24,6
15001,2015-01-01,3,9,7,4,0,23,9
15002,2015-01-02,7,4,9,8,4,32,5
15003,2015-01-03,5,2,4,7,2,20,5
15004,2015-01-04,1,4,2,8,2,17,7
15005,2015-01-05,6,9,3,9,6,33,6
15006,2015-01-06,9,4,7,8,6,34,5
15007,2015-01-07,0,3,9,3,3,18,9
15008,2015-01-08,6,1,3,8,2,20,7
15009,2015-01-09,5,7,4,9,1,26,8
15010,2015-01-10,8,6,2,2,6,24,6
15011,2015-01-11,3,1,8,2,6,20,7
15012,2015-01-12,8,6,4,9,6,33,5
15013,2015-01-13,4,1,2,0,7,14,7
15014,2015-01-14,4,0,3,7,2,16,7
15015,2015-01-15,8,4,5,4,1,22,7
15016,2015-01-16,2,9,0,8,4,23,9
15017,2015-01-17,8,8,0,0,5,21,8
15018,2015-01-18,8,3,1,1,6,19,7
15019,2015-01-19,9,1,4,8,6,28,8
15020,2015-01-20,2,1,6,6,2,17,5
15021,2015-01-21,3,3,9,5,2,22,7
15022,2015-01-22,7,5,8,9,4,33,5
15023,2015-01-23,4,9,6,8,4,31,5
15024,2015-01-24,6,0,6,1,0,13,6
15025,2015-01-25,3,8,1,1,9,22,8
15026,2015-01-26,8,3,3,2,7,23,6
15027,2015-01-27,2,8,1,1,8,20,7
15028,2015-01-28,3,5,7,4,4,23,4
15029,2015-01-29,9,2,7,5,9,32,7
15030,2015-01-30,8,2,0,6,4,20,8
15031,2015-01-31,5,2,4,3,0,14,5
15032,2015-02-01,4,1,3,4,3,15,3
15033,2015-02-02,9,8,6,3,7,33,6
15034,2015-02-03,0,4,9,3,5,21,9
15035,2015-02-04,6,7,4,5,3,25,4
15036,2015-02-05,8,7,1,1,5,22,7
15037,2015-02-06,1,5,1,9,6,22,8
15038,2015-02-07,9,2,2,3,1,17,8
15039,2015-02-08,5,4,8,5,8,30,4
15040,2015-02-09,4,6,6,9,7,32,5
15041,2015-02-10,5,3,8,4,2,22,6
15042,2015-02-11,2,3,2,7,1,15,6
15043,2015-02-12,7,5,1,3,5,21,6
15044,2015-02-13,7,2,5,4,5,23,5
15045,2015-02-14,5,7,7,0,9,28,9
15046,2015-02-15,3,0,5,3,3,14,5
15047,2015-02-16,8,0,0,4,5,17,8
15048,2015-02-17,0,8,5,2,9,24,9
15049,2015-02-25,2,5,1,4,6,18,5
15050,2015-02-26,0,3,9,1,9,22,9
15051,2015-02-27,9,5,1,7,9,31,8
15052,2015-02-28,5,9,8,1,1,24,8
15053,2015-03-01,7,4,7,1,9,28,8
15054,2015-03-02,0,6,3,3,3,15,6
15055,2015-03-03,9,6,9,9,6,39,3
15056,2015-03-04,8,1,3,0,7,19,8
15057,2015-03-05,7,7,9,6,0,29,9
15058,2015-03-06,8,8,9,2,9,36,7
15059,2015-03-07,0,2,4,5,5,16,5
15060,2015-03-08,4,4,7,2,7,24,5
15061,2015-03-09,9,1,8,1,6,25,8
15062,2015-03-10,0,6,8,5,7,26,8
15063,2015-03-11,1,3,8,5,3,20,7
15064,2015-03-12,5,2,7,5,8,27,6
15065,2015-03-13,6,9,6,2,6,29,7
15066,2015-03-14,2,0,8,2,7,19,8
15067,2015-03-15,7,1,8,5,7,28,7
15068,2015-03-16,5,5,9,7,1,27,8
15069,2015-03-17,9,8,6,1,8,32,8
15070,2015-03-18,4,1,8,7,6,26,7
15071,2015-03-19,7,5,9,0,9,30,9
15072,2015-03-20,7,9,3,4,6,29,6
15073,2015-03-21,9,4,2,1,0,16,9
15074,2015-03-22,4,4,1,6,2,17,5
15075,2015-03-23,4,2,3,0,1,10,4
15076,2015-03-24,9,3,7,6,1,26,8
15077,2015-03-25,9,6,5,9,6,35,4
15078,2015-03-26,1,1,4,8,3,17,7
15079,2015-03-27,5,2,8,0,6,21,8
15080,2015-03-28,3,2,0,1,4,10,4
15081,2015-03-29,6,0,3,1,8,18,8
15082,2015-03-30,2,5,5,1,5,18,4
15083,2015-03-31,0,1,3,1,7,12,7
15084,2015-04-01,9,4,1,5,5,24,8
15085,2015-04-02,4,1,6,5,2,18,5
15086,2015-04-03,9,3,0,0,9,21,9
15087,2015-04-04,0,1,3,4,4,12,4
15088,2015-04-05,1,0,8,1,0,10,8
15089,2015-04-06,6,5,4,8,9,32,5
15090,2015-04-07,6,8,4,8,3,29,5
15091,2015-04-08,7,9,5,1,5,27,8
15092,2015-04-09,7,0,3,1,0,11,7
15093,2015-04-10,6,0,2,4,5,17,6
15094,2015-04-11,5,4,6,2,9,26,7
15095,2015-04-12,2,3,7,8,8,28,6
15096,2015-04-13,2,1,8,2,9,22,8
15097,2015-04-14,6,8,8,3,1,26,7
15098,2015-04-15,4,1,3,1,2,11,3
15099,2015-04-16,7,7,1,5,8,28,7
15100,2015-04-17,5,3,6,6,8,28,5
15101,2015-04-18,6,3,3,2,8,22,6
15102,2015-04-19,3,9,5,3,0,20,9
15103,2015-04-20,4,9,9,0,1,23,9
15104,2015-04-21,9,8,6,5,6,34,4
15105,2015-04-22,7,0,0,4,1,12,7
15106,2015-04-23,6,8,8,9,8,39,3
15107,2015-04-24,7,1,0,6,1,15,7
15108,2015-04-25,8,6,5,3,8,30,5
15109,2015-04-26,6,4,9,7,9,35,5
15110,2015-04-27,8,2,4,5,4,23,6
15111,2015-04-28,9,7,2,1,4,23,8
15112,2015-04-29,9,7,1,8,8,33,8
15113,2015-04-30,7,7,7,2,4,27,5
15114,2015-05-01,3,1,0,7,0,11,7
15115,2015-05-02,6,2,3,0,2,13,6
15116,2015-05-03,7,6,8,7,4,32,4
15117,2015-05-04,7,6,0,9,8,30,9
15118,2015-05-05,2,7,3,5,5,22,5
15119,2015-05-06,6,1,4,4,0,15,6
15120,2015-05-07,8,7,4,9,3,31,6
15121,2015-05-08,6,4,0,3,7,20,7
15122,2015-05-09,6,7,5,4,8,30,4
15123,2015-05-10,5,9,0,4,2,20,9
15124,2015-05-11,5,1,3,3,3,15,4
15125,2015-05-12,5,4,4,0,0,13,5
15126,2015-05-13,2,1,1,2,5,11,4
15127,2015-05-14,0,8,1,8,1,18,8
15128,2015-05-15,8,9,2,3,3,25,7
15129,2015-05-16,2,3,2,7,1,15,6
15130,2015-05-17,5,1,2,2,8,18,7
15131,2015-05-18,7,7,4,7,2,27,5
15132,2015-05-19,3,9,3,9,6,30,6
15133,2015-05-20,9,5,6,2,6,28,7
15134,2015-05-21,1,5,6,9,1,22,8
15135,2015-05-22,0,2,7,5,6,20,7
15136,2015-05-23,8,8,4,3,8,31,5
15137,2015-05-24,2,2,9,8,4,25,7
15138,2015-05-25,4,7,3,2,0,16,7
15139,2015-05-26,8,1,1,1,2,13,7
15140,2015-05-27,6,7,7,9,3,32,6
15141,2015-05-28,9,2,9,2,7,29,7
15142,2015-05-29,2,9,6,6,3,26,7
15143,2015-05-30,2,4,0,4,0,10,4
15144,2015-05-31,0,5,4,5,8,22,8
15145,2015-06-01,6,2,7,0,1,16,7
15146,2015-06-02,3,1,8,8,4,24,7
15147,2015-06-03,0,7,5,0,6,18,7
15148,2015-06-04,1,6,1,5,6,19,5
15149,2015-06-05,0,8,4,4,0,16,8
15150,2015-06-06,7,7,5,8,2,29,6
15151,2015-06-07,4,5,5,1,8,23,7
15152,2015-06-08,6,8,1,7,6,28,7
15153,2015-06-09,0,8,8,0,3,19,8
15154,2015-06-10,2,2,4,4,5,17,3
15155,2015-06-11,4,0,5,3,9,21,9
15156,2015-06-12,9,7,3,7,1,27,8
15157,2015-06-13,0,8,4,3,2,17,8
15158,2015-06-14,7,6,3,9,2,27,7
15159,2015-06-15,7,2,2,0,2,13,7
15160,2015-06-16,1,7,3,1,0,12,7
15161,2015-06-17,6,6,2,7,8,29,6
15162,2015-06-18,0,7,6,8,5,26,8
15163,2015-06-19,6,4,6,3,2,21,4
15164,2015-06-20,3,9,2,9,0,23,9
15165,2015-06-21,3,8,9,8,4,32,6
15166,2015-06-22,5,3,3,9,7,27,6
15167,2015-06-23,3,5,6,9,2,25,7
15168,2015-06-24,7,4,4,0,9,24,9
15169,2015-06-25,1,6,0,4,0,11,6
15170,2015-06-26,9,0,0,2,5,16,9
15171,2015-06-27,4,1,0,5,1,11,5
15172,2015-06-28,4,0,6,0,5,15,6
15173,2015-06-29,5,3,7,9,5,29,6
15174,2015-06-30,9,3,4,7,5,28,6
15175,2015-07-01,6,1,6,1,1,15,5
15176,2015-07-02,7,6,2,0,7,22,7
15177,2015-07-03,0,7,0,1,1,9,7
15178,2015-07-04,7,2,0,1,5,15,7
15179,2015-07-05,5,3,5,9,6,28,6
15180,2015-07-06,0,2,0,2,0,4,2
15181,2015-07-07,8,6,8,0,1,23,8
15182,2015-07-08,7,8,4,5,1,25,7
15183,2015-07-09,6,5,3,6,4,24,3
15184,2015-07-10,2,9,1,1,3,16,8
15185,2015-07-11,7,9,8,5,9,38,4
15186,2015-07-12,7,8,5,2,9,31,7
15187,2015-07-13,0,5,8,7,9,29,9
15188,2015-07-14,3,1,9,4,2,19,8
15189,2015-07-15,7,6,2,9,9,33,7
15190,2015-07-16,6,8,8,9,6,37,3
15191,2015-07-17,5,1,4,3,3,16,4
15192,2015-07-18,6,6,6,8,1,27,7
15193,2015-07-19,7,0,2,0,1,10,7
15194,2015-07-20,2,7,7,4,8,28,6
15195,2015-07-21,9,4,6,6,1,26,8
15196,2015-07-22,8,6,2,5,2,23,6
15197,2015-07-23,4,0,2,1,2,9,4
15198,2015-07-24,3,1,3,3,6,16,5
15199,2015-07-25,8,6,7,9,7,37,3
15200,2015-07-26,9,3,4,8,0,24,9
15201,2015-07-27,0,6,3,8,2,19,8
15202,2015-07-28,3,9,5,0,2,19,9
15203,2015-07-29,6,4,7,2,8,27,6
15204,2015-07-30,0,6,8,4,4,22,8
15205,2015-07-31,2,1,2,2,8,15,7
15206,2015-08-01,8,8,1,8,4,29,7
15207,2015-08-02,3,3,8,5,7,26,5
15208,2015-08-03,3,5,3,4,3,18,2
15209,2015-08-04,7,2,7,9,5,30,7
15210,2015-08-05,7,2,8,9,9,35,7
15211,2015-08-06,9,5,1,4,2,21,8
15212,2015-08-07,6,1,4,3,1,15,5
15213,2015-08-08,0,5,5,5,5,20,5
15214,2015-08-09,1,9,0,9,0,19,9
15215,2015-08-10,1,5,4,7,9,26,8
15216,2015-08-11,2,5,4,5,8,24,6
15217,2015-08-12,2,4,2,6,8,22,6
15218,2015-08-13,2,3,2,5,4,16,3
15219,2015-08-14,1,9,2,8,6,26,8
15220,2015-08-15,3,2,8,7,5,25,6
15221,2015-08-16,7,8,1,6,3,25,7
15222,2015-08-17,4,3,8,6,4,25,5
15223,2015-08-18,3,8,7,2,6,26,6
15224,2015-08-19,6,4,1,4,6,21,5
15225,2015-08-20,8,5,9,4,4,30,5
15226,2015-08-21,4,4,0,2,6,16,6
15227,2015-08-22,4,4,2,8,7,25,6
15228,2015-08-23,3,1,2,1,8,15,7
15229,2015-08-24,9,9,1,4,0,23,9
15230,2015-08-25,7,2,7,5,3,24,5
15231,2015-08-26,5,0,9,9,8,31,9
15232,2015-08-27,5,3,2,0,2,12,5
15233,2015-08-28,9,8,3,6,5,31,6
15234,2015-08-29,4,3,6,0,4,17,6
15235,2015-08-30,4,6,5,4,3,22,3
15236,2015-08-31,9,1,0,7,8,25,9
15237,2015-09-01,3,0,4,2,7,16,7
15238,2015-09-02,1,2,7,5,5,20,6
15239,2015-09-03,9,3,1,9,8,30,8
15240,2015-09-04,6,8,9,1,8,32,8
15241,2015-09-05,6,5,1,2,7,21,6
15242,2015-09-06,6,7,8,0,0,21,8
15243,2015-09-07,0,0,8,8,6,22,8
15244,2015-09-08,3,5,0,8,2,18,8
15245,2015-09-09,9,8,7,4,7,35,5
15246,2015-09-10,7,7,8,9,5,36,4
15247,2015-09-11,0,6,5,8,6,25,8
15248,2015-09-12,2,5,1,3,9,20,8
15249,2015-09-13,4,6,1,2,3,16,5
15250,2015-09-14,7,1,3,2,8,21,7
15251,2015-09-15,4,9,4,3,4,24,6
15252,2015-09-16,4,5,1,1,9,20,8
15253,2015-09-17,2,9,2,4,8,25,7
15254,2015-09-18,3,4,3,6,3,19,3
15255,2015-09-19,4,3,0,3,3,13,4
15256,2015-09-20,1,5,6,6,0,18,6
15257,2015-09-21,0,2,3,0,2,7,3
15258,2015-09-22,3,7,4,6,5,25,4
15259,2015-09-23,9,5,2,9,7,32,7
15260,2015-09-24,2,5,8,2,8,25,6
15261,2015-09-25,8,3,3,8,9,31,6
15262,2015-09-26,2,5,2,6,1,16,5
15263,2015-09-27,2,1,6,4,4,17,5
15264,2015-09-28,1,7,3,8,0,19,8
15265,2015-09-29,9,2,5,4,8,28,7
15266,2015-09-30,0,8,4,5,7,24,8
15267,2015-10-01,6,5,2,5,2,20,4
15268,2015-10-02,8,0,8,0,7,23,8
15269,2015-10-03,2,5,8,3,6,24,6
15270,2015-10-04,1,1,5,6,4,17,5
15271,2015-10-05,9,7,9,2,8,35,7
15272,2015-10-06,4,1,9,5,9,28,8
15273,2015-10-07,2,5,4,7,7,25,5
15274,2015-10-08,3,0,6,6,0,15,6
15275,2015-10-09,9,3,4,8,4,28,6
15276,2015-10-10,8,9,1,6,2,26,8
15277,2015-10-11,4,8,3,8,2,25,6
15278,2015-10-12,0,1,1,7,2,11,7
15279,2015-10-13,2,1,7,7,2,19,6
15280,2015-10-14,9,8,8,7,5,37,4
15281,2015-10-15,0,9,0,4,3,16,9
15282,2015-10-16,4,9,2,0,9,24,9
15283,2015-10-17,2,3,4,9,5,23,7
15284,2015-10-18,6,3,2,0,2,13,6
15285,2015-10-19,4,2,1,9,5,21,8
15286,2015-10-20,0,7,4,9,1,21,9
15287,2015-10-21,0,5,0,8,0,13,8
15288,2015-10-22,8,4,2,4,3,21,6
15289,2015-10-23,5,2,9,0,0,16,9
15290,2015-10-24,0,6,4,9,3,22,9
15291,2015-10-25,1,2,0,1,5,9,5
15292,2015-10-26,2,9,6,8,4,29,7
15293,2015-10-27,4,3,2,1,4,14,3
15294,2015-10-28,0,4,1,2,6,13,6
15295,2015-10-29,3,0,5,4,3,15,5
15296,2015-10-30,9,0,5,4,1,19,9
15297,2015-10-31,4,4,0,5,8,21,8
15298,2015-11-01,5,9,4,4,2,24,7
15299,2015-11-02,6,2,7,5,2,22,5
15300,2015-11-03,8,4,5,8,3,28,5
15301,2015-11-04,4,4,9,2,2,21,7
15302,2015-11-05,6,4,2,8,4,24,6
15303,2015-11-06,4,4,1,0,5,14,5
15304,2015-11-07,2,7,1,2,7,19,6
15305,2015-11-08,5,4,9,2,8,28,7
15306,2015-11-09,2,1,7,3,3,16,6
15307,2015-11-10,0,6,9,2,8,25,9
15308,2015-11-11,3,7,9,5,0,24,9
15309,2015-11-12,0,0,3,7,1,11,7
15310,2015-11-13,2,5,7,8,0,22,8
15311,2015-11-14,2,3,3,2,0,10,3
15312,2015-11-15,4,3,5,5,6,23,3
15313,2015-11-16,5,5,5,0,2,17,5
15314,2015-11-17,0,6,5,3,0,14,6
15315,2015-11-18,7,5,0,4,2,18,7
15316,2015-11-19,0,2,1,7,8,18,8
15317,2015-11-20,8,1,2,1,9,21,8
15318,2015-11-21,3,4,9,1,5,22,8
15319,2015-11-22,6,1,9,9,8,33,8
15320,2015-11-23,8,8,4,3,4,27,5
15321,2015-11-24,8,3,6,3,5,25,5
15322,2015-11-25,6,4,4,9,4,27,5
15323,2015-11-26,1,6,9,7,8,31,8
15324,2015-11-27,7,9,3,6,6,31,6
15325,2015-11-28,9,2,9,6,5,31,7
15326,2015-11-29,8,7,5,6,2,28,6
15327,2015-11-30,4,2,9,8,3,26,7
15328,2015-12-01,4,9,7,0,3,23,9
15329,2015-12-02,6,7,5,5,2,25,5
15330,2015-12-03,0,5,6,5,4,20,6
15331,2015-12-04,7,8,0,2,4,21,8
15332,2015-12-05,6,9,0,4,8,27,9
15333,2015-12-06,3,8,8,8,0,27,8
15334,2015-12-07,0,5,2,3,3,13,5
15335,2015-12-08,5,6,2,4,1,18,5
15336,2015-12-09,6,5,8,1,2,22,7
15337,2015-12-10,9,1,3,9,4,26,8
15338,2015-12-11,9,0,9,2,2,22,9
15339,2015-12-12,9,9,7,3,7,35,6
15340,2015-12-13,8,2,8,1,9,28,8
15341,2015-12-14,6,6,4,1,9,26,8
15342,2015-12-15,5,9,6,3,8,31,6
15343,2015-12-16,5,8,0,7,2,22,8
15344,2015-12-17,2,5,3,7,6,23,5
15345,2015-12-18,2,9,3,4,7,25,7
15346,2015-12-19,7,0,1,9,5,22,9
15347,2015-12-20,1,4,5,7,6,23,6
15348,2015-12-21,8,7,8,7,5,35,3
15349,2015-12-22,7,5,0,2,2,16,7
15350,2015-12-23,8,1,3,5,7,24,7
15351,2015-12-24,9,7,4,5,1,26,8
15352,2015-12-25,9,1,8,1,9,28,8
15353,2015-12-26,3,4,9,7,6,29,6
15354,2015-12-27,3,9,1,4,7,24,8
15355,2015-12-28,8,7,1,3,7,26,7
15356,2015-12-29,3,9,7,6,5,30,6
15357,2015-12-30,4,3,2,2,3,14,2
15358,2015-12-31,0,0,9,8,3,20,9
16001,2016-01-01,8,2,8,1,3,22,7
16002,2016-01-02,5,6,7,0,6,24,7
16003,2016-01-03,5,7,3,9,2,26,7
16004,2016-01-04,5,4,3,2,1,15,4
16005,2016-01-05,4,3,9,8,4,28,6
16006,2016-01-06,1,0,1,1,8,11,8
16007,2016-01-07,1,7,4,1,0,13,7
16008,2016-01-08,9,6,7,9,3,34,6
16009,2016-01-09,6,4,8,4,7,29,4
16010,2016-01-10,8,2,3,7,9,29,7
16011,2016-01-11,4,6,1,7,4,22,6
16012,2016-01-12,5,3,0,5,9,22,9
16013,2016-01-13,0,1,9,8,7,25,9
16014,2016-01-14,9,2,5,8,2,26,7
16015,2016-01-15,6,8,6,2,6,28,6
16016,2016-01-16,8,4,1,3,4,20,7
16017,2016-01-17,8,6,1,6,9,30,8
16018,2016-01-18,6,4,6,5,6,27,2
16019,2016-01-19,8,8,3,6,6,31,5
16020,2016-01-20,6,9,3,6,5,29,6
16021,2016-01-21,4,0,2,4,6,16,6
16022,2016-01-22,7,4,4,8,2,25,6
16023,2016-01-23,0,4,1,5,6,16,6
16024,2016-01-24,0,9,1,7,7,24,9
16025,2016-01-25,5,0,0,5,4,14,5
16026,2016-01-26,4,0,3,3,4,14,4
16027,2016-01-27,7,2,9,7,5,30,7
16028,2016-01-28,2,6,2,8,7,25,6
16029,2016-01-29,2,2,5,2,0,11,5
16030,2016-01-30,9,8,8,5,1,31,8
16031,2016-01-31,4,5,7,9,3,28,6
16032,2016-02-01,5,5,5,7,1,23,6
16033,2016-02-02,0,0,2,5,6,13,6
16034,2016-02-03,1,0,2,2,2,7,2
16035,2016-02-04,0,5,1,7,8,21,8
16036,2016-02-05,2,5,8,2,6,23,6
16037,2016-02-06,6,2,4,1,6,19,5
16038,2016-02-14,8,2,3,8,9,30,7
16039,2016-02-15,5,0,3,2,1,11,5
16040,2016-02-16,0,4,7,2,8,21,8
16041,2016-02-17,7,2,0,5,5,19,7
16042,2016-02-18,7,2,9,7,7,32,7
16043,2016-02-19,9,4,4,6,6,29,5
16044,2016-02-20,0,1,2,8,6,17,8
16045,2016-02-21,6,1,2,6,0,15,6
16046,2016-02-22,1,2,6,2,1,12,5
16047,2016-02-23,1,3,2,9,3,18,8
16048,2016-02-24,3,3,7,2,7,22,5
16049,2016-02-25,6,1,8,8,4,27,7
16050,2016-02-26,1,4,0,7,8,20,8
16051,2016-02-27,1,0,2,1,3,7,3
16052,2016-02-28,7,9,2,6,7,31,7
16053,2016-02-29,4,4,7,0,8,23,8
16054,2016-03-01,7,3,6,7,8,31,5
16055,2016-03-02,3,2,3,5,8,21,6
16056,2016-03-03,6,6,5,4,1,22,5
16057,2016-03-04,7,6,4,7,7,31,3
16058,2016-03-05,1,1,9,3,3,17,8
16059,2016-03-06,0,7,8,1,8,24,8
16060,2016-03-07,6,8,6,8,0,28,8
16061,2016-03-08,6,7,5,7,2,27,5
16062,2016-03-09,4,7,7,2,5,25,5
16063,2016-03-10,4,9,1,4,6,24,8
16064,2016-03-11,4,5,5,0,6,20,6
16065,2016-03-12,0,1,6,9,5,21,9
16066,2016-03-13,4,5,5,6,1,21,5
16067,2016-03-14,4,4,5,5,0,18,5
16068,2016-03-15,0,1,3,5,6,15,6
16069,2016-03-16,9,9,5,3,6,32,6
16070,2016-03-17,7,8,9,3,1,28,8
16071,2016-03-18,5,3,0,8,0,16,8
16072,2016-03-19,2,9,9,8,8,36,7
16073,2016-03-20,9,7,2,1,3,22,8
16074,2016-03-21,9,5,1,7,3,25,8
16075,2016-03-22,6,3,7,2,1,19,6
16076,2016-03-23,6,0,6,0,6,18,6
16077,2016-03-24,7,8,2,5,9,31,7
16078,2016-03-25,4,6,7,9,3,29,6
16079,2016-03-26,3,9,0,0,8,20,9
16080,2016-03-27,6,7,0,2,0,15,7
16081,2016-03-28,1,5,0,9,8,23,9
16082,2016-03-29,7,4,8,2,2,23,6
16083,2016-03-30,2,3,4,1,3,13,3
16084,2016-03-31,0,2,3,6,7,18,7
16085,2016-04-01,9,9,7,6,3,34,6
16086,2016-04-02,0,6,5,9,9,29,9
16087,2016-04-03,9,1,7,2,7,26,8
16088,2016-04-04,5,4,7,4,8,28,4
16089,2016-04-05,9,8,3,3,7,30,6
16090,2016-04-06,8,6,7,7,2,30,6
16091,2016-04-07,1,3,3,2,3,12,2
16092,2016-04-08,2,7,3,1,3,16,6
16093,2016-04-09,9,8,2,8,6,33,7
16094,2016-04-10,9,6,0,7,1,23,9
16095,2016-04-11,8,6,9,7,8,38,3
16096,2016-04-12,4,1,0,9,2,16,9
16097,2016-04-13,1,1,1,6,5,14,5
16098,2016-04-14,9,8,2,9,7,35,7
16099,2016-04-15,3,3,2,9,7,24,7
16100,2016-04-16,0,3,7,4,7,21,7
16101,2016-04-17,6,0,3,4,7,20,7
16102,2016-04-18,8,8,5,2,1,24,7
16103,2016-04-19,7,6,2,9,7,31,7
16104,2016-04-20,2,1,9,5,8,25,8
16105,2016-04-21,6,1,1,3,9,20,8
16106,2016-04-22,0,3,7,5,4,19,7
16107,2016-04-23,2,4,0,7,6,19,7
16108,2016-04-24,2,3,6,8,9,28,7
16109,2016-04-25,0,7,1,6,3,17,7
16110,2016-04-26,7,7,2,5,6,27,5
16111,2016-04-27,4,7,6,5,2,24,5
16112,2016-04-28,6,1,1,1,0,9,6
16113,2016-04-29,2,9,7,8,6,32,7
16114,2016-04-30,2,1,8,2,8,21,7
16115,2016-05-01,0,0,2,1,8,11,8
16116,2016-05-02,4,8,8,3,1,24,7
16117,2016-05-03,9,4,5,5,0,23,9
16118,2016-05-04,3,6,9,8,7,33,6
16119,2016-05-05,1,3,9,1,3,17,8
16120,2016-05-06,8,7,7,3,5,30,5
16121,2016-05-07,5,6,4,5,0,20,6
16122,2016-05-08,4,3,6,2,0,15,6
16123,2016-05-09,1,4,7,0,1,13,7
16124,2016-05-10,8,5,6,7,2,28,6
16125,2016-05-11,2,0,1,7,3,13,7
16126,2016-05-12,0,6,3,9,2,20,9
16127,2016-05-13,9,9,7,0,5,30,9
16128,2016-05-14,7,4,4,6,1,22,6
16129,2016-05-15,4,0,5,4,2,15,5
16130,2016-05-16,2,4,7,6,1,20,6
16131,2016-05-17,6,6,5,1,9,27,8
16132,2016-05-18,4,9,1,0,2,16,9
16133,2016-05-19,7,1,1,1,1,11,6
16134,2016-05-20,9,2,3,0,8,22,9
16135,2016-05-21,1,4,4,2,8,19,7
16136,2016-05-22,6,6,5,3,0,20,6
16137,2016-05-23,9,6,6,7,8,36,3
16138,2016-05-24,1,3,3,1,2,10,2
16139,2016-05-25,1,8,8,7,6,30,7
16140,2016-05-26,6,5,6,6,3,26,3
16141,2016-05-27,7,2,0,7,7,23,7
16142,2016-05-28,3,4,7,7,9,30,6
16143,2016-05-29,1,1,2,7,8,19,7
16144,2016-05-30,5,6,8,2,4,25,6
16145,2016-05-31,0,1,4,4,1,10,4
16146,2016-06-01,1,4,5,8,1,19,7
16147,2016-06-02,9,7,6,4,3,29,6
16148,2016-06-03,7,8,7,6,5,33,3
16149,2016-06-04,7,5,7,9,4,32,5
16150,2016-06-05,1,1,4,8,9,23,8
16151,2016-06-06,6,1,6,0,7,20,7
16152,2016-06-07,1,2,5,1,4,13,4
16153,2016-06-08,6,2,2,3,8,21,6
16154,2016-06-09,7,1,2,7,4,21,6
16155,2016-06-10,9,9,9,6,3,36,6
16156,2016-06-11,3,1,6,3,5,18,5
16157,2016-06-12,6,0,3,1,2,12,6
16158,2016-06-13,6,1,7,8,5,27,7
16159,2016-06-14,8,3,5,6,2,24,6
16160,2016-06-15,6,5,7,3,2,23,5
16161,2016-06-16,8,4,5,3,0,20,8
16162,2016-06-17,7,0,8,8,4,27,8
16163,2016-06-18,9,7,0,7,1,24,9
16164,2016-06-19,7,2,3,2,3,17,5
16165,2016-06-20,5,7,1,3,7,23,6
16166,2016-06-21,4,1,2,4,1,12,3
16167,2016-06-22,9,6,9,0,9,33,9
16168,2016-06-23,9,0,0,4,5,18,9
16169,2016-06-24,1,9,6,0,3,19,9
16170,2016-06-25,4,0,9,7,7,27,9
16171,2016-06-26,0,5,8,1,7,21,8
16172,2016-06-27,7,6,0,8,9,30,9
16173,2016-06-28,2,6,2,3,4,17,4
16174,2016-06-29,1,1,1,5,3,11,4
16175,2016-06-30,6,3,0,8,1,18,8
16176,2016-07-01,7,6,5,7,3,28,4
16177,2016-07-02,5,8,5,1,7,26,7
16178,2016-07-03,9,0,0,2,7,18,9
16179,2016-07-04,4,5,6,8,7,30,4
16180,2016-07-05,6,3,2,6,6,23,4
16181,2016-07-06,4,3,7,1,3,18,6
16182,2016-07-07,2,0,0,3,3,8,3
16183,2016-07-08,5,7,3,4,2,21,5
16184,2016-07-09,3,5,9,9,8,34,6
16185,2016-07-10,5,4,2,3,7,21,5
16186,2016-07-11,8,1,1,7,6,23,7
16187,2016-07-12,3,0,7,4,0,14,7
16188,2016-07-13,8,4,2,8,8,30,6
16189,2016-07-14,1,3,1,6,6,17,5
16190,2016-07-15,0,2,6,9,0,17,9
16191,2016-07-16,2,0,8,4,7,21,8
16192,2016-07-17,3,2,5,1,4,15,4
16193,2016-07-18,7,8,3,7,0,25,8
16194,2016-07-19,5,5,7,2,5,24,5
16195,2016-07-20,0,2,4,2,6,14,6
16196,2016-07-21,3,3,9,8,6,29,6
16197,2016-07-22,3,0,0,6,9,18,9
16198,2016-07-23,2,8,9,4,4,27,7
16199,2016-07-24,5,1,0,3,1,10,5
16200,2016-07-25,5,8,3,5,9,30,6
16201,2016-07-26,3,7,4,6,2,22,5
16202,2016-07-27,5,8,4,6,6,29,4
16203,2016-07-28,0,4,4,8,1,17,8
16204,2016-07-29,2,4,4,2,4,16,2
16205,2016-07-30,4,3,5,4,8,24,5
16206,2016-07-31,7,8,8,2,0,25,8
16207,2016-08-01,7,7,5,9,0,28,9
16208,2016-08-02,2,8,4,1,4,19,7
16209,2016-08-03,2,9,9,5,9,34,7
16210,2016-08-04,3,0,5,3,1,12,5
16211,2016-08-05,4,6,3,1,6,20,5
16212,2016-08-06,6,9,3,8,3,29,6
16213,2016-08-07,6,5,8,6,5,30,3
16214,2016-08-08,7,0,9,5,3,24,9
16215,2016-08-09,7,8,7,2,9,33,7
16216,2016-08-10,3,9,8,0,3,23,9
16217,2016-08-11,4,4,9,9,3,29,6
16218,2016-08-12,9,0,0,5,0,14,9
16219,2016-08-13,0,4,7,1,2,14,7
16220,2016-08-14,0,7,3,7,4,21,7
16221,2016-08-15,6,1,2,3,5,17,5
16222,2016-08-16,4,2,5,8,7,26,6
16223,2016-08-17,0,6,3,4,9,22,9
16224,2016-08-18,6,5,6,9,2,28,7
16225,2016-08-19,6,3,6,0,2,17,6
16226,2016-08-20,0,1,6,8,9,24,9
16227,2016-08-21,3,9,7,2,1,22,8
16228,2016-08-22,8,6,5,2,6,27,6
16229,2016-08-23,0,4,2,7,7,20,7
16230,2016-08-24,5,6,6,5,1,23,5
16231,2016-08-25,2,8,5,5,2,22,6
16232,2016-08-26,9,1,6,5,6,27,8
16233,2016-08-27,5,6,8,9,0,28,9
16234,2016-08-28,9,7,6,1,3,26,8
16235,2016-08-29,4,5,0,4,8,21,8
16236,2016-08-30,2,6,3,0,5,16,6
16237,2016-08-31,2,8,4,7,3,24,6
16238,2016-09-01,5,4,3,9,0,21,9
16239,2016-09-02,5,8,5,9,9,36,4
16240,2016-09-03,6,3,9,4,2,24,7
16241,2016-09-04,3,2,0,4,0,9,4
16242,2016-09-05,7,5,2,6,1,21,6
16243,2016-09-06,4,1,6,0,5,16,6
16244,2016-09-07,1,5,3,9,5,23,8
16245,2016-09-08,3,8,9,4,8,32,6
16246,2016-09-09,7,8,2,7,1,25,7
16247,2016-09-10,8,8,2,6,2,26,6
16248,2016-09-11,7,2,7,1,3,20,6
16249,2016-09-12,9,7,3,5,6,30,6
16250,2016-09-13,1,6,2,6,9,24,8
16251,2016-09-14,3,0,6,7,6,22,7
16252,2016-09-15,4,5,9,1,9,28,8
16253,2016-09-16,6,9,1,9,2,27,8
16254,2016-09-17,6,5,2,9,4,26,7
16255,2016-09-18,3,3,5,0,5,16,5
16256,2016-09-19,1,3,7,0,1,12,7
16257,2016-09-20,3,8,9,0,9,29,9
16258,2016-09-21,9,6,1,0,6,22,9
16259,2016-09-22,3,9,6,9,0,27,9
16260,2016-09-23,0,3,8,3,7,21,8
16261,2016-09-24,9,9,4,1,3,26,8
16262,2016-09-25,3,5,8,4,6,26,5
16263,2016-09-26,1,1,0,9,2,13,9
16264,2016-09-27,6,7,1,1,7,22,6
16265,2016-09-28,6,9,5,0,0,20,9
16266,2016-09-29,6,4,0,2,5,17,6
16267,2016-09-30,1,4,1,0,0,6,4
16268,2016-10-01,0,7,6,2,4,19,7
16269,2016-10-02,2,2,1,1,7,13,6
16270,2016-10-03,0,4,2,4,9,19,9
16271,2016-10-04,8,7,5,5,0,25,8
16272,2016-10-05,1,9,6,9,6,31,8
16273,2016-10-06,5,8,3,6,0,22,8
16274,2016-10-07,9,0,5,9,7,30,9
16275,2016-10-08,8,2,0,4,7,21,8
16276,2016-10-09,9,6,4,5,4,28,5
16277,2016-10-10,5,8,4,7,1,25,7
16278,2016-10-11,2,3,2,8,4,19,6
16279,2016-10-12,5,0,6,2,5,18,6
16280,2016-10-13,8,0,2,0,0,10,8
16281,2016-10-14,1,3,6,9,7,26,8
16282,2016-10-15,8,2,8,2,4,24,6
16283,2016-10-16,0,0,4,7,1,12,7
16284,2016-10-17,4,6,7,0,2,19,7
16285,2016-10-18,7,2,8,3,9,29,7
16286,2016-10-19,6,2,3,3,2,16,4
16287,2016-10-20,8,9,0,1,7,25,9
16288,2016-10-21,4,3,0,3,5,15,5
16289,2016-10-22,7,3,6,1,2,19,6
16290,2016-10-23,6,3,1,0,6,16,6
16291,2016-10-24,1,9,6,4,9,29,8
16292,2016-10-25,2,4,0,0,2,8,4
16293,2016-10-26,8,0,4,7,0,19,8
16294,2016-10-27,6,1,2,4,4,17,5
16295,2016-10-28,3,9,2,1,6,21,8
16296,2016-10-29,4,7,9,5,5,30,5
16297,2016-10-30,8,5,3,5,6,27,5
16298,2016-10-31,7,3,3,2,6,21,5
16299,2016-11-01,5,1,7,3,0,16,7
16300,2016-11-02,1,8,9,7,2,27,8
16301,2016-11-03,8,8,8,6,5,35,3
16302,2016-11-04,5,1,8,3,9,26,8
16303,2016-11-05,7,5,1,0,2,15,7
16304,2016-11-06,4,7,0,9,3,23,9
16305,2016-11-07,3,6,8,0,0,17,8
16306,2016-11-08,7,4,0,9,1,21,9
16307,2016-11-09,5,8,6,0,2,21,8
16308,2016-11-10,1,2,6,8,9,26,8
16309,2016-11-11,2,2,5,1,4,14,4
16310,2016-11-12,7,9,4,6,6,32,5
16311,2016-11-13,8,4,1,4,9,26,8
16312,2016-11-14,6,6,4,6,2,24,4
16313,2016-11-15,3,1,4,6,0,14,6
16314,2016-11-16,2,3,5,2,0,12,5
16315,2016-11-17,4,9,7,2,3,25,7
16316,2016-11-18,2,1,4,7,9,23,8
16317,2016-11-19,8,8,6,9,4,35,5
16318,2016-11-20,1,4,2,0,2,9,4
16319,2016-11-21,4,1,9,8,2,24,8
16320,2016-11-22,3,4,9,3,2,21,7
16321,2016-11-23,6,0,6,3,9,24,9
16322,2016-11-24,2,7,1,0,3,13,7
16323,2016-11-25,8,4,0,2,4,18,8
16324,2016-11-26,1,7,3,7,4,22,6
16325,2016-11-27,6,6,8,9,0,29,9
16326,2016-11-28,3,6,3,1,8,21,7
16327,2016-11-29,6,5,6,8,5,30,3
16328,2016-11-30,8,6,5,9,5,33,4
16329,2016-12-01,9,5,1,0,3,18,9
16330,2016-12-02,5,6,4,9,2,26,7
16331,2016-12-03,6,7,3,1,1,18,6
16332,2016-12-04,4,4,5,1,5,19,4
16333,2016-12-05,9,7,5,0,1,22,9
16334,2016-12-06,3,5,5,5,3,21,2
16335,2016-12-07,5,3,8,4,3,23,5
16336,2016-12-08,1,5,0,7,2,15,7
16337,2016-12-09,5,2,8,8,3,26,6
16338,2016-12-10,4,0,1,2,1,8,4
16339,2016-12-11,5,4,8,3,3,23,5
16340,2016-12-12,6,4,8,2,0,20,8
16341,2016-12-13,0,3,9,7,0,19,9
16342,2016-12-14,6,3,3,2,1,15,5
16343,2016-12-15,8,0,7,4,0,19,8
16344,2016-12-16,1,0,3,1,7,12,7
16345,2016-12-17,5,6,2,7,6,26,5
16346,2016-12-18,1,0,0,3,9,13,9
16347,2016-12-19,5,8,9,0,9,31,9
16348,2016-12-20,7,5,7,2,7,28,5
16349,2016-12-21,1,5,4,4,4,18,4
16350,2016-12-22,5,1,9,4,7,26,8
16351,2016-12-23,4,7,5,2,8,26,6
16352,2016-12-24,4,2,4,1,2,13,3
16353,2016-12-25,4,5,3,1,3,16,4
16354,2016-12-26,5,3,3,6,8,25,5
16355,2016-12-27,7,1,9,6,4,27,8
16356,2016-12-28,1,8,0,8,0,17,8
16357,2016-12-29,2,2,2,1,7,14,6
16358,2016-12-30,1,4,3,9,6,23,8
16359,2016-12-31,8,9,6,5,7,35,4
17001,2017-01-01,0,9,2,3,1,15,9
17002,2017-01-02,7,5,8,5,5,30,3
17003,2017-01-03,3,7,4,0,4,18,7
17004,2017-01-04,6,1,6,6,0,19,6
17005,2017-01-05,3,4,2,3,0,12,4
17006,2017-01-06,4,2,6,7,0,19,7
17007,2017-01-07,6,9,2,8,7,32,7
17008,2017-01-08,5,9,7,0,3,24,9
17009,2017-01-09,3,1,7,8,4,23,7
17010,2017-01-10,2,6,1,5,8,22,7
17011,2017-01-11,4,8,6,8,7,33,4
17012,2017-01-12,0,5,9,9,5,28,9
17013,2017-01-13,0,3,9,6,4,22,9
17014,2017-01-14,4,2,8,3,6,23,6
17015,2017-01-15,6,8,6,0,1,21,8
17016,2017-01-16,7,9,6,3,5,30,6
17017,2017-01-17,8,9,7,6,2,32,7
17018,2017-01-18,3,9,7,9,5,33,6
17019,2017-01-19,8,4,4,9,9,34,5
17020,2017-01-20,5,2,6,1,9,23,8
17021,2017-01-21,8,7,4,9,1,29,8
17022,2017-01-22,6,7,7,5,5,30,2
17023,2017-01-23,2,3,7,5,2,19,5
17024,2017-01-24,0,4,3,9,0,16,9
17025,2017-01-25,2,7,7,9,1,26,8
17026,2017-01-26,0,8,1,4,5,18,8
17027,2017-02-03,3,2,5,3,2,15,3
17028,2017-02-04,9,5,5,0,4,23,9
17029,2017-02-05,8,0,4,7,8,27,8
17030,2017-02-06,8,9,6,3,1,27,8
17031,2017-02-07,5,0,2,0,5,12,5
17032,2017-02-08,7,3,8,7,4,29,5
17033,2017-02-09,7,8,5,6,6,32,3
17034,2017-02-10,8,9,5,7,6,35,4
17035,2017-02-11,8,9,0,7,7,31,9
17036,2017-02-12,4,7,2,8,0,21,8
17037,2017-02-13,3,8,0,8,0,19,8
17038,2017-02-14,8,2,3,5,2,20,6
17039,2017-02-15,5,9,8,8,1,31,8
17040,2017-02-16,3,9,5,0,7,24,9
17041,2017-02-17,9,8,2,8,2,29,7
17042,2017-02-18,1,4,9,9,2,25,8
17043,2017-02-19,5,0,8,3,4,20,8
17044,2017-02-20,1,3,8,5,0,17,8
17045,2017-02-21,7,3,5,1,7,23,6
17046,2017-02-22,8,8,7,6,6,35,2
17047,2017-02-23,2,8,3,6,0,19,8
17048,2017-02-24,1,6,4,2,2,15,5
17049,2017-02-25,6,6,5,3,8,28,5
17050,2017-02-26,3,0,7,8,0,18,8
17051,2017-02-27,4,4,4,8,8,28,4
17052,2017-02-28,1,5,9,5,0,20,9
17053,2017-03-01,9,2,1,8,3,23,8
17054,2017-03-02,7,0,2,4,4,17,7
17055,2017-03-03,3,6,6,5,0,20,6
17056,2017-03-04,2,3,2,7,2,16,5
17057,2017-03-05,9,2,1,6,8,26,8
17058,2017-03-06,7,3,0,0,1,11,7
17059,2017-03-07,6,6,2,9,9,32,7
17060,2017-03-08,5,4,6,7,6,28,3
17061,2017-03-09,1,9,8,8,5,31,8
17062,2017-03-10,8,8,7,5,7,35,3
17063,2017-03-11,7,6,8,9,5,35,4
17064,2017-03-12,1,6,5,9,4,25,8
17065,2017-03-13,5,5,2,3,6,21,4
17066,2017-03-14,8,4,8,8,5,33,4
17067,2017-03-15,3,8,2,8,1,22,7
17068,2017-03-16,2,1,7,9,4,23,8
17069,2017-03-17,9,4,6,6,6,31,5
17070,2017-03-18,3,3,3,6,1,16,5
17071,2017-03-19,8,4,2,5,3,22,6
17072,2017-03-20,9,4,8,3,2,26,7
17073,2017-03-21,0,3,1,2,7,13,7
17074,2017-03-22,6,5,6,9,3,29,6
17075,2017-03-23,9,0,0,0,5,14,9
17076,2017-03-24,3,8,9,6,0,26,9
17077,2017-03-25,6,3,4,3,4,20,3
17078,2017-03-26,6,3,3,6,3,21,3
17079,2017-03-27,4,8,5,7,0,24,8
17080,2017-03-28,1,8,8,4,2,23,7
17081,2017-03-29,2,1,0,9,0,12,9
17082,2017-03-30,5,5,3,2,0,15,5
17083,2017-03-31,5,6,4,7,9,31,5
17084,2017-04-01,8,3,6,9,7,33,6
17085,2017-04-02,7,2,2,1,7,19,6
17086,2017-04-03,9,4,4,1,9,27,8
17087,2017-04-04,2,3,7,0,6,18,7
17088,2017-04-05,5,6,1,3,8,23,7
17089,2017-04-06,3,8,9,1,8,29,8
17090,2017-04-07,2,8,3,8,3,24,6
17091,2017-04-08,6,7,6,5,7,31,2
17092,2017-04-09,7,5,9,8,9,38,4
17093,2017-04-10,5,8,0,0,2,15,8
17094,2017-04-11,0,9,8,4,8,29,9
17095,2017-04-12,3,2,3,1,5,14,4
17096,2017-04-13,8,0,9,2,5,24,9
17097,2017-04-14,8,0,6,7,0,21,8
17098,2017-04-15,2,2,8,3,0,15,8
17099,2017-04-16,9,9,6,1,6,31,8
17100,2017-04-17,8,1,3,1,6,19,7
17101,2017-04-18,3,9,0,5,2,19,9
17102,2017-04-19,0,5,9,3,1,18,9
17103,2017-04-20,0,4,4,5,1,14,5
17104,2017-04-21,7,8,2,0,0,17,8
17105,2017-04-22,8,4,6,6,9,33,5
17106,2017-04-23,4,0,2,5,7,18,7
17107,2017-04-24,9,5,1,3,9,27,8
17108,2017-04-25,7,2,7,1,5,22,6
17109,2017-04-26,0,3,0,4,1,8,4
17110,2017-04-27,8,1,5,6,0,20,8
17111,2017-04-28,6,5,8,0,1,20,8
17112,2017-04-29,6,8,6,3,7,30,5
17113,2017-04-30,1,5,7,6,7,26,6
17114,2017-05-01,6,8,1,3,7,25,7
17115,2017-05-02,5,6,7,9,9,36,4
17116,2017-05-03,2,1,3,1,1,8,2
17117,2017-05-04,2,9,9,8,5,33,7
17118,2017-05-05,4,9,9,8,8,38,5
17119,2017-05-06,5,2,2,8,0,17,8
17120,2017-05-07,4,5,8,8,3,28,5
17121,2017-05-08,0,5,4,2,2,13,5
17122,2017-05-09,4,8,6,9,2,29,7
17123,2017-05-10,4,9,2,0,5,20,9
17124,2017-05-11,0,8,1,8,7,24,8
17125,2017-05-12,2,5,5,2,0,14,5
17126,2017-05-13,2,5,8,9,2,26,7
17127,2017-05-14,7,3,9,4,9,32,6
17128,2017-05-15,4,5,2,2,4,17,3
17129,2017-05-16,3,6,5,4,1,19,5
17130,2017-05-17,5,8,9,2,0,24,9
17131,2017-05-18,9,1,9,7,5,31,8
17132,2017-05-19,3,0,5,8,8,24,8
17133,2017-05-20,1,6,6,5,7,25,6
17134,2017-05-21,6,9,7,4,1,27,8
17135,2017-05-22,5,2,5,3,3,18,3
17136,2017-05-23,5,1,0,2,2,10,5
17137,2017-05-24,1,2,2,9,0,14,9
17138,2017-05-25,0,2,0,6,2,10,6
17139,2017-05-26,3,6,0,0,2,11,6
17140,2017-05-27,2,0,4,5,4,15,5
17141,2017-05-28,6,0,4,8,8,26,8
17142,2017-05-29,0,1,3,3,5,12,5
17143,2017-05-30,1,7,7,5,6,26,6
17144,2017-05-31,2,3,9,9,9,32,7
17145,2017-06-01,5,9,1,0,7,22,9
17146,2017-06-02,9,4,2,5,8,28,7
17147,2017-06-03,3,3,1,9,8,24,8
17148,2017-06-04,1,5,2,6,3,17,5
17149,2017-06-05,9,8,7,7,3,34,6
17150,2017-06-06,5,2,9,3,0,19,9
17151,2017-06-07,0,7,8,1,7,23,8
17152,2017-06-08,8,0,2,5,1,16,8
17153,2017-06-09,8,8,5,9,3,33,6
17154,2017-06-10,2,1,5,9,2,19,8
17155,2017-06-11,0,0,4,7,1,12,7
17156,2017-06-12,0,0,7,2,4,13,7
17157,2017-06-13,8,1,8,5,4,26,7
17158,2017-06-14,0,8,3,2,3,16,8
17159,2017-06-15,1,2,3,8,6,20,7
17160,2017-06-16,9,4,6,4,1,24,8
17161,2017-06-17,8,3,0,2,8,21,8
17162,2017-06-18,8,1,4,6,0,19,8
17163,2017-06-19,7,5,9,3,2,26,7
17164,2017-06-20,4,4,7,2,9,26,7
17165,2017-06-21,3,3,0,4,6,16,6
17166,2017-06-22,6,4,4,9,5,28,5
17167,2017-06-23,7,9,5,1,1,23,8
17168,2017-06-24,1,7,5,6,1,20,6
17169,2017-06-25,6,4,4,5,9,28,5
17170,2017-06-26,5,4,4,1,8,22,7
17171,2017-06-27,1,9,0,1,6,17,9
17172,2017-06-28,4,9,6,3,0,22,9
17173,2017-06-29,7,1,2,6,6,22,6
17174,2017-06-30,9,6,0,3,4,22,9
17175,2017-07-01,3,7,6,8,5,29,5
17176,2017-07-02,6,0,2,1,8,17,8
17177,2017-07-03,6,7,0,1,0,14,7
17178,2017-07-04,3,0,3,6,2,14,6
17179,2017-07-05,0,6,6,5,7,24,7
17180,2017-07-06,5,8,6,0,7,26,8
17181,2017-07-07,4,8,4,1,9,26,8
17182,2017-07-08,9,7,5,1,5,27,8
17183,2017-07-09,4,0,9,5,0,18,9
17184,2017-07-10,1,2,9,6,7,25,8
17185,2017-07-11,3,7,0,1,6,17,7
17186,2017-07-12,9,6,7,8,8,38,3
17187,2017-07-13,8,3,1,1,0,13,8
17188,2017-07-14,2,0,9,5,8,24,9
17189,2017-07-15,9,6,0,8,6,29,9
17190,2017-07-16,4,4,6,7,0,21,7
17191,2017-07-17,9,7,8,7,2,33,7
17192,2017-07-18,2,7,9,7,5,30,7
17193,2017-07-19,8,8,0,4,2,22,8
17194,2017-07-20,6,2,5,0,8,21,8
17195,2017-07-21,3,1,9,8,9,30,8
17196,2017-07-22,4,3,6,1,5,19,5
17197,2017-07-23,5,9,4,1,7,26,8
17198,2017-07-24,7,5,4,6,0,22,7
17199,2017-07-25,3,3,0,9,1,16,9
17200,2017-07-26,9,3,5,1,5,23,8
17201,2017-07-27,4,4,5,1,4,18,4
17202,2017-07-28,4,6,1,1,1,13,5
17203,2017-07-29,2,4,3,6,6,21,4
17204,2017-07-30,2,3,2,3,2,12,1
17205,2017-07-31,6,4,9,4,3,26,6
17206,2017-08-01,3,7,5,4,6,25,4
17207,2017-08-02,6,9,7,1,0,23,9
17208,2017-08-03,1,0,8,8,5,22,8
17209,2017-08-04,3,9,1,2,7,22,8
17210,2017-08-05,9,1,1,1,6,18,8
17211,2017-08-06,1,1,6,7,1,16,6
17212,2017-08-07,0,0,2,3,6,11,6
17213,2017-08-08,7,2,7,0,4,20,7
17214,2017-08-09,4,2,3,4,2,15,2
17215,2017-08-10,2,1,2,9,5,19,8
17216,2017-08-11,8,7,1,9,9,34,8
17217,2017-08-12,7,9,6,3,2,27,7
17218,2017-08-13,5,7,3,6,1,22,6
17219,2017-08-14,4,9,3,0,7,23,9
17220,2017-08-15,6,4,3,6,3,22,3
17221,2017-08-16,4,4,7,9,4,28,5
17222,2017-08-17,7,0,7,4,1,19,7
17223,2017-08-18,4,9,6,0,1,20,9
17224,2017-08-19,6,3,4,7,7,27,4
17225,2017-08-20,4,8,8,3,8,31,5
17226,2017-08-21,3,3,5,5,3,19,2
17227,2017-08-22,2,4,7,4,4,21,5
17228,2017-08-23,3,8,9,9,0,29,9
17229,2017-08-24,4,8,7,6,2,27,6
17230,2017-08-25,6,7,4,3,2,22,5
17231,2017-08-26,4,2,0,9,7,22,9
17232,2017-08-27,8,4,4,5,4,25,4
17233,2017-08-28,1,8,7,4,4,24,7
17234,2017-08-29,4,6,6,3,4,23,3
17235,2017-08-30,1,5,6,0,4,16,6
17236,2017-08-31,5,1,5,5,6,22,5
17237,2017-09-01,2,1,0,4,5,12,5
17238,2017-09-02,9,2,1,0,2,14,9
17239,2017-09-03,6,0,5,8,0,19,8
17240,2017-09-04,5,1,7,0,3,16,7
17241,2017-09-05,9,3,9,5,6,32,6
17242,2017-09-06,8,9,3,5,0,25,9
17243,2017-09-07,3,3,5,8,9,28,6
17244,2017-09-08,8,3,2,4,3,20,6
17245,2017-09-09,6,2,3,0,8,19,8
17246,2017-09-10,1,1,1,1,8,12,7
17247,2017-09-11,9,4,5,3,2,23,7
17248,2017-09-12,8,4,9,7,7,35,5
17249,2017-09-13,3,6,1,8,5,23,7
17250,2017-09-14,8,5,6,0,8,27,8
17251,2017-09-15,1,5,1,1,3,11,4
17252,2017-09-16,1,7,8,8,9,33,8
17253,2017-09-17,7,7,8,9,9,40,2
17254,2017-09-18,9,1,5,9,9,33,8
17255,2017-09-19,9,4,8,4,4,29,5
17256,2017-09-20,1,3,2,0,7,13,7
17257,2017-09-21,2,2,3,1,4,12,3
17258,2017-09-22,8,7,1,5,9,30,8
17259,2017-09-23,4,8,7,3,5,27,5
17260,2017-09-24,9,2,9,8,4,32,7
17261,2017-09-25,6,3,5,2,2,18,4
17262,2017-09-26,3,9,1,7,8,28,8
17263,2017-09-27,3,3,5,4,6,21,3
17264,2017-09-28,6,8,0,5,0,19,8
17265,2017-09-29,3,0,9,1,2,15,9
17266,2017-09-30,1,5,1,5,5,17,4
17267,2017-10-01,7,1,4,7,0,19,7
17268,2017-10-02,3,1,7,1,2,14,6
17269,2017-10-03,0,4,5,4,8,21,8
17270,2017-10-04,1,4,1,1,9,16,8
17271,2017-10-05,5,5,0,3,1,14,5
17272,2017-10-06,9,2,1,3,9,24,8
17273,2017-10-07,3,8,0,3,3,17,8
17274,2017-10-08,9,4,6,3,1,23,8
17275,2017-10-09,9,6,5,8,3,31,6
17276,2017-10-10,0,9,3,8,1,21,9
17277,2017-10-11,0,7,6,0,3,16,7
17278,2017-10-12,0,5,7,9,2,23,9
17279,2017-10-13,2,6,2,5,1,16,5
17280,2017-10-14,7,9,7,3,1,27,8
17281,2017-10-15,8,0,8,2,0,18,8
17282,2017-10-16,3,0,2,2,2,9,3
17283,2017-10-17,1,5,4,0,7,17,7
17284,2017-10-18,6,1,8,5,9,29,8
17285,2017-10-19,9,7,7,3,2,28,7
17286,2017-10-20,4,8,1,6,5,24,7
17287,2017-10-21,0,9,4,4,1,18,9
17288,2017-10-22,7,5,6,9,4,31,5
17289,2017-10-23,7,4,4,8,1,24,7
17290,2017-10-24,4,2,3,6,3,18,4
17291,2017-10-25,6,9,4,7,5,31,5
17292,2017-10-26,9,4,6,0,4,23,9
17293,2017-10-27,7,8,7,1,0,23,8
17294,2017-10-28,4,1,8,7,3,23,7
17295,2017-10-29,5,5,4,3,4,21,2
17296,2017-10-30,3,1,8,9,9,30,8
17297,2017-10-31,8,1,0,2,2,13,8
17298,2017-11-01,0,9,9,6,9,33,9
17299,2017-11-02,6,8,5,4,6,29,4
17300,2017-11-03,7,5,4,1,3,20,6
17301,2017-11-04,6,1,6,2,5,20,5
17302,2017-11-05,9,0,2,2,7,20,9
17303,2017-11-06,4,5,8,8,8,33,4
17304,2017-11-07,4,4,4,1,3,16,3
17305,2017-11-08,0,0,5,0,6,11,6
17306,2017-11-09,1,2,5,8,7,23,7
17307,2017-11-10,6,2,3,7,6,24,5
17308,2017-11-11,8,9,1,9,9,36,8
17309,2017-11-12,2,6,2,1,9,20,8
17310,2017-11-13,7,6,1,8,4,26,7
17311,2017-11-14,9,0,0,6,9,24,9
17312,2017-11-15,5,9,8,8,1,31,8
17313,2017-11-16,3,0,6,4,9,22,9
17314,2017-11-17,5,8,0,9,4,26,9
17315,2017-11-18,2,4,3,0,5,14,5
17316,2017-11-19,2,0,2,5,3,12,5
17317,2017-11-20,1,0,3,9,7,20,9
17318,2017-11-21,8,8,3,6,9,34,6
17319,2017-11-22,9,3,9,5,4,30,6
17320,2017-11-23,0,3,6,3,7,19,7
17321,2017-11-24,4,3,5,0,2,14,5
17322,2017-11-25,1,7,3,8,3,22,7
17323,2017-11-26,5,7,2,3,6,23,5
17324,2017-11-27,8,2,8,5,8,31,6
17325,2017-11-28,5,0,9,0,8,22,9
17326,2017-11-29,7,2,3,1,4,17,6
17327,2017-11-30,1,4,5,4,3,17,4
17328,2017-12-01,6,2,1,2,1,12,5
17329,2017-12-02,5,3,5,7,6,26,4
17330,2017-12-03,3,8,5,7,8,31,5
17331,2017-12-04,0,9,8,5,9,31,9
17332,2017-12-05,3,2,1,5,8,19,7
17333,2017-12-06,4,2,7,4,9,26,7
17334,2017-12-07,1,8,1,6,1,17,7
17335,2017-12-08,6,6,1,2,8,23,7
17336,2017-12-09,3,4,0,9,8,24,9
17337,2017-12-10,9,1,0,5,6,21,9
17338,2017-12-11,2,7,9,5,4,27,7
17339,2017-12-12,1,3,1,9,2,16,8
17340,2017-12-13,1,1,2,4,0,8,4
17341,2017-12-14,7,2,2,4,3,18,5
17342,2017-12-15,3,8,6,2,4,23,6
17343,2017-12-16,7,5,2,0,9,23,9
17344,2017-12-17,3,6,5,3,0,17,6
17345,2017-12-18,3,4,4,2,8,21,6
17346,2017-12-19,1,0,3,9,0,13,9
17347,2017-12-20,0,3,7,1,0,11,7
17348,2017-12-21,0,8,7,3,4,22,8
17349,2017-12-22,1,5,6,2,8,22,7
17350,2017-12-23,1,2,8,9,5,25,8
17351,2017-12-24,2,6,0,2,9,19,9
17352,2017-12-25,9,9,4,7,7,36,5
17353,2017-12-26,3,0,4,5,6,18,6
17354,2017-12-27,1,8,7,5,6,27,7
17355,2017-12-28,3,8,4,9,2,26,7
17356,2017-12-29,9,5,2,9,6,31,7
17357,2017-12-30,8,0,9,2,9,28,9
17358,2017-12-31,9,5,1,3,8,26,8
18001,2018-01-01,1,7,7,3,4,22,6
18002,2018-01-02,6,4,4,1,2,17,5
18003,2018-01-03,1,4,5,0,7,17,7
18004,2018-01-04,4,1,6,8,3,22,7
18005,2018-01-05,3,9,1,2,6,21,8
18006,2018-01-06,8,6,9,3,2,28,7
18007,2018-01-07,0,8,0,9,7,24,9
18008,2018-01-08,4,4,7,8,5,28,4
18009,2018-01-09,4,9,6,6,5,30,5
18010,2018-01-10,1,6,7,8,2,24,7
18011,2018-01-11,9,7,2,3,1,22,8
18012,2018-01-12,4,3,7,7,3,24,4
18013,2018-01-13,6,0,6,6,7,25,7
18014,2018-01-14,1,6,1,2,4,14,5
18015,2018-01-15,7,3,9,6,5,30,6
18016,2018-01-16,3,7,4,6,1,21,6
18017,2018-01-17,9,9,0,4,7,29,9
18018,2018-01-18,1,7,4,1,1,14,6
18019,2018-01-19,7,6,0,4,6,23,7
18020,2018-01-20,9,2,1,7,5,24,8
18021,2018-01-21,7,2,6,2,4,21,5
18022,2018-01-22,6,5,6,6,7,30,2
18023,2018-01-23,9,3,6,0,0,18,9
18024,2018-01-24,5,0,6,8,8,27,8
18025,2018-01-25,5,4,3,6,9,27,6
18026,2018-01-26,4,7,6,1,4,22,6
18027,2018-01-27,4,8,9,3,7,31,6
18028,2018-01-28,3,1,3,4,7,18,6
18029,2018-01-29,7,9,0,8,9,33,9
18030,2018-01-30,7,5,3,7,7,29,4
18031,2018-01-31,5,2,5,7,4,23,5
18032,2018-02-01,8,6,0,9,3,26,9
18033,2018-02-02,8,7,0,8,1,24,8
18034,2018-02-03,2,6,3,3,8,22,6
18035,2018-02-04,7,5,2,5,3,22,5
18036,2018-02-05,6,9,3,5,8,31,6
18037,2018-02-06,7,6,8,3,2,26,6
18038,2018-02-07,9,4,7,5,3,28,6
18039,2018-02-08,1,2,5,9,0,17,9
18040,2018-02-09,4,7,8,1,5,25,7
18041,2018-02-10,4,1,1,5,2,13,4
18042,2018-02-11,5,3,7,6,9,30,6
18043,2018-02-12,0,7,9,0,4,20,9
18044,2018-02-13,2,3,7,2,5,19,5
18045,2018-02-14,0,0,9,1,7,17,9
18046,2018-02-22,5,5,1,6,8,25,7
18047,2018-02-23,0,8,8,5,5,26,8
18048,2018-02-24,4,4,4,5,4,21,1
18049,2018-02-25,8,1,8,2,7,26,7
18050,2018-02-26,7,8,0,2,3,20,8
18051,2018-02-27,4,2,4,2,8,20,6
18052,2018-02-28,9,5,8,4,8,34,5
18053,2018-03-01,8,2,7,4,9,30,7
18054,2018-03-02,6,6,3,9,9,33,6
18055,2018-03-03,0,4,3,7,8,22,8
18056,2018-03-04,4,4,6,2,4,20,4
18057,2018-03-05,2,5,2,3,4,16,3
18058,2018-03-06,4,9,7,7,5,32,5
18059,2018-03-07,7,5,5,6,8,31,3
18060,2018-03-08,7,7,4,8,3,29,5
18061,2018-03-09,1,3,4,8,5,21,7
18062,2018-03-10,8,3,6,5,7,29,5
18063,2018-03-11,8,2,0,3,9,22,9
18064,2018-03-12,2,3,4,2,9,20,7
18065,2018-03-13,2,3,8,9,6,28,7
18066,2018-03-14,2,2,6,1,6,17,5
18067,2018-03-15,1,7,1,4,0,13,7
18068,2018-03-16,9,1,1,2,8,21,8
18069,2018-03-17,1,4,1,1,4,11,3
18070,2018-03-18,8,9,0,9,1,27,9
18071,2018-03-19,5,0,3,4,0,12,5
18072,2018-03-20,4,1,2,2,9,18,8
18073,2018-03-21,7,4,8,1,9,29,8
18074,2018-03-22,9,4,1,6,4,24,8
18075,2018-03-23,3,4,2,8,8,25,6
18076,2018-03-24,3,2,8,8,1,22,7
18077,2018-03-25,1,3,7,9,9,29,8
18078,2018-03-26,2,9,4,2,0,17,9
18079,2018-03-27,7,3,8,8,0,26,8
18080,2018-03-28,7,4,9,6,5,31,5
18081,2018-03-29,9,4,8,4,8,33,5
18082,2018-03-30,5,7,4,3,7,26,4
18083,2018-03-31,7,5,2,5,7,26,5
18084,2018-04-01,5,5,4,0,6,20,6
18085,2018-04-02,3,3,4,2,5,17,3
18086,2018-04-03,3,9,1,6,9,28,8
18087,2018-04-04,8,2,7,8,6,31,6
18088,2018-04-05,2,1,2,7,9,21,8
18089,2018-04-06,7,7,3,6,0,23,7
18090,2018-04-07,9,4,2,5,1,21,8
18091,2018-04-08,0,7,1,6,6,20,7
18092,2018-04-09,1,5,3,5,0,14,5
18093,2018-04-10,5,5,3,0,7,20,7
18094,2018-04-11,7,3,4,2,1,17,6
18095,2018-04-12,8,9,4,2,9,32,7
18096,2018-04-13,4,7,5,9,3,28,6
18097,2018-04-14,3,0,4,2,1,10,4
18098,2018-04-15,3,9,4,4,0,20,9
18099,2018-04-16,3,3,2,8,5,21,6
18100,2018-04-17,8,3,0,5,9,25,9
18101,2018-04-18,7,9,8,3,9,36,6
18102,2018-04-19,9,3,8,3,3,26,6
18103,2018-04-20,7,9,6,0,7,29,9
18104,2018-04-21,7,6,7,4,6,30,3
18105,2018-04-22,8,4,5,8,8,33,4
18106,2018-04-23,9,6,0,4,5,24,9
18107,2018-04-24,9,4,7,0,7,27,9
18108,2018-04-25,0,1,0,5,6,12,6
18109,2018-04-26,3,3,1,2,3,12,2
18110,2018-04-27,7,4,6,5,5,27,3
18111,2018-04-28,8,1,7,0,7,23,8
18112,2018-04-29,2,5,6,9,1,23,8
18113,2018-04-30,7,9,8,3,8,35,6
18114,2018-05-01,8,8,7,8,9,40,2
18115,2018-05-02,1,8,0,7,9,25,9
18116,2018-05-03,8,2,0,0,2,12,8
18117,2018-05-04,8,3,6,8,1,26,7
18118,2018-05-05,7,8,6,1,7,29,7
18119,2018-05-06,5,0,5,4,0,14,5
18120,2018-05-07,4,4,2,7,5,22,5
18121,2018-05-08,5,1,4,9,5,24,8
18122,2018-05-09,1,3,7,7,2,20,6
18123,2018-05-10,8,3,0,4,3,18,8
18124,2018-05-11,1,4,1,7,0,13,7
18125,2018-05-12,3,2,8,5,7,25,6
18126,2018-05-13,4,7,8,5,2,26,6
18127,2018-05-14,2,9,7,0,5,23,9
18128,2018-05-15,2,2,9,7,8,28,7
18129,2018-05-16,9,8,2,4,3,26,7
18130,2018-05-17,9,8,9,5,9,40,4
18131,2018-05-18,5,4,8,9,1,27,8
18132,2018-05-19,4,7,0,0,4,15,7
18133,2018-05-20,4,1,4,8,2,19,7
18134,2018-05-21,2,9,9,6,9,35,7
18135,2018-05-22,0,8,6,5,5,24,8
18136,2018-05-23,0,6,4,0,9,19,9
18137,2018-05-24,1,7,7,0,0,15,7
18138,2018-05-25,1,5,3,3,3,15,4
18139,2018-05-26,8,2,8,1,3,22,7
18140,2018-05-27,6,8,0,9,7,30,9
18141,2018-05-28,2,7,9,4,6,28,7
18142,2018-05-29,9,4,9,0,8,30,9
18143,2018-05-30,3,2,2,7,8,22,6
18144,2018-05-31,0,1,9,0,1,11,9
18145,2018-06-01,5,2,3,1,8,19,7
18146,2018-06-02,6,2,3,8,2,21,6
18147,2018-06-03,0,3,8,9,6,26,9
18148,2018-06-04,8,1,9,7,0,25,9
18149,2018-06-05,8,7,1,1,4,21,7
18150,2018-06-06,6,7,5,1,8,27,7
18151,2018-06-07,6,9,4,1,0,20,9
18152,2018-06-08,4,6,9,0,1,20,9
18153,2018-06-09,0,8,3,5,4,20,8
18154,2018-06-10,0,3,1,1,5,10,5
18155,2018-06-11,1,6,0,6,5,18,6
18156,2018-06-12,3,2,2,3,4,14,2
18157,2018-06-13,2,0,9,9,6,26,9
18158,2018-06-14,3,0,0,1,8,12,8
18159,2018-06-15,2,9,4,6,1,22,8
18160,2018-06-16,1,0,8,3,4,16,8
18161,2018-06-17,4,7,3,7,1,22,6
18162,2018-06-18,2,6,0,2,7,17,7
18163,2018-06-19,5,7,0,3,5,20,7
18164,2018-06-20,6,1,0,3,2,12,6
18165,2018-06-21,3,0,2,5,7,17,7
18166,2018-06-22,0,6,1,0,4,11,6
18167,2018-06-23,1,3,2,7,4,17,6
18168,2018-06-24,2,7,5,2,3,19,5
18169,2018-06-25,7,1,6,9,0,23,9
18170,2018-06-26,1,2,7,8,8,26,7
18171,2018-06-27,2,9,7,8,9,35,7
18172,2018-06-28,2,4,7,4,7,24,5
18173,2018-06-29,2,4,2,8,4,20,6
18174,2018-06-30,0,1,9,2,1,13,9
18175,2018-07-01,6,1,2,9,3,21,8
18176,2018-07-02,2,0,7,8,4,21,8
18177,2018-07-03,2,2,2,5,7,18,5
18178,2018-07-04,5,2,8,7,5,27,6
18179,2018-07-05,7,1,3,3,1,15,6
18180,2018-07-06,4,3,3,1,8,19,7
18181,2018-07-07,5,7,3,8,8,31,5
18182,2018-07-08,4,0,0,1,1,6,4
18183,2018-07-09,8,4,4,0,5,21,8
18184,2018-07-10,2,6,1,6,2,17,5
18185,2018-07-11,6,9,6,8,8,37,3
18186,2018-07-12,3,5,0,0,0,8,5
18187,2018-07-13,5,0,7,7,0,19,7
18188,2018-07-14,0,6,8,1,1,16,8
18189,2018-07-15,2,6,9,1,1,19,8
18190,2018-07-16,0,3,1,5,9,18,9
18191,2018-07-17,3,4,0,4,5,16,5
18192,2018-07-18,9,3,9,3,1,25,8
18193,2018-07-19,3,8,2,3,9,25,7
18194,2018-07-20,6,0,5,8,9,28,9
18195,2018-07-21,4,8,4,0,8,24,8
18196,2018-07-22,3,3,2,4,4,16,2
18197,2018-07-23,1,3,3,8,2,17,7
18198,2018-07-24,8,9,3,6,3,29,6
18199,2018-07-25,4,4,2,9,0,19,9
18200,2018-07-26,5,9,8,6,3,31,6
18201,2018-07-27,6,2,9,6,8,31,7
18202,2018-07-28,2,2,4,7,2,17,5
18203,2018-07-29,2,1,6,6,9,24,8
18204,2018-07-30,7,1,3,7,4,22,6
18205,2018-07-31,2,9,8,2,7,28,7
18206,2018-08-01,2,6,7,2,8,25,6
18207,2018-08-02,0,0,6,0,9,15,9
18208,2018-08-03,1,7,5,3,0,16,7
18209,2018-08-04,1,0,0,7,6,14,7
18210,2018-08-05,9,5,6,6,8,34,4
18211,2018-08-06,8,9,3,5,9,34,6
18212,2018-08-07,5,1,5,2,2,15,4
18213,2018-08-08,3,5,5,2,3,18,3
18214,2018-08-09,8,1,7,9,0,25,9
18215,2018-08-10,9,3,9,4,3,28,6
18216,2018-08-11,8,9,0,1,8,26,9
18217,2018-08-12,8,5,6,0,6,25,8
18218,2018-08-13,8,7,7,7,4,33,4
18219,2018-08-14,8,7,1,5,2,23,7
18220,2018-08-15,2,0,8,2,3,15,8
18221,2018-08-16,5,9,8,5,6,33,4
18222,2018-08-17,3,2,3,2,8,18,6
18223,2018-08-18,1,9,7,0,1,18,9
18224,2018-08-19,7,9,1,2,7,26,8
18225,2018-08-20,6,4,8,8,4,30,4
18226,2018-08-21,9,2,9,4,1,25,8
18227,2018-08-22,0,8,8,7,3,26,8
18228,2018-08-23,8,2,9,9,2,30,7
18229,2018-08-24,4,4,3,7,9,27,6
18230,2018-08-25,7,6,4,6,5,28,3
18231,2018-08-26,5,1,6,6,3,21,5
18232,2018-08-27,5,3,1,4,2,15,4
18233,2018-08-28,1,1,1,1,9,13,8
18234,2018-08-29,5,0,5,0,9,19,9
18235,2018-08-30,5,8,4,6,8,31,4
18236,2018-08-31,7,0,3,0,5,15,7
18237,2018-09-01,1,5,7,0,1,14,7
18238,2018-09-02,3,9,2,3,1,18,8
18239,2018-09-03,8,3,7,5,2,25,6
18240,2018-09-04,4,9,2,1,5,21,8
18241,2018-09-05,1,7,0,0,2,10,7
18242,2018-09-06,0,9,7,5,1,22,9
18243,2018-09-07,7,9,0,3,0,19,9
18244,2018-09-08,6,4,9,8,5,32,5
18245,2018-09-09,0,5,1,0,6,12,6
18246,2018-09-10,9,1,6,1,0,17,9
18247,2018-09-11,3,0,3,6,5,17,6
18248,2018-09-12,9,3,9,9,1,31,8
18249,2018-09-13,2,8,9,8,6,33,7
18250,2018-09-14,9,1,7,3,8,28,8
18251,2018-09-15,0,3,0,6,1,10,6
18252,2018-09-16,5,7,8,2,9,31,7
18253,2018-09-17,8,5,2,8,2,25,6
18254,2018-09-18,0,2,1,5,2,10,5
18255,2018-09-19,7,1,0,7,5,20,7
18256,2018-09-20,1,4,7,1,7,20,6
18257,2018-09-21,6,0,3,5,5,19,6
18258,2018-09-22,0,4,5,8,1,18,8
18259,2018-09-23,1,4,9,0,8,22,9
18260,2018-09-24,6,6,4,5,4,25,2
18261,2018-09-25,3,5,2,3,9,22,7
18262,2018-09-26,3,6,7,0,4,20,7
18263,2018-09-27,4,5,2,6,0,17,6
18264,2018-09-28,1,9,0,2,2,14,9
18265,2018-09-29,1,8,0,3,6,18,8
18266,2018-09-30,6,9,7,6,6,34,3
18267,2018-10-01,1,0,5,4,9,19,9
18268,2018-10-02,1,8,7,7,1,24,7
18269,2018-10-03,4,2,6,7,5,24,5
18270,2018-10-04,9,5,9,7,8,38,4
18271,2018-10-05,7,7,5,7,1,27,6
18272,2018-10-06,0,7,8,0,1,16,8
18273,2018-10-07,6,2,4,1,5,18,5
18274,2018-10-08,6,5,6,1,6,24,5
18275,2018-10-09,3,9,3,5,6,26,6
18276,2018-10-10,4,1,8,8,8,29,7
18277,2018-10-11,0,2,5,2,7,16,7
18278,2018-10-12,8,1,2,8,8,27,7
18279,2018-10-13,6,4,5,6,5,26,2
18280,2018-10-14,9,5,1,2,9,26,8
18281,2018-10-15,1,0,6,0,8,15,8
18282,2018-10-16,7,8,0,4,4,23,8
18283,2018-10-17,8,9,9,8,6,40,3
18284,2018-10-18,8,5,8,2,4,27,6
18285,2018-10-19,0,8,0,2,3,13,8
18286,2018-10-20,9,3,1,3,5,21,8
18287,2018-10-21,0,5,1,8,3,17,8
18288,2018-10-22,2,7,4,4,7,24,5
18289,2018-10-23,9,1,3,0,1,14,9
18290,2018-10-24,5,3,5,3,2,18,3
18291,2018-10-25,6,3,9,8,6,32,6
18292,2018-10-26,4,5,9,3,2,23,7
18293,2018-10-27,1,5,1,2,5,14,4
18294,2018-10-28,8,3,2,0,8,21,8
18295,2018-10-29,1,6,8,0,7,22,8
18296,2018-10-30,0,3,0,7,6,16,7
18297,2018-10-31,4,6,1,7,1,19,6
18298,2018-11-01,2,5,3,2,3,15,3
18299,2018-11-02,4,8,9,9,7,37,5
18300,2018-11-03,0,9,4,8,0,21,9
18301,2018-11-04,9,0,1,7,5,22,9
18302,2018-11-05,1,9,9,4,0,23,9
18303,2018-11-06,6,0,8,9,5,28,9
18304,2018-11-07,0,2,0,4,1,7,4
18305,2018-11-08,1,9,0,6,0,16,9
18306,2018-11-09,0,0,0,5,8,13,8
18307,2018-11-10,6,4,8,4,4,26,4
18308,2018-11-11,4,1,2,7,2,16,6
18309,2018-11-12,7,4,3,0,4,18,7
18310,2018-11-13,3,6,7,4,9,29,6
18311,2018-11-14,8,6,4,5,0,23,8
18312,2018-11-15,1,1,5,0,0,7,5
18313,2018-11-16,3,8,3,2,7,23,6
18314,2018-11-17,8,6,7,6,5,32,3
18315,2018-11-18,7,7,3,9,9,35,6
18316,2018-11-19,7,3,1,4,2,17,6
18317,2018-11-20,2,9,9,8,6,34,7
18318,2018-11-21,3,4,6,6,3,22,3
18319,2018-11-22,4,0,8,1,5,18,8
18320,2018-11-23,3,2,9,4,4,22,7
18321,2018-11-24,8,2,9,1,8,28,8
18322,2018-11-25,4,3,4,0,9,20,9
18323,2018-11-26,2,6,5,0,9,22,9
18324,2018-11-27,0,3,4,1,7,15,7
18325,2018-11-28,6,4,4,0,7,21,7
18326,2018-11-29,5,3,1,8,5,22,7
18327,2018-11-30,0,6,8,2,1,17,8
18328,2018-12-01,6,2,9,1,6,24,8
18329,2018-12-02,6,0,1,9,7,23,9
18330,2018-12-03,2,3,6,7,8,26,6
18331,2018-12-04,4,5,8,7,7,31,4
18332,2018-12-05,9,6,5,4,6,30,5
18333,2018-12-06,8,3,6,2,4,23,6
18334,2018-12-07,4,5,4,3,8,24,5
18335,2018-12-08,3,5,9,1,1,19,8
18336,2018-12-09,2,1,0,7,1,11,7
18337,2018-12-10,5,5,8,5,3,26,5
18338,2018-12-11,5,7,5,6,3,26,4
18339,2018-12-12,8,4,1,2,3,18,7
18340,2018-12-13,6,9,5,9,6,35,4
18341,2018-12-14,0,3,0,6,2,11,6
18342,2018-12-15,0,7,8,7,9,31,9
18343,2018-12-16,9,7,4,1,5,26,8
18344,2018-12-17,8,8,7,7,5,35,3
18345,2018-12-18,4,7,8,3,4,26,5
18346,2018-12-19,5,9,6,1,8,29,8
18347,2018-12-20,4,7,1,9,5,26,8
18348,2018-12-21,1,4,4,9,8,26,8
18349,2018-12-22,4,9,4,5,6,28,5
18350,2018-12-23,8,9,2,8,9,36,7
18351,2018-12-24,3,1,8,4,7,23,7
18352,2018-12-25,0,6,8,6,3,23,8
18353,2018-12-26,6,9,1,2,9,27,8
18354,2018-12-27,4,6,9,7,9,35,5
18355,2018-12-28,3,7,8,2,7,27,6
18356,2018-12-29,1,8,8,9,8,34,8
18357,2018-12-30,9,2,2,3,3,19,7
18358,2018-12-31,3,2,9,1,9,24,8
19001,2019-01-01,3,2,2,3,3,13,1
19002,2019-01-02,7,5,4,8,1,25,7
19003,2019-01-03,5,4,2,9,3,23,7
19004,2019-01-04,2,4,1,7,8,22,7
19005,2019-01-05,0,6,2,9,7,24,9
19006,2019-01-06,1,4,8,3,3,19,7
19007,2019-01-07,7,5,1,1,5,19,6
19008,2019-01-08,9,8,7,4,4,32,5
19009,2019-01-09,6,6,8,5,6,31,3
19010,2019-01-10,4,2,5,1,5,17,4
19011,2019-01-11,4,9,2,1,4,20,8
19012,2019-01-12,5,4,1,1,2,13,4
19013,2019-01-13,2,2,3,3,5,15,3
19014,2019-01-14,0,2,3,4,6,15,6
19015,2019-01-15,4,2,4,7,2,19,5
19016,2019-01-16,5,9,1,8,1,24,8
19017,2019-01-17,1,4,7,0,1,13,7
19018,2019-01-18,1,7,0,2,8,18,8
19019,2019-01-19,9,9,9,2,0,29,9
19020,2019-01-20,8,2,1,7,2,20,7
19021,2019-01-21,6,6,2,4,5,23,4
19022,2019-01-22,0,7,4,2,6,19,7
19023,2019-01-23,6,6,1,5,3,21,5
19024,2019-01-24,5,8,8,0,6,27,8
19025,2019-01-25,1,6,2,5,9,23,8
19026,2019-01-26,1,8,5,3,8,25,7
19027,2019-01-27,6,1,3,5,8,23,7
19028,2019-01-28,5,0,1,3,2,11,5
19029,2019-01-29,2,5,3,9,7,26,7
19030,2019-01-30,8,3,8,1,5,25,7
19031,2019-01-31,7,1,2,2,9,21,8
19032,2019-02-01,8,4,8,9,0,29,9
19033,2019-02-02,3,4,2,6,0,15,6
19034,2019-02-03,8,0,8,9,8,33,9
19035,2019-02-11,5,7,5,6,0,23,7
19036,2019-02-12,5,0,7,4,0,16,7
19037,2019-02-13,6,9,9,3,6,33,6
19038,2019-02-14,0,4,8,5,3,20,8
19039,2019-02-15,0,6,6,0,2,14,6
19040,2019-02-16,3,0,1,2,4,10,4
19041,2019-02-17,1,3,0,8,8,20,8
19042,2019-02-18,3,2,8,2,9,24,7
19043,2019-02-19,6,0,3,1,6,16,6
19044,2019-02-20,1,0,5,7,4,17,7
19045,2019-02-21,3,7,7,8,3,28,5
19046,2019-02-22,2,3,1,8,2,16,7
19047,2019-02-23,3,6,3,7,1,20,6
19048,2019-02-24,1,6,1,7,0,15,7
19049,2019-02-25,6,3,2,0,0,11,6
19050,2019-02-26,8,1,1,3,1,14,7
19051,2019-02-27,3,3,7,6,8,27,5
19052,2019-02-28,5,7,7,3,8,30,5
19053,2019-03-01,3,6,4,4,2,19,4
19054,2019-03-02,3,7,4,2,9,25,7
19055,2019-03-03,1,8,2,0,5,16,8
19056,2019-03-04,2,5,2,5,4,18,3
19057,2019-03-05,8,6,8,7,9,38,3
19058,2019-03-06,4,1,7,5,8,25,7
19059,2019-03-07,1,0,4,1,7,13,7
19060,2019-03-08,2,3,9,5,9,28,7
19061,2019-03-09,2,8,8,1,2,21,7
19062,2019-03-10,8,4,8,4,8,32,4
19063,2019-03-11,2,1,1,8,7,19,7
19064,2019-03-12,7,5,2,2,2,18,5
19065,2019-03-13,4,3,2,6,2,17,4
19066,2019-03-14,2,5,7,9,2,25,7
19067,2019-03-15,5,7,9,0,8,29,9
19068,2019-03-16,5,5,0,9,6,25,9
19069,2019-03-17,7,9,3,2,3,24,7
19070,2019-03-18,7,5,5,4,0,21,7
19071,2019-03-19,2,0,5,2,6,15,6
19072,2019-03-20,9,2,1,9,8,29,8
19073,2019-03-21,7,0,9,9,4,29,9
19074,2019-03-22,8,4,2,5,4,23,6
19075,2019-03-23,4,2,9,6,6,27,7
19076,2019-03-24,2,1,4,0,8,15,8
19077,2019-03-25,5,1,4,4,6,20,5
19078,2019-03-26,2,3,9,2,6,22,7
19079,2019-03-27,0,8,7,2,5,22,8
19080,2019-03-28,3,1,6,5,4,19,5
19081,2019-03-29,9,5,4,0,1,19,9
19082,2019-03-30,5,9,5,6,1,26,8
19083,2019-03-31,0,5,8,3,9,25,9
19084,2019-04-01,3,0,2,3,3,11,3
19085,2019-04-02,6,1,2,5,8,22,7
19086,2019-04-03,3,4,9,3,0,19,9
19087,2019-04-04,0,5,8,0,6,19,8
19088,2019-04-05,3,8,1,6,0,18,8
19089,2019-04-06,3,8,2,3,9,25,7
19090,2019-04-07,7,8,5,1,9,30,8
19091,2019-04-08,0,3,5,4,4,16,5
19092,2019-04-09,5,1,2,6,5,19,5
19093,2019-04-10,5,2,5,1,7,20,6
19094,2019-04-11,0,8,8,7,4,27,8
19095,2019-04-12,1,1,4,5,3,14,4
19096,2019-04-13,9,1,2,5,0,17,9
19097,2019-04-14,0,7,1,4,5,17,7
19098,2019-04-15,5,4,9,6,2,26,7
19099,2019-04-16,4,6,1,8,8,27,7
19100,2019-04-17,3,8,8,8,6,33,5
19101,2019-04-18,5,6,1,3,4,19,5
19102,2019-04-19,0,5,6,3,8,22,8
19103,2019-04-20,3,4,5,6,5,23,3
19104,2019-04-21,4,6,1,4,0,15,6
19105,2019-04-22,4,5,8,6,2,25,6
19106,2019-04-23,3,8,4,2,0,17,8
19107,2019-04-24,2,1,4,6,4,17,5
19108,2019-04-25,3,0,9,3,1,16,9
19109,2019-04-26,9,8,3,0,0,20,9
19110,2019-04-27,3,0,3,0,5,11,5
19111,2019-04-28,4,8,6,0,2,20,8
19112,2019-04-29,5,4,5,9,9,32,5
19113,2019-04-30,4,7,2,7,7,27,5
19114,2019-05-01,9,4,9,3,8,33,6
19115,2019-05-02,0,0,8,1,2,11,8
19116,2019-05-03,8,2,4,4,7,25,6
19117,2019-05-04,3,5,8,6,8,30,5
19118,2019-05-05,6,2,0,9,9,26,9
19119,2019-05-06,2,1,1,5,5,14,4
19120,2019-05-07,9,1,1,2,5,18,8
19121,2019-05-08,8,8,2,4,7,29,6
19122,2019-05-09,6,9,2,1,3,21,8
19123,2019-05-10,4,7,1,8,3,23,7
19124,2019-05-11,2,7,0,9,1,19,9
19125,2019-05-12,4,8,5,3,5,25,5
19126,2019-05-13,1,8,9,1,9,28,8
19127,2019-05-14,2,8,0,2,3,15,8
19128,2019-05-15,0,6,4,0,3,13,6
19129,2019-05-16,5,4,0,5,2,16,5
19130,2019-05-17,7,2,5,3,3,20,5
19131,2019-05-18,6,2,7,7,1,23,6
19132,2019-05-19,5,9,3,2,1,20,8
19133,2019-05-20,1,9,7,3,2,22,8
19134,2019-05-21,4,1,9,1,1,16,8
19135,2019-05-22,0,9,4,5,5,23,9
19136,2019-05-23,9,3,9,8,7,36,6
19137,2019-05-24,7,7,6,1,9,30,8
19138,2019-05-25,0,0,7,4,9,20,9
19139,2019-05-26,4,0,6,1,3,14,6
19140,2019-05-27,1,5,4,0,2,12,5
19141,2019-05-28,0,0,4,0,8,12,8
19142,2019-05-29,0,8,3,0,7,18,8
19143,2019-05-30,5,8,1,9,8,31,8
19144,2019-05-31,4,8,9,5,9,35,5
19145,2019-06-01,0,8,8,3,2,21,8
19146,2019-06-02,3,7,4,2,5,21,5
19147,2019-06-03,5,3,4,6,2,20,4
19148,2019-06-04,1,9,1,5,7,23,8
19149,2019-06-05,8,8,0,5,2,23,8
19150,2019-06-06,9,6,6,3,7,31,6
19151,2019-06-07,5,7,5,8,1,26,7
19152,2019-06-08,2,8,5,6,1,22,7
19153,2019-06-09,0,6,0,4,5,15,6
19154,2019-06-10,3,7,8,3,8,29,5
19155,2019-06-11,0,8,1,1,6,16,8
19156,2019-06-12,6,5,9,2,2,24,7
19157,2019-06-13,3,1,2,6,2,14,5
19158,2019-06-14,7,2,1,0,3,13,7
19159,2019-06-15,1,9,6,3,2,21,8
19160,2019-06-16,4,6,5,9,6,30,5
19161,2019-06-17,9,9,7,3,6,34,6
19162,2019-06-18,6,1,0,2,3,12,6
19163,2019-06-19,4,9,3,9,0,25,9
19164,2019-06-20,7,9,7,1,9,33,8
19165,2019-06-21,1,1,2,0,3,7,3
19166,2019-06-22,8,6,5,6,0,25,8
19167,2019-06-23,3,0,7,5,9,24,9
19168,2019-06-24,7,0,3,2,9,21,9
19169,2019-06-25,0,4,1,5,1,11,5
19170,2019-06-26,3,6,4,7,5,25,4
19171,2019-06-27,4,4,3,7,2,20,5
19172,2019-06-28,7,5,2,5,4,23,5
19173,2019-06-29,8,8,4,7,6,33,4
19174,2019-06-30,3,9,9,1,5,27,8
19175,2019-07-01,3,8,9,5,8,33,6
19176,2019-07-02,0,9,6,4,6,25,9
19177,2019-07-03,2,3,2,6,7,20,5
19178,2019-07-04,7,7,4,6,2,26,5
19179,2019-07-05,7,6,1,3,2,19,6
19180,2019-07-06,2,4,8,5,7,26,6
19181,2019-07-07,3,0,6,0,9,18,9
19182,2019-07-08,7,6,1,5,5,24,6
19183,2019-07-09,8,3,2,6,2,21,6
19184,2019-07-10,4,4,9,5,3,25,6
19185,2019-07-11,4,3,6,9,5,27,6
19186,2019-07-12,5,4,7,6,0,22,7
19187,2019-07-13,8,9,9,8,5,39,4
19188,2019-07-14,3,1,6,2,3,15,5
19189,2019-07-15,8,9,0,9,1,27,9
19190,2019-07-16,1,7,0,2,3,13,7
19191,2019-07-17,2,5,0,3,4,14,5
19192,2019-07-18,7,2,9,4,7,29,7
19193,2019-07-19,6,5,2,0,1,14,6
19194,2019-07-20,3,1,8,4,9,25,8
19195,2019-07-21,6,8,9,1,5,29,8
19196,2019-07-22,6,4,5,2,8,25,6
19197,2019-07-23,6,2,2,5,2,17,4
19198,2019-07-24,2,5,7,3,0,17,7
19199,2019-07-25,4,7,6,2,8,27,6
19200,2019-07-26,4,7,1,7,0,19,7
19201,2019-07-27,2,3,2,0,4,11,4
19202,2019-07-28,8,2,3,9,4,26,7
19203,2019-07-29,1,0,3,9,6,19,9
19204,2019-07-30,5,6,2,1,6,20,5
19205,2019-07-31,1,8,7,1,2,19,7
19206,2019-08-01,9,1,7,8,4,29,8
19207,2019-08-02,1,1,7,7,9,25,8
19208,2019-08-03,8,5,7,4,8,32,4
19209,2019-08-04,8,6,5,1,3,23,7
19210,2019-08-05,7,7,3,6,0,23,7
19211,2019-08-06,5,9,0,0,6,20,9
19212,2019-08-07,7,7,2,5,3,24,5
19213,2019-08-08,7,2,8,6,2,25,6
19214,2019-08-09,9,2,1,1,0,13,9
19215,2019-08-10,8,7,6,8,6,35,2
19216,2019-08-11,6,5,8,0,9,28,9
19217,2019-08-12,1,2,3,2,5,13,4
19218,2019-08-13,6,4,9,2,5,26,7
19219,2019-08-14,3,8,2,0,2,15,8
19220,2019-08-15,3,2,9,7,6,27,7
19221,2019-08-16,7,9,6,1,6,29,8
19222,2019-08-17,9,0,9,8,0,26,9
19223,2019-08-18,5,3,4,7,4,23,4
19224,2019-08-19,0,9,3,1,0,13,9
19225,2019-08-20,3,9,1,6,6,25,8
19226,2019-08-21,3,9,6,1,8,27,8
19227,2019-08-22,8,2,3,9,8,30,7
19228,2019-08-23,9,7,8,9,4,37,5
19229,2019-08-24,9,4,8,5,4,30,5
19230,2019-08-25,6,3,0,5,2,16,6
19231,2019-08-26,9,3,5,7,0,24,9
19232,2019-08-27,7,7,2,7,4,27,5
19233,2019-08-28,5,3,1,1,0,10,5
19234,2019-08-29,2,4,5,6,0,17,6
19235,2019-08-30,4,2,2,2,2,12,2
19236,2019-08-31,0,2,1,4,7,14,7
19237,2019-09-01,8,0,8,2,6,24,8
19238,2019-09-02,4,1,0,3,1,9,4
19239,2019-09-03,4,9,1,6,1,21,8
19240,2019-09-04,8,9,4,1,1,23,8
19241,2019-09-05,3,8,5,1,0,17,8
19242,2019-09-06,8,9,2,4,8,31,7
19243,2019-09-07,5,1,1,6,9,22,8
19244,2019-09-08,0,9,0,1,4,14,9
19245,2019-09-09,5,9,5,8,5,32,4
19246,2019-09-10,4,2,7,5,0,18,7
19247,2019-09-11,4,8,9,1,8,30,8
19248,2019-09-12,3,1,1,0,1,6,3
19249,2019-09-13,6,2,9,8,2,27,7
19250,2019-09-14,1,7,1,6,3,18,6
19251,2019-09-15,2,7,2,5,1,17,6
19252,2019-09-16,4,1,6,7,1,19,6
19253,2019-09-17,6,3,9,0,6,24,9
19254,2019-09-18,6,1,8,6,6,27,7
19255,2019-09-19,2,7,2,2,6,19,5
19256,2019-09-20,4,7,4,1,2,18,6
19257,2019-09-21,8,7,1,1,4,21,7
19258,2019-09-22,5,1,1,9,7,23,8
19259,2019-09-23,4,3,2,2,7,18,5
19260,2019-09-24,1,6,2,0,2,11,6
19261,2019-09-25,8,6,5,4,6,29,4
19262,2019-09-26,7,8,5,7,3,30,5
19263,2019-09-27,9,8,4,0,6,27,9
19264,2019-09-28,6,6,9,7,8,36,3
19265,2019-09-29,5,9,0,6,3,23,9
19266,2019-09-30,4,6,1,9,1,21,8
19267,2019-10-08,0,3,5,4,4,16,5
19268,2019-10-09,0,8,1,2,6,17,8
19269,2019-10-10,8,5,4,0,3,20,8
19270,2019-10-11,6,0,1,8,8,23,8
19271,2019-10-12,9,5,1,7,6,28,8
19272,2019-10-13,0,1,4,1,6,12,6
19273,2019-10-14,8,2,2,7,5,24,6
19274,2019-10-15,1,0,2,0,7,10,7
19275,2019-10-16,2,8,7,6,1,24,7
19276,2019-10-17,8,1,8,5,0,22,8
19277,2019-10-18,7,3,7,9,7,33,6
19278,2019-10-19,1,9,4,0,9,23,9
19279,2019-10-20,1,7,7,5,1,21,6
19280,2019-10-21,2,9,4,0,6,21,9
19281,2019-10-22,0,0,5,2,3,10,5
19282,2019-10-23,6,2,6,1,4,19,5
19283,2019-10-24,0,4,9,4,4,21,9
19284,2019-10-25,9,9,2,9,6,35,7
19285,2019-10-26,0,7,1,4,9,21,9
19286,2019-10-27,7,7,4,7,1,26,6
19287,2019-10-28,3,3,7,2,3,18,5
19288,2019-10-29,7,8,9,1,1,26,8
19289,2019-10-30,2,4,9,7,2,24,7
19290,2019-10-31,4,8,5,1,6,24,7
19291,2019-11-01,6,7,6,3,6,28,4
19292,2019-11-02,4,8,6,8,8,34,4
19293,2019-11-03,5,9,9,7,9,39,4
19294,2019-11-04,7,5,8,3,7,30,5
19295,2019-11-05,3,3,5,2,3,16,3
19296,2019-11-06,8,7,0,2,0,17,8
19297,2019-11-07,5,2,5,2,4,18,3
19298,2019-11-08,5,5,5,0,3,18,5
19299,2019-11-09,5,7,8,2,3,25,6
19300,2019-11-10,5,3,7,2,4,21,5
19301,2019-11-11,3,7,9,1,5,25,8
19302,2019-11-12,7,4,4,9,6,30,5
19303,2019-11-13,6,6,9,1,6,28,8
19304,2019-11-14,6,6,3,6,6,27,3
19305,2019-11-15,4,8,2,8,8,30,6
19306,2019-11-16,6,4,7,4,9,30,5
19307,2019-11-17,0,2,7,8,6,23,8
19308,2019-11-18,6,7,5,6,7,31,2
19309,2019-11-19,3,5,4,1,1,14,4
19310,2019-11-20,7,5,4,0,0,16,7
19311,2019-11-21,1,1,4,2,7,15,6
19312,2019-11-22,5,7,6,1,1,20,6
19313,2019-11-23,2,4,1,0,9,16,9
19314,2019-11-24,2,0,0,3,4,9,4
19315,2019-11-25,4,5,1,6,0,16,6
19316,2019-11-26,4,8,1,7,9,29,8
19317,2019-11-27,4,2,3,3,8,20,6
19318,2019-11-28,3,1,9,6,9,28,8
19319,2019-11-29,3,3,1,6,5,18,5
19320,2019-11-30,7,8,7,8,3,33,5
19321,2019-12-01,5,9,3,0,5,22,9
19322,2019-12-02,9,7,2,2,5,25,7
19323,2019-12-03,8,3,0,7,1,19,8
19324,2019-12-04,3,7,3,6,1,20,6
19325,2019-12-05,7,4,4,2,9,26,7
19326,2019-12-06,2,0,9,1,3,15,9
19327,2019-12-07,7,7,0,3,0,17,7
19328,2019-12-08,5,9,6,1,2,23,8
19329,2019-12-09,4,1,2,2,7,16,6
19330,2019-12-10,3,9,7,1,7,27,8
19331,2019-12-11,8,6,0,2,0,16,8
19332,2019-12-12,2,5,4,7,5,23,5
19333,2019-12-13,3,8,3,2,9,25,7
19334,2019-12-14,9,7,2,4,0,22,9
19335,2019-12-15,3,6,9,6,4,28,6
19336,2019-12-16,2,3,4,5,4,18,3
19337,2019-12-17,4,0,7,5,3,19,7
19338,2019-12-18,5,4,7,6,9,31,5
19339,2019-12-19,9,0,1,2,6,18,9
19340,2019-12-20,3,8,3,9,7,30,6
19341,2019-12-21,0,3,0,6,0,9,6
19342,2019-12-22,1,7,8,4,9,29,8
19343,2019-12-23,9,5,2,0,5,21,9
19344,2019-12-24,0,8,7,0,9,24,9
19345,2019-12-25,8,7,4,0,8,27,8
19346,2019-12-26,5,8,9,4,0,26,9
19347,2019-12-27,5,4,9,4,8,30,5
19348,2019-12-28,0,5,5,5,3,18,5
19349,2019-12-29,3,3,8,8,8,30,5
19350,2019-12-30,8,1,8,1,0,18,8
19351,2019-12-31,9,7,7,5,7,35,4
20001,2020-01-01,2,0,2,2,8,14,8
20002,2020-01-02,1,6,1,3,6,17,5
20003,2020-01-03,8,9,3,6,9,35,6
20004,2020-01-04,4,9,8,9,9,39,5
20005,2020-01-05,5,6,9,0,3,23,9
20006,2020-01-06,0,8,3,6,0,17,8
20007,2020-01-07,3,0,9,7,4,23,9
20008,2020-01-08,1,8,8,3,4,24,7
20009,2020-01-09,2,0,8,1,2,13,8
20010,2020-01-10,0,1,1,1,1,4,1
20011,2020-01-11,4,5,9,5,1,24,8
20012,2020-01-12,3,1,3,9,9,25,8
20013,2020-01-13,0,8,1,0,7,16,8
20014,2020-01-14,1,6,1,5,0,13,6
20015,2020-01-15,3,2,2,7,3,17,5
20016,2020-01-16,4,0,2,5,8,19,8
20017,2020-01-17,7,2,8,4,8,29,6
20018,2020-01-18,5,8,5,1,1,20,7
20019,2020-01-19,9,7,3,3,9,31,6
20020,2020-01-20,1,6,6,2,7,22,6
20021,2020-01-21,9,6,4,6,2,27,7
20022,2020-03-12,6,3,4,2,8,23,6
20023,2020-03-13,0,6,1,4,1,12,6
20024,2020-03-14,6,1,4,1,0,12,6
20025,2020-03-15,4,2,4,0,5,15,5
20026,2020-03-16,7,0,5,6,5,23,7
20027,2020-03-17,2,3,9,6,9,29,7
20028,2020-03-18,5,1,3,2,2,13,4
20029,2020-03-19,3,9,5,1,5,23,8
20030,2020-03-20,7,1,9,9,7,33,8
20031,2020-03-21,9,3,7,8,6,33,6
20032,2020-03-22,6,8,8,7,1,30,7
20033,2020-03-23,7,6,7,8,7,35,2
20034,2020-03-24,4,7,3,9,8,31,6
20035,2020-03-25,3,2,8,1,6,20,7
20036,2020-03-26,3,0,1,5,1,10,5
20037,2020-03-27,1,2,0,2,7,12,7
20038,2020-03-28,7,3,9,2,9,30,7
20039,2020-03-29,8,4,6,1,9,28,8
20040,2020-03-30,3,8,9,2,3,25,7
20041,2020-03-31,7,0,5,1,0,13,7
20042,2020-04-01,2,7,4,3,6,22,5
20043,2020-04-02,0,7,0,8,9,24,9
20044,2020-04-03,1,2,0,7,5,15,7
20045,2020-04-04,0,3,1,6,5,15,6
20046,2020-04-05,3,2,4,1,9,19,8
20047,2020-04-06,8,0,9,9,6,32,9
20048,2020-04-07,8,5,4,0,3,20,8
20049,2020-04-08,7,1,0,7,2,17,7
20050,2020-04-09,5,9,3,5,4,26,6
20051,2020-04-10,7,5,3,5,0,20,7
20052,2020-04-11,2,2,3,3,0,10,3
20053,2020-04-12,5,8,8,4,6,31,4
20054,2020-04-13,0,8,7,1,6,22,8
20055,2020-04-14,6,5,9,3,1,24,8
20056,2020-04-15,5,7,8,3,4,27,5
20057,2020-04-16,0,5,7,0,8,20,8
20058,2020-04-17,2,2,8,0,2,14,8
20059,2020-04-18,0,1,9,6,5,21,9
20060,2020-04-19,4,9,0,4,1,18,9
20061,2020-04-20,1,5,2,7,9,24,8
20062,2020-04-21,3,1,8,8,9,29,8
20063,2020-04-22,5,3,1,6,4,19,5
20064,2020-04-23,3,5,2,0,3,13,5
20065,2020-04-24,1,9,9,8,7,34,8
20066,2020-04-25,2,6,2,6,3,19,4
20067,2020-04-26,4,7,7,0,4,22,7
20068,2020-04-27,4,1,0,7,5,17,7
20069,2020-04-28,7,8,8,4,3,30,5
20070,2020-04-29,8,0,4,6,3,21,8
20071,2020-04-30,3,8,4,0,3,18,8
20072,2020-05-01,7,9,0,5,1,22,9
20073,2020-05-02,6,6,9,1,2,24,8
20074,2020-05-03,2,2,4,6,3,17,4
20075,2020-05-04,5,8,5,5,0,23,8
20076,2020-05-05,8,6,4,3,6,27,5
20077,2020-05-06,2,1,3,4,8,18,7
20078,2020-05-07,3,5,6,6,3,23,3
20079,2020-05-08,1,0,3,9,8,21,9
20080,2020-05-09,3,8,4,7,9,31,6
20081,2020-05-10,2,6,2,0,2,12,6
20082,2020-05-11,8,8,9,5,5,35,4
20083,2020-05-12,0,9,6,5,9,29,9
20084,2020-05-13,5,6,7,5,4,27,3
20085,2020-05-14,8,3,5,0,2,18,8
20086,2020-05-15,9,7,2,5,0,23,9
20087,2020-05-16,3,4,3,3,6,19,3
20088,2020-05-17,5,5,1,6,3,20,5
20089,2020-05-18,0,8,7,2,1,18,8
20090,2020-05-19,5,5,9,7,2,28,7
20091,2020-05-20,5,9,9,8,0,31,9
20092,2020-05-21,6,1,6,1,8,22,7
20093,2020-05-22,7,3,0,5,2,17,7
20094,2020-05-23,3,2,8,7,5,25,6
20095,2020-05-24,4,2,5,8,8,27,6
20096,2020-05-25,7,1,8,5,3,24,7
20097,2020-05-26,9,3,5,6,4,27,6
20098,2020-05-27,4,4,9,6,3,26,6
20099,2020-05-28,7,9,8,9,7,40,2
20100,2020-05-29,0,6,4,3,8,21,8
20101,2020-05-30,2,6,7,7,6,28,5
20102,2020-05-31,8,7,7,9,4,35,5
20103,2020-06-01,9,0,4,9,1,23,9
20104,2020-06-02,2,9,5,9,5,30,7
20105,2020-06-03,5,9,8,4,3,29,6
20106,2020-06-04,4,4,0,2,0,10,4
20107,2020-06-05,1,9,8,4,3,25,8
20108,2020-06-06,2,6,7,7,7,29,5
20109,2020-06-07,3,1,7,4,0,15,7
20110,2020-06-08,2,8,2,3,6,21,6
20111,2020-06-09,6,7,5,0,6,24,7
20112,2020-06-10,4,2,1,6,3,16,5
20113,2020-06-11,0,7,5,0,1,13,7
20114,2020-06-12,0,6,5,5,5,21,6
20115,2020-06-13,5,5,2,8,2,22,6
20116,2020-06-14,9,3,4,0,2,18,9
20117,2020-06-15,8,3,4,4,8,27,5
20118,2020-06-16,2,0,4,6,3,15,6
20119,2020-06-17,1,6,0,4,6,17,6
20120,2020-06-18,2,4,2,6,1,15,5
20121,2020-06-19,7,1,8,4,1,21,7
20122,2020-06-20,6,3,9,9,2,29,7
20123,2020-06-21,2,4,8,0,4,18,8
20124,2020-06-22,6,2,9,6,6,29,7
20125,2020-06-23,6,6,0,0,8,20,8
20126,2020-06-24,4,9,4,2,4,23,7
20127,2020-06-25,3,2,5,2,0,12,5
20128,2020-06-26,0,8,6,8,7,29,8
20129,2020-06-27,0,1,1,9,8,19,9
20130,2020-06-28,9,6,8,1,5,29,8
20131,2020-06-29,3,5,8,4,4,24,5
20132,2020-06-30,8,7,9,5,8,37,4
20133,2020-07-01,0,7,7,0,1,15,7
20134,2020-07-02,7,5,3,2,5,22,5
20135,2020-07-03,6,0,3,3,6,18,6
20136,2020-07-04,5,5,2,8,7,27,6
20137,2020-07-05,1,0,2,9,1,13,9
20138,2020-07-06,0,0,4,1,8,13,8
20139,2020-07-07,9,5,6,9,6,35,4
20140,2020-07-08,5,1,5,2,7,20,6
20141,2020-07-09,8,3,3,2,1,17,7
20142,2020-07-10,7,1,3,1,6,18,6
20143,2020-07-11,8,5,4,6,4,27,4
20144,2020-07-12,6,1,0,7,2,16,7
20145,2020-07-13,8,4,6,2,4,24,6
20146,2020-07-14,8,8,0,5,0,21,8
20147,2020-07-15,0,7,9,6,4,26,9
20148,2020-07-16,9,6,4,1,3,23,8
20149,2020-07-17,3,3,4,9,4,23,6
20150,2020-07-18,3,7,3,5,8,26,5
20151,2020-07-19,8,0,0,4,5,17,8
20152,2020-07-20,6,9,8,8,0,31,9
20153,2020-07-21,0,6,6,5,8,25,8
20154,2020-07-22,8,1,0,6,2,17,8
20155,2020-07-23,0,1,2,3,7,13,7
20156,2020-07-24,0,9,8,9,3,29,9
20157,2020-07-25,7,6,4,9,9,35,5
20158,2020-07-26,2,6,6,2,4,20,4
20159,2020-07-27,4,8,1,1,7,21,7
20160,2020-07-28,9,2,0,8,7,26,9
20161,2020-07-29,7,0,4,4,1,16,7
20162,2020-07-30,6,2,8,1,6,23,7
20163,2020-07-31,2,3,0,3,2,10,3
20164,2020-08-01,4,8,4,2,0,18,8
20165,2020-08-02,0,5,9,6,4,24,9
20166,2020-08-03,3,4,3,3,8,21,5
20167,2020-08-04,8,4,1,8,8,29,7
20168,2020-08-05,7,8,6,9,2,32,7
20169,2020-08-06,1,2,2,4,1,10,3
20170,2020-08-07,6,5,0,5,5,21,6
20171,2020-08-08,2,4,3,8,4,21,6
20172,2020-08-09,6,0,3,8,7,24,8
20173,2020-08-10,3,1,7,8,1,20,7
20174,2020-08-11,2,9,4,9,5,29,7
20175,2020-08-12,9,4,4,4,4,25,5
20176,2020-08-13,9,6,2,5,7,29,7
20177,2020-08-14,4,8,1,0,6,19,8
20178,2020-08-15,3,3,7,4,7,24,4
20179,2020-08-16,0,6,9,7,2,24,9
20180,2020-08-17,1,2,7,8,7,25,7
20181,2020-08-18,2,9,3,7,5,26,7
20182,2020-08-19,9,1,3,8,2,23,8
20183,2020-08-20,8,6,6,6,7,33,2
20184,2020-08-21,5,5,5,5,7,27,2
20185,2020-08-22,1,9,7,8,3,28,8
20186,2020-08-23,5,4,7,8,8,32,4
20187,2020-08-24,1,4,3,1,3,12,3
20188,2020-08-25,2,9,4,1,5,21,8
20189,2020-08-26,9,1,7,2,1,20,8
20190,2020-08-27,7,3,3,6,3,22,4
20191,2020-08-28,9,3,6,6,7,31,6
20192,2020-08-29,8,4,9,8,8,37,5
20193,2020-08-30,3,0,9,6,6,24,9
20194,2020-08-31,4,3,6,9,8,30,6
20195,2020-09-01,8,3,9,9,5,34,6
20196,2020-09-02,8,4,1,6,0,19,8
20197,2020-09-03,4,2,9,9,2,26,7
20198,2020-09-04,6,1,2,2,3,14,5
20199,2020-09-05,7,0,8,5,5,25,8
20200,2020-09-06,0,2,3,1,7,13,7
20201,2020-09-07,8,1,6,6,8,29,7
20202,2020-09-08,2,6,0,4,9,21,9
20203,2020-09-09,6,7,7,8,3,31,5
20204,2020-09-10,0,7,4,8,9,28,9
20205,2020-09-11,6,8,1,1,2,18,7
20206,2020-09-12,6,1,1,3,0,11,6
20207,2020-09-13,3,7,8,1,7,26,7
20208,2020-09-14,8,1,1,0,3,13,8
20209,2020-09-15,2,0,7,3,2,14,7
20210,2020-09-16,3,2,6,0,4,15,6
20211,2020-09-17,4,6,3,6,1,20,5
20212,2020-09-18,5,5,9,7,4,30,5
20213,2020-09-19,7,3,6,2,4,22,5
20214,2020-09-20,8,6,0,7,2,23,8
20215,2020-09-21,7,9,7,0,3,26,9
20216,2020-09-22,6,2,3,8,6,25,6
20217,2020-09-23,7,1,9,0,3,20,9
20218,2020-09-24,6,4,8,3,8,29,5
20219,2020-09-25,0,2,0,5,2,9,5
20220,2020-09-26,2,9,3,4,9,27,7
20221,2020-09-27,4,4,2,6,4,20,4
20222,2020-09-28,5,2,8,8,1,24,7
20223,2020-09-29,2,3,1,8,6,20,7
20224,2020-09-30,9,3,9,6,9,36,6
20225,2020-10-05,0,2,7,1,3,13,7
20226,2020-10-06,2,0,0,2,5,9,5
20227,2020-10-07,1,8,8,0,5,22,8
20228,2020-10-08,4,3,0,4,3,14,4
20229,2020-10-09,9,1,1,0,6,17,9
20230,2020-10-10,5,7,3,9,8,32,6
20231,2020-10-11,1,1,5,9,5,21,8
20232,2020-10-12,0,5,6,2,3,16,6
20233,2020-10-13,3,9,3,3,8,26,6
20234,2020-10-14,6,1,0,3,1,11,6
20235,2020-10-15,2,8,4,6,6,26,6
20236,2020-10-16,9,9,8,5,3,34,6
20237,2020-10-17,5,2,4,9,0,20,9
20238,2020-10-18,2,7,5,3,4,21,5
20239,2020-10-19,8,2,1,0,9,20,9
20240,2020-10-20,8,6,1,4,5,24,7
20241,2020-10-21,0,4,9,3,7,23,9
20242,2020-10-22,8,2,8,0,7,25,8
20243,2020-10-23,0,8,2,3,9,22,9
20244,2020-10-24,9,7,8,9,5,38,4
20245,2020-10-25,8,9,5,2,0,24,9
20246,2020-10-26,5,2,5,9,2,23,7
20247,2020-10-27,9,8,0,8,5,30,9
20248,2020-10-28,9,6,2,1,6,24,8
20249,2020-10-29,7,0,0,5,8,20,8
20250,2020-10-30,8,3,9,5,1,26,8
20251,2020-10-31,2,5,2,3,4,16,3
20252,2020-11-01,7,6,1,6,4,24,6
20253,2020-11-02,8,5,8,5,7,33,3
20254,2020-11-03,1,2,0,1,5,9,5
20255,2020-11-04,4,6,0,8,1,19,8
20256,2020-11-05,2,0,8,2,1,13,8
20257,2020-11-06,2,5,8,4,6,25,6
20258,2020-11-07,4,6,8,2,6,26,6
20259,2020-11-08,2,3,0,0,5,10,5
20260,2020-11-09,2,7,8,6,1,24,7
20261,2020-11-10,8,3,3,3,2,19,6
20262,2020-11-11,6,6,5,7,0,24,7
20263,2020-11-12,8,0,9,7,2,26,9
20264,2020-11-13,1,6,0,6,7,20,7
20265,2020-11-14,7,7,0,4,3,21,7
20266,2020-11-15,1,1,0,8,7,17,8
20267,2020-11-16,6,2,5,8,1,22,7
20268,2020-11-17,6,3,5,8,0,22,8
20269,2020-11-18,6,9,3,7,6,31,6
20270,2020-11-19,4,1,4,4,1,14,3
20271,2020-11-20,9,2,9,5,5,30,7
20272,2020-11-21,2,4,3,8,2,19,6
20273,2020-11-22,1,7,4,8,8,28,7
20274,2020-11-23,5,9,5,6,3,28,6
20275,2020-11-24,7,1,6,3,4,21,6
20276,2020-11-25,9,9,4,8,8,38,5
20277,2020-11-26,5,6,7,8,8,34,3
20278,2020-11-27,2,7,4,8,1,22,7
20279,2020-11-28,9,3,2,9,1,24,8
20280,2020-11-29,1,6,0,6,4,17,6
20281,2020-11-30,9,5,1,7,9,31,8
20282,2020-12-01,2,5,7,4,5,23,5
20283,2020-12-02,5,7,0,9,8,29,9
20284,2020-12-03,3,3,7,8,7,28,5
20285,2020-12-04,1,4,4,0,9,18,9
20286,2020-12-05,5,1,9,8,8,31,8
20287,2020-12-06,2,7,6,3,0,18,7
20288,2020-12-07,6,9,3,4,6,28,6
20289,2020-12-08,5,9,3,7,2,26,7
20290,2020-12-09,8,4,6,5,9,32,5
20291,2020-12-10,4,6,8,8,4,30,4
20292,2020-12-11,7,6,7,2,9,31,7
20293,2020-12-12,2,0,3,4,9,18,9
20294,2020-12-13,6,3,0,3,4,16,6
20295,2020-12-14,8,3,9,8,5,33,6
20296,2020-12-15,2,5,1,8,2,18,7
20297,2020-12-16,7,4,5,7,3,26,4
20298,2020-12-17,2,9,0,2,7,20,9
20299,2020-12-18,3,2,3,2,9,19,7
20300,2020-12-19,4,1,2,4,7,18,6
20301,2020-12-20,4,1,8,5,1,19,7
20302,2020-12-21,1,0,8,0,8,17,8
20303,2020-12-22,9,0,6,2,9,26,9
20304,2020-12-23,6,2,7,0,5,20,7
20305,2020-12-24,3,7,3,5,8,26,5
20306,2020-12-25,4,3,8,6,2,23,6
20307,2020-12-26,6,9,5,5,5,30,4
20308,2020-12-27,5,7,4,3,0,19,7
20309,2020-12-28,2,7,2,5,8,24,6
20310,2020-12-29,5,0,3,5,6,19,6
20311,2020-12-30,5,8,0,0,2,15,8
20312,2020-12-31,6,1,4,8,6,25,7
21001,2021-01-01,3,2,6,4,3,18,4
21002,2021-01-02,3,5,5,2,2,17,3
21003,2021-01-03,8,8,0,4,9,29,9
21004,2021-01-04,5,0,1,5,3,14,5
21005,2021-01-05,6,3,3,7,8,27,5
21006,2021-01-06,9,0,8,4,7,28,9
21007,2021-01-07,9,0,1,2,2,14,9
21008,2021-01-08,6,4,7,8,2,27,6
21009,2021-01-09,2,3,1,8,9,23,8
21010,2021-01-10,7,4,3,9,6,29,6
21011,2021-01-11,9,6,0,4,2,21,9
21012,2021-01-12,9,0,6,4,1,20,9
21013,2021-01-13,8,8,7,2,6,31,6
21014,2021-01-14,7,9,0,3,6,25,9
21015,2021-01-15,6,5,9,9,7,36,4
21016,2021-01-16,2,2,3,4,1,12,3
21017,2021-01-17,0,0,1,0,1,2,1
21018,2021-01-18,4,6,8,2,6,26,6
21019,2021-01-19,2,5,2,5,9,23,7
21020,2021-01-20,3,9,8,0,3,23,9
21021,2021-01-21,9,7,2,8,0,26,9
21022,2021-01-22,9,6,3,9,6,33,6
21023,2021-01-23,8,4,0,6,7,25,8
21024,2021-01-24,3,4,2,8,9,26,7
21025,2021-01-25,8,5,9,6,6,34,4
21026,2021-01-26,4,2,6,7,0,19,7
21027,2021-01-27,0,2,3,6,5,16,6
21028,2021-01-28,7,9,0,7,5,28,9
21029,2021-01-29,8,6,5,9,8,36,4
21030,2021-01-30,2,2,5,5,2,16,3
21031,2021-01-31,7,1,4,2,8,22,7
21032,2021-02-01,3,7,3,1,9,23,8
21033,2021-02-02,4,5,2,7,0,18,7
21034,2021-02-03,5,3,4,3,2,17,3
21035,2021-02-04,5,4,6,3,8,26,5
21036,2021-02-05,9,5,6,8,9,37,4
21037,2021-02-06,1,6,1,1,6,15,5
21038,2021-02-07,4,9,2,6,5,26,7
21039,2021-02-08,6,7,5,7,3,28,4
21040,2021-02-19,3,4,1,9,9,26,8
21041,2021-02-20,9,9,2,8,2,30,7
21042,2021-02-21,9,5,6,4,8,32,5
21043,2021-02-22,0,5,4,0,8,17,8
21044,2021-02-23,2,6,9,7,1,25,8
21045,2021-02-24,2,5,2,5,4,18,3
21046,2021-02-25,0,4,7,7,8,26,8
21047,2021-02-26,6,2,6,8,8,30,6
21048,2021-02-27,9,4,5,6,7,31,5
21049,2021-02-28,6,0,3,9,3,21,9
21050,2021-03-01,4,6,0,7,2,19,7
21051,2021-03-02,7,3,0,0,3,13,7
21052,2021-03-03,9,8,6,5,9,37,4
21053,2021-03-04,9,5,4,8,8,34,5
21054,2021-03-05,1,2,5,4,5,17,4
21055,2021-03-06,6,0,7,8,6,27,8
21056,2021-03-07,6,2,2,4,7,21,5
21057,2021-03-08,2,5,7,1,8,23,7
21058,2021-03-09,9,7,2,1,4,23,8
21059,2021-03-10,6,3,6,2,0,17,6
21060,2021-03-11,6,5,5,6,0,22,6
21061,2021-03-12,3,6,8,6,7,30,5
21062,2021-03-13,4,4,6,8,6,28,4
21063,2021-03-14,6,7,3,3,3,22,4
21064,2021-03-15,6,2,6,0,5,19,6
21065,2021-03-16,6,4,2,9,4,25,7
21066,2021-03-17,5,2,3,0,6,16,6
21067,2021-03-18,1,7,0,1,3,12,7
21068,2021-03-19,0,4,5,5,8,22,8
21069,2021-03-20,7,1,9,0,7,24,9
21070,2021-03-21,9,8,8,7,9,41,2
21071,2021-03-22,6,5,5,9,6,31,4
21072,2021-03-23,5,6,2,1,8,22,7
21073,2021-03-24,1,7,3,4,3,18,6
21074,2021-03-25,2,7,9,9,6,33,7
21075,2021-03-26,0,6,8,4,3,21,8
21076,2021-03-27,0,1,8,8,2,19,8
21077,2021-03-28,7,1,0,2,2,12,7
21078,2021-03-29,6,8,6,3,6,29,5
21079,2021-03-30,9,5,9,3,2,28,7
21080,2021-03-31,6,4,5,4,3,22,3
21081,2021-04-01,2,4,1,6,5,18,5
21082,2021-04-02,2,2,7,8,4,23,6
21083,2021-04-03,6,7,6,8,3,30,5
21084,2021-04-04,4,9,3,9,6,31,6
21085,2021-04-05,9,9,6,1,5,30,8
21086,2021-04-06,2,6,3,9,1,21,8
21087,2021-04-07,8,6,6,6,4,30,4
21088,2021-04-08,3,0,4,2,8,17,8
21089,2021-04-09,2,4,5,5,5,21,3
21090,2021-04-10,6,7,8,4,1,26,7
21091,2021-04-11,4,7,2,5,6,24,5
21092,2021-04-12,8,7,0,0,5,20,8
21093,2021-04-13,4,3,1,8,6,22,7
21094,2021-04-14,5,6,9,8,4,32,5
21095,2021-04-15,9,5,2,8,1,25,8
21096,2021-04-16,5,9,3,7,3,27,6
21097,2021-04-17,8,1,6,6,0,21,8
21098,2021-04-18,3,0,2,4,3,12,4
21099,2021-04-19,4,9,1,8,6,28,8
21100,2021-04-20,2,7,6,1,6,22,6
21101,2021-04-21,7,8,6,7,1,29,7
21102,2021-04-22,1,1,6,8,9,25,8
21103,2021-04-23,8,3,3,2,5,21,6
21104,2021-04-24,9,0,6,4,3,22,9
21105,2021-04-25,6,3,8,9,2,28,7
21106,2021-04-26,7,3,3,2,0,15,7
21107,2021-04-27,2,6,4,8,0,20,8
21108,2021-04-28,5,5,3,0,2,15,5
21109,2021-04-29,1,7,2,3,7,20,6
21110,2021-04-30,2,3,4,3,4,16,2
21111,2021-05-01,8,3,8,4,7,30,5
21112,2021-05-02,4,5,1,3,5,18,4
21113,2021-05-03,0,3,2,1,5,11,5
21114,2021-05-04,7,1,3,8,9,28,8
21115,2021-05-05,8,3,4,3,3,21,5
21116,2021-05-06,4,1,4,3,2,14,3
21117,2021-05-07,9,2,3,7,1,22,8
21118,2021-05-08,6,9,4,4,8,31,5
21119,2021-05-09,1,3,6,9,6,25,8
21120,2021-05-10,6,8,6,9,8,37,3
21121,2021-05-11,0,8,0,5,6,19,8
21122,2021-05-12,8,5,3,6,9,31,6
21123,2021-05-13,8,2,2,1,4,17,7
21124,2021-05-14,4,9,2,1,7,23,8
21125,2021-05-15,9,1,9,8,8,35,8
21126,2021-05-16,8,1,3,1,0,13,8
21127,2021-05-17,4,4,9,4,5,26,5
21128,2021-05-18,6,8,9,3,1,27,8
21129,2021-05-19,7,9,3,5,5,29,6
21130,2021-05-20,1,7,2,8,9,27,8
21131,2021-05-21,2,2,3,9,3,19,7
21132,2021-05-22,7,4,1,7,8,27,7
21133,2021-05-23,5,3,2,0,6,16,6
21134,2021-05-24,2,1,6,9,9,27,8
21135,2021-05-25,5,0,5,2,4,16,5
21136,2021-05-26,4,6,9,8,0,27,9
21137,2021-05-27,6,8,5,2,1,22,7
21138,2021-05-28,9,2,8,3,3,25,7
21139,2021-05-29,6,4,9,9,6,34,5
21140,2021-05-30,1,3,2,5,0,11,5
21141,2021-05-31,1,0,3,2,8,14,8
21142,2021-06-01,1,9,7,3,3,23,8
21143,2021-06-02,3,8,6,7,6,30,5
21144,2021-06-03,0,7,4,8,2,21,8
21145,2021-06-04,2,4,5,1,0,12,5
21146,2021-06-05,9,0,1,4,8,22,9
21147,2021-06-06,2,5,7,2,3,19,5
21148,2021-06-07,2,1,5,6,1,15,5
21149,2021-06-08,8,7,8,1,2,26,7
21150,2021-06-09,3,0,1,1,7,12,7
21151,2021-06-10,8,2,6,9,8,33,7
21152,2021-06-11,3,4,8,0,9,24,9
21153,2021-06-12,3,6,8,1,7,25,7
21154,2021-06-13,5,9,1,9,8,32,8
21155,2021-06-14,2,1,7,5,8,23,7
21156,2021-06-15,7,3,2,8,2,22,6
21157,2021-06-16,2,1,9,1,0,13,9
21158,2021-06-17,9,0,5,9,7,30,9
21159,2021-06-18,2,3,7,9,3,24,7
21160,2021-06-19,9,5,8,7,0,29,9
21161,2021-06-20,7,6,2,4,4,23,5
21162,2021-06-21,7,9,3,9,8,36,6
21163,2021-06-22,6,1,1,7,3,18,6
21164,2021-06-23,1,3,7,6,2,19,6
21165,2021-06-24,5,0,6,4,6,21,6
21166,2021-06-25,8,1,0,4,4,17,8
21167,2021-06-26,6,6,5,3,6,26,3
21168,2021-06-27,9,4,6,1,2,22,8
21169,2021-06-28,1,1,6,8,0,16,8
21170,2021-06-29,4,9,9,6,6,34,5
21171,2021-06-30,4,6,5,6,5,26,2
21172,2021-07-01,7,5,7,2,7,28,5
21173,2021-07-02,0,9,7,6,9,31,9
21174,2021-07-03,2,4,3,1,6,16,5
21175,2021-07-04,1,1,7,4,5,18,6
21176,2021-07-05,8,6,5,5,5,29,3
21177,2021-07-06,0,1,7,8,0,16,8
21178,2021-07-07,9,0,0,8,7,24,9
21179,2021-07-08,8,6,6,2,7,29,6
21180,2021-07-09,9,3,0,9,7,28,9
21181,2021-07-10,5,4,9,5,0,23,9
21182,2021-07-11,2,2,9,9,1,23,8
21183,2021-07-12,3,5,0,1,5,14,5
21184,2021-07-13,8,1,1,4,4,18,7
21185,2021-07-14,6,9,5,2,2,24,7
21186,2021-07-15,6,9,1,1,0,17,9
21187,2021-07-16,3,7,5,4,7,26,4
21188,2021-07-17,6,0,8,8,7,29,8
21189,2021-07-18,8,1,0,5,7,21,8
21190,2021-07-19,4,2,8,3,3,20,6
21191,2021-07-20,0,4,9,2,3,18,9
21192,2021-07-21,7,4,0,7,0,18,7
21193,2021-07-22,9,5,1,3,0,18,9
21194,2021-07-23,5,2,3,7,2,19,5
21195,2021-07-24,6,0,2,5,8,21,8
21196,2021-07-25,8,6,6,1,0,21,8
21197,2021-07-26,0,6,4,3,5,18,6
21198,2021-07-27,1,8,5,7,5,26,7
21199,2021-07-28,4,8,3,7,4,26,5
21200,2021-07-29,4,0,9,7,1,21,9
21201,2021-07-30,2,4,5,1,0,12,5
21202,2021-07-31,4,8,8,2,5,27,6
21203,2021-08-01,9,5,9,7,1,31,8
21204,2021-08-02,5,0,6,3,8,22,8
21205,2021-08-03,0,8,2,0,9,19,9
21206,2021-08-04,4,6,9,5,9,33,5
21207,2021-08-05,0,7,0,3,5,15,7
21208,2021-08-06,5,2,0,7,7,21,7
21209,2021-08-07,6,5,4,9,2,26,7
21210,2021-08-08,5,8,2,4,0,19,8
21211,2021-08-09,6,7,5,8,2,28,6
21212,2021-08-10,0,1,2,2,3,8,3
21213,2021-08-11,1,2,0,1,6,10,6
21214,2021-08-12,2,8,1,9,9,29,8
21215,2021-08-13,7,1,2,1,8,19,7
21216,2021-08-14,4,5,4,1,3,17,4
21217,2021-08-15,5,4,7,2,5,23,5
21218,2021-08-16,5,3,0,6,5,19,6
21219,2021-08-17,3,2,9,5,3,22,7
21220,2021-08-18,1,2,7,0,2,12,7
21221,2021-08-19,1,8,5,3,3,20,7
21222,2021-08-20,0,2,8,2,6,18,8
21223,2021-08-21,8,2,3,4,1,18,7
21224,2021-08-22,9,3,7,3,4,26,6
21225,2021-08-23,8,2,4,0,9,23,9
21226,2021-08-24,5,0,9,4,3,21,9
21227,2021-08-25,3,5,7,5,4,24,4
21228,2021-08-26,5,5,2,8,9,29,7
21229,2021-08-27,3,5,9,5,6,28,6
21230,2021-08-28,7,7,5,1,7,27,6
21231,2021-08-29,7,6,2,9,8,32,7
21232,2021-08-30,7,7,9,4,2,29,7
21233,2021-08-31,0,2,2,3,1,8,3
21234,2021-09-01,1,6,3,0,8,18,8
21235,2021-09-02,3,3,2,4,0,12,4
21236,2021-09-03,7,1,4,2,7,21,6
21237,2021-09-04,2,0,3,8,9,22,9
21238,2021-09-05,1,3,4,1,5,14,4
21239,2021-09-06,3,1,9,4,6,23,8
21240,2021-09-07,0,1,3,9,2,15,9
21241,2021-09-08,8,4,8,7,3,30,5
21242,2021-09-09,9,7,3,1,3,23,8
21243,2021-09-10,0,9,7,4,2,22,9
21244,2021-09-11,4,0,1,5,7,17,7
21245,2021-09-12,9,2,6,2,4,23,7
21246,2021-09-13,9,8,0,2,0,19,9
21247,2021-09-14,5,2,5,3,1,16,4
21248,2021-09-15,3,0,8,5,8,24,8
21249,2021-09-16,2,9,0,9,7,27,9
21250,2021-09-17,4,4,8,7,7,30,4
21251,2021-09-18,9,4,1,3,6,23,8
21252,2021-09-19,9,7,5,0,4,25,9
21253,2021-09-20,5,6,8,3,2,24,6
21254,2021-09-21,9,4,9,0,1,23,9
21255,2021-09-22,9,1,7,2,2,21,8
21256,2021-09-23,5,0,3,3,6,17,6
21257,2021-09-24,9,1,4,8,9,31,8
21258,2021-09-25,7,5,1,9,7,29,8
21259,2021-09-26,1,1,5,2,4,13,4
21260,2021-09-27,1,8,6,0,8,23,8
21261,2021-09-28,1,9,5,4,1,20,8
21262,2021-09-29,4,1,4,3,3,15,3
21263,2021-09-30,2,4,4,0,6,16,6
21264,2021-10-05,9,5,6,8,5,33,4
21265,2021-10-06,0,9,5,6,5,25,9
21266,2021-10-07,0,5,5,4,4,18,5
21267,2021-10-08,7,0,0,7,2,16,7
21268,2021-10-09,1,8,3,5,9,26,8
21269,2021-10-10,1,3,4,8,9,25,8
21270,2021-10-11,6,7,1,3,8,25,7
21271,2021-10-12,5,3,0,6,0,14,6
21272,2021-10-13,0,2,8,2,1,13,8
21273,2021-10-14,3,1,6,0,3,13,6
21274,2021-10-15,8,1,2,7,1,19,7
21275,2021-10-16,2,7,6,5,1,21,6
21276,2021-10-17,5,0,4,0,7,16,7
21277,2021-10-18,7,0,0,4,8,19,8
21278,2021-10-19,1,5,7,0,9,22,9
21279,2021-10-20,1,1,1,1,4,8,3
21280,2021-10-21,8,6,8,3,9,34,6
21281,2021-10-22,5,9,7,8,7,36,4
21282,2021-10-23,4,7,0,7,3,21,7
21283,2021-10-24,8,0,6,4,8,26,8
21284,2021-10-25,5,0,4,1,2,12,5
21285,2021-10-26,7,8,0,0,5,20,8
21286,2021-10-27,8,5,3,0,5,21,8
21287,2021-10-28,7,7,0,8,1,23,8
21288,2021-10-29,5,6,6,4,1,22,5
21289,2021-10-30,3,2,1,0,9,15,9
21290,2021-10-31,4,8,9,8,3,32,6
21291,2021-11-01,0,4,4,3,6,17,6
21292,2021-11-02,5,2,1,2,9,19,8
21293,2021-11-03,4,2,0,3,9,18,9
21294,2021-11-04,4,8,8,0,1,21,8
21295,2021-11-05,2,3,5,5,6,21,4
21296,2021-11-06,4,6,8,3,2,23,6
21297,2021-11-07,5,1,2,0,4,12,5
21298,2021-11-08,5,8,9,8,1,31,8
21299,2021-11-09,8,8,8,5,9,38,4
21300,2021-11-10,1,4,0,6,2,13,6
21301,2021-11-11,6,2,2,8,1,19,7
21302,2021-11-12,9,2,5,6,1,23,8
21303,2021-11-13,1,4,3,2,1,11,3
21304,2021-11-14,9,0,0,6,9,24,9
21305,2021-11-15,1,5,6,6,2,20,5
21306,2021-11-16,2,3,3,9,8,25,7
21307,2021-11-17,1,8,3,4,9,25,8
21308,2021-11-18,8,3,8,7,4,30,5
21309,2021-11-19,4,5,7,2,7,25,5
21310,2021-11-20,1,4,8,8,0,21,8
21311,2021-11-21,8,0,5,5,8,26,8
21312,2021-11-22,0,0,8,5,1,14,8
21313,2021-11-23,5,9,3,9,2,28,7
21314,2021-11-24,1,9,4,0,3,17,9
21315,2021-11-25,4,8,4,8,5,29,4
21316,2021-11-26,6,8,8,0,1,23,8
21317,2021-11-27,3,5,5,3,2,18,3
21318,2021-11-28,7,3,1,5,9,25,8
21319,2021-11-29,0,8,6,2,1,17,8
21320,2021-11-30,9,4,0,3,3,19,9
21321,2021-12-01,9,7,7,7,4,34,5
21322,2021-12-02,1,7,0,3,0,11,7
21323,2021-12-03,4,5,4,5,6,24,2
21324,2021-12-04,9,3,1,1,0,14,9
21325,2021-12-05,6,1,2,9,7,25,8
21326,2021-12-06,4,6,1,9,1,21,8
21327,2021-12-07,3,2,8,0,5,18,8
21328,2021-12-08,3,3,6,5,1,18,5
21329,2021-12-09,1,3,1,5,4,14,4
21330,2021-12-10,2,0,4,1,9,16,9
21331,2021-12-11,9,4,9,7,9,38,5
21332,2021-12-12,9,3,4,3,9,28,6
21333,2021-12-13,4,0,4,5,2,15,5
21334,2021-12-14,7,9,2,7,1,26,8
21335,2021-12-15,1,1,0,5,6,13,6
21336,2021-12-16,4,5,5,2,5,21,3
21337,2021-12-17,7,2,2,7,1,19,6
21338,2021-12-18,2,4,4,8,7,25,6
21339,2021-12-19,1,8,9,6,2,26,8
21340,2021-12-20,3,2,1,1,6,13,5
21341,2021-12-21,7,0,3,3,5,18,7
21342,2021-12-22,6,7,6,4,5,28,3
21343,2021-12-23,8,8,0,8,5,29,8
21344,2021-12-24,0,4,6,0,1,11,6
21345,2021-12-25,5,0,8,6,5,24,8
21346,2021-12-26,3,4,3,9,9,28,6
21347,2021-12-27,8,3,9,8,7,35,6
21348,2021-12-28,2,4,1,7,1,15,6
21349,2021-12-29,2,9,0,4,1,16,9
21350,2021-12-30,1,3,5,6,2,17,5
21351,2021-12-31,2,6,4,5,6,23,4
22001,2022-01-01,3,7,8,3,2,23,6
22002,2022-01-02,2,8,7,6,7,30,6
22003,2022-01-03,5,5,8,7,6,31,3
22004,2022-01-04,0,9,9,4,2,24,9
22005,2022-01-05,8,7,1,7,6,29,7
22006,2022-01-06,4,3,8,9,5,29,6
22007,2022-01-07,5,2,3,1,4,15,4
22008,2022-01-08,8,4,2,9,8,31,7
22009,2022-01-09,8,5,6,8,3,30,5
22010,2022-01-10,6,4,8,0,4,22,8
22011,2022-01-11,0,7,3,3,4,17,7
22012,2022-01-12,5,0,5,4,1,15,5
22013,2022-01-13,0,8,6,5,1,20,8
22014,2022-01-14,7,8,8,4,6,33,4
22015,2022-01-15,9,9,3,8,2,31,7
22016,2022-01-16,9,4,7,9,1,30,8
22017,2022-01-17,5,1,5,3,1,15,4
22018,2022-01-18,7,2,9,9,2,29,7
22019,2022-01-19,8,5,5,3,8,29,5
22020,2022-01-20,5,1,5,3,0,14,5
22021,2022-01-21,4,9,2,8,2,25,7
22022,2022-01-22,9,7,4,5,8,33,5
22023,2022-01-23,4,8,9,1,2,24,8
22024,2022-01-24,5,0,3,8,0,16,8
22025,2022-01-25,9,7,4,1,9,30,8
22026,2022-01-26,6,1,8,7,0,22,8
22027,2022-01-27,9,2,4,2,2,19,7
22028,2022-01-28,9,6,1,0,9,25,9
22029,2022-02-08,1,3,4,1,7,16,6
22030,2022-02-09,4,6,0,8,9,27,9
22031,2022-02-10,6,0,5,1,3,15,6
22032,2022-02-11,7,0,3,2,5,17,7
22033,2022-02-12,3,5,8,3,2,21,6
22034,2022-02-13,9,2,2,6,5,24,7
22035,2022-02-14,4,0,2,4,5,15,5
22036,2022-02-15,0,8,7,4,3,22,8
22037,2022-02-16,3,4,1,6,3,17,5
22038,2022-02-17,3,9,3,4,2,21,7
22039,2022-02-18,4,7,5,0,9,25,9
22040,2022-02-19,5,9,1,0,8,23,9
22041,2022-02-20,5,3,3,6,2,19,4
22042,2022-02-21,5,0,0,9,8,22,9
22043,2022-02-22,0,9,6,8,4,27,9
22044,2022-02-23,5,3,8,0,4,20,8
22045,2022-02-24,4,2,9,4,9,28,7
22046,2022-02-25,3,8,7,3,7,28,5
22047,2022-02-26,8,1,5,8,2,24,7
22048,2022-02-27,7,1,2,3,0,13,7
22049,2022-02-28,4,8,7,4,0,23,8
22050,2022-03-01,0,7,0,7,4,18,7
22051,2022-03-02,8,4,6,3,9,30,6
22052,2022-03-03,4,6,6,0,2,18,6
22053,2022-03-04,5,6,6,1,8,26,7
22054,2022-03-05,2,6,9,0,3,20,9
22055,2022-03-06,2,7,7,1,9,26,8
22056,2022-03-07,0,9,9,5,9,32,9
22057,2022-03-08,1,4,7,4,6,22,6
22058,2022-03-09,0,4,7,9,2,22,9
22059,2022-03-10,5,9,2,8,0,24,9
22060,2022-03-11,2,1,0,6,2,11,6
22061,2022-03-12,3,5,3,8,0,19,8
22062,2022-03-13,8,9,2,3,0,22,9
22063,2022-03-14,7,7,3,1,3,21,6
22064,2022-03-15,6,1,5,6,1,19,5
22065,2022-03-16,9,9,4,1,1,24,8
22066,2022-03-17,4,0,8,7,0,19,8
22067,2022-03-18,0,1,3,2,4,10,4
22068,2022-03-19,7,1,7,3,1,19,6
22069,2022-03-20,5,8,6,1,9,29,8
22070,2022-03-21,7,0,2,6,9,24,9
22071,2022-03-22,3,7,1,4,2,17,6
22072,2022-03-23,6,8,3,6,4,27,5
22073,2022-03-24,2,0,0,7,3,12,7
22074,2022-03-25,0,8,9,7,5,29,9
22075,2022-03-26,7,6,1,0,2,16,7
22076,2022-03-27,1,7,1,7,4,20,6
22077,2022-03-28,9,1,8,6,7,31,8
22078,2022-03-29,3,5,2,3,7,20,5
22079,2022-03-30,8,5,4,3,2,22,6
22080,2022-03-31,4,5,0,3,2,14,5
22081,2022-04-01,1,6,8,9,1,25,8
22082,2022-04-02,6,7,8,0,3,24,8
22083,2022-04-03,3,2,8,4,2,19,6
22084,2022-04-04,9,4,6,4,7,30,5
22085,2022-04-05,2,7,9,8,2,28,7
22086,2022-04-06,9,3,5,2,5,24,7
22087,2022-04-07,1,3,3,7,2,16,6
22088,2022-04-08,9,0,7,6,0,22,9
22089,2022-04-09,8,4,4,4,0,20,8
22090,2022-04-10,5,7,9,4,9,34,5
22091,2022-04-11,8,0,9,2,0,19,9
22092,2022-04-12,8,1,8,4,0,21,8
22093,2022-04-13,9,5,8,7,3,32,6
22094,2022-04-14,4,8,8,9,4,33,5
22095,2022-04-15,1,4,0,2,9,16,9
22096,2022-04-16,8,2,4,4,0,18,8
22097,2022-04-17,0,9,6,9,3,27,9
22098,2022-04-18,9,1,5,1,7,23,8
22099,2022-04-19,4,6,4,8,2,24,6
22100,2022-04-20,4,4,4,7,5,24,3
22101,2022-04-21,1,2,4,2,0,9,4
22102,2022-04-22,3,4,5,0,1,13,5
22103,2022-04-23,0,4,6,6,6,22,6
22104,2022-04-24,0,8,3,7,0,18,8
22105,2022-04-25,6,4,2,0,2,14,6
22106,2022-04-26,6,2,5,3,2,18,4
22107,2022-04-27,0,6,4,4,6,20,6
22108,2022-04-28,4,1,5,1,8,19,7
22109,2022-04-29,0,9,2,7,6,24,9
22110,2022-04-30,8,9,3,8,6,34,6
22111,2022-05-01,9,5,6,6,3,29,6
22112,2022-05-02,7,6,2,8,5,28,6
22113,2022-05-03,6,5,3,7,9,30,6
22114,2022-05-04,9,9,7,3,9,37,6
22115,2022-05-05,8,3,6,1,0,18,8
22116,2022-05-06,7,0,7,5,9,28,9
22117,2022-05-07,4,5,7,2,0,18,7
22118,2022-05-08,4,7,0,6,4,21,7
22119,2022-05-09,0,4,6,8,4,22,8
22120,2022-05-10,9,3,9,4,4,29,6
22121,2022-05-11,6,2,1,5,9,23,8
22122,2022-05-12,3,5,7,8,0,23,8
22123,2022-05-13,1,5,4,4,0,14,5
22124,2022-05-14,2,2,4,9,8,25,7
22125,2022-05-15,2,6,4,4,7,23,5
22126,2022-05-16,2,5,9,3,8,27,7
22127,2022-05-17,1,1,7,6,8,23,7
22128,2022-05-18,8,4,3,0,6,21,8
22129,2022-05-19,0,0,5,4,8,17,8
22130,2022-05-20,3,9,5,5,7,29,6
22131,2022-05-21,2,6,6,5,4,23,4
22132,2022-05-22,7,8,2,1,6,24,7
22133,2022-05-23,6,5,4,9,8,32,5
22134,2022-05-24,2,2,9,4,9,26,7
22135,2022-05-25,0,4,8,7,4,23,8
22136,2022-05-26,6,5,6,1,1,19,5
22137,2022-05-27,2,4,4,5,0,15,5
22138,2022-05-28,4,2,6,5,7,24,5
22139,2022-05-29,1,3,6,7,9,26,8
22140,2022-05-30,2,7,7,0,7,23,7
22141,2022-05-31,7,5,5,8,1,26,7
22142,2022-06-01,5,6,3,9,1,24,8
22143,2022-06-02,1,5,8,6,7,27,7
22144,2022-06-03,0,1,6,6,1,14,6
22145,2022-06-04,7,2,8,7,6,30,6
22146,2022-06-05,1,9,4,0,4,18,9
22147,2022-06-06,1,9,6,4,9,29,8
22148,2022-06-07,4,0,8,2,6,20,8
22149,2022-06-08,4,6,4,0,6,20,6
22150,2022-06-09,8,8,7,5,2,30,6
22151,2022-06-10,1,1,3,2,4,11,3
22152,2022-06-11,0,4,4,6,4,18,6
22153,2022-06-12,1,5,5,4,7,22,6
22154,2022-06-13,4,0,6,2,2,14,6
22155,2022-06-14,0,5,7,3,5,20,7
22156,2022-06-15,7,8,9,3,1,28,8
22157,2022-06-16,4,1,7,7,4,23,6
22158,2022-06-17,8,9,1,2,1,21,8
22159,2022-06-18,2,4,0,4,9,19,9
22160,2022-06-19,0,4,4,8,3,19,8
22161,2022-06-20,5,0,7,1,6,19,7
22162,2022-06-21,7,0,7,7,7,28,7
22163,2022-06-22,7,7,1,7,2,24,6
22164,2022-06-23,1,8,9,3,8,29,8
22165,2022-06-24,4,5,7,4,6,26,3
22166,2022-06-25,4,5,1,2,1,13,4
22167,2022-06-26,2,9,9,3,7,30,7
22168,2022-06-27,5,5,3,9,9,31,6
22169,2022-06-28,4,6,9,4,7,30,5
22170,2022-06-29,7,8,9,5,8,37,4
22171,2022-06-30,9,2,4,6,1,22,8
22172,2022-07-01,3,4,2,8,3,20,6
22173,2022-07-02,5,4,6,5,3,23,3
22174,2022-07-03,2,8,4,6,0,20,8
22175,2022-07-04,1,5,1,8,9,24,8
22176,2022-07-05,4,1,6,6,1,18,5
22177,2022-07-06,2,4,2,3,5,16,3
22178,2022-07-07,9,2,1,1,8,21,8
22179,2022-07-08,9,4,6,4,6,29,5
22180,2022-07-09,3,1,2,9,1,16,8
22181,2022-07-10,0,7,1,3,6,17,7
22182,2022-07-11,4,0,6,6,2,18,6
22183,2022-07-12,1,8,8,7,6,30,7
22184,2022-07-13,9,6,6,3,7,31,6
22185,2022-07-14,5,4,5,1,7,22,6
22186,2022-07-15,1,5,3,3,0,12,5
22187,2022-07-16,7,1,8,0,5,21,8
22188,2022-07-17,4,8,1,0,3,16,8
22189,2022-07-18,2,3,5,7,8,25,6
22190,2022-07-19,7,4,8,3,6,28,5
22191,2022-07-20,2,1,0,1,1,5,2
22192,2022-07-21,6,8,1,2,0,17,8
22193,2022-07-22,1,6,2,9,3,21,8
22194,2022-07-23,7,8,0,8,2,25,8
22195,2022-07-24,1,2,2,4,2,11,3
22196,2022-07-25,1,2,3,6,5,17,5
22197,2022-07-26,9,3,0,5,4,21,9
22198,2022-07-27,0,3,7,3,2,15,7
22199,2022-07-28,3,3,2,8,6,22,6
22200,2022-07-29,3,0,3,6,0,12,6
22201,2022-07-30,2,1,3,8,2,16,7
22202,2022-07-31,9,0,2,8,4,23,9
22203,2022-08-01,6,2,9,7,5,29,7
22204,2022-08-02,6,6,6,2,0,20,6
22205,2022-08-03,4,6,8,9,9,36,5
22206,2022-08-04,2,2,2,1,0,7,2
22207,2022-08-05,4,6,5,4,5,24,2
22208,2022-08-06,6,3,2,8,2,21,6
22209,2022-08-07,3,5,6,1,2,17,5
22210,2022-08-08,6,3,0,2,5,16,6
22211,2022-08-09,3,2,1,9,6,21,8
22212,2022-08-10,6,4,4,2,4,20,4
22213,2022-08-11,8,2,9,3,2,24,7
22214,2022-08-12,8,2,2,2,7,21,6
22215,2022-08-13,0,6,2,2,0,10,6
22216,2022-08-14,7,6,2,5,8,28,6
22217,2022-08-15,5,1,4,7,2,19,6
22218,2022-08-16,7,4,5,2,9,27,7
22219,2022-08-17,2,9,2,2,5,20,7
22220,2022-08-18,3,8,0,8,6,25,8
22221,2022-08-19,2,4,6,8,4,24,6
22222,2022-08-20,2,9,1,4,5,21,8
22223,2022-08-21,0,5,8,3,7,23,8
22224,2022-08-22,8,9,7,6,0,30,9
22225,2022-08-23,4,3,1,7,8,23,7
22226,2022-08-24,9,8,9,0,6,32,9
22227,2022-08-25,6,1,3,0,3,13,6
22228,2022-08-26,5,4,4,1,8,22,7
22229,2022-08-27,7,6,6,0,9,28,9
22230,2022-08-28,9,0,1,9,6,25,9
22231,2022-08-29,4,6,6,9,3,28,6
22232,2022-08-30,6,4,2,3,2,17,4
22233,2022-08-31,8,6,7,8,0,29,8
22234,2022-09-01,8,8,7,9,3,35,6
22235,2022-09-02,8,2,4,7,9,30,7
22236,2022-09-03,8,8,5,3,1,25,7
22237,2022-09-04,6,9,9,7,4,35,5
22238,2022-09-05,6,2,2,6,6,22,4
22239,2022-09-06,2,8,9,7,4,30,7
22240,2022-09-07,1,9,5,8,9,32,8
22241,2022-09-08,0,7,3,9,1,20,9
22242,2022-09-09,0,8,9,8,3,28,9
22243,2022-09-10,4,7,4,0,6,21,7
22244,2022-09-11,1,2,4,4,4,15,3
22245,2022-09-12,8,4,6,1,4,23,7
22246,2022-09-13,8,3,2,5,1,19,7
22247,2022-09-14,4,4,6,8,7,29,4
22248,2022-09-15,0,4,9,9,9,31,9
22249,2022-09-16,0,0,6,0,6,12,6
22250,2022-09-17,0,1,5,0,1,7,5
22251,2022-09-18,1,2,4,7,2,16,6
22252,2022-09-19,1,6,7,2,4,20,6
22253,2022-09-20,9,1,6,6,7,29,8
22254,2022-09-21,7,3,5,1,7,23,6
22255,2022-09-22,3,3,9,8,5,28,6
22256,2022-09-23,4,0,5,6,3,18,6
22257,2022-09-24,7,9,2,2,0,20,9
22258,2022-09-25,1,9,6,1,4,21,8
22259,2022-09-26,4,4,8,9,1,26,8
22260,2022-09-27,4,6,9,7,1,27,8
22261,2022-09-28,0,2,6,2,7,17,7
22262,2022-09-29,3,2,9,9,8,31,7
22263,2022-09-30,3,3,5,1,1,13,4
22264,2022-10-05,7,8,6,0,7,28,8
22265,2022-10-06,4,6,4,6,8,28,4
22266,2022-10-07,2,1,0,4,7,14,7
22267,2022-10-08,5,3,4,7,9,28,6
22268,2022-10-09,3,8,4,6,1,22,7
22269,2022-10-10,3,7,5,7,7,29,4
22270,2022-10-11,2,2,7,3,4,18,5
22271,2022-10-12,5,6,7,2,8,28,6
22272,2022-10-13,3,2,9,2,9,25,7
22273,2022-10-14,7,4,6,5,4,26,3
22274,2022-10-15,0,6,5,5,7,23,7
22275,2022-10-16,0,5,9,0,7,21,9
22276,2022-10-17,7,6,1,3,2,19,6
22277,2022-10-18,2,4,6,4,0,16,6
22278,2022-10-19,4,9,2,9,3,27,7
22279,2022-10-20,9,7,4,9,6,35,5
22280,2022-10-21,1,3,3,5,4,16,4
22281,2022-10-22,1,0,1,5,8,15,8
22282,2022-10-23,8,9,6,3,2,28,7
22283,2022-10-24,8,2,0,9,4,23,9
22284,2022-10-25,7,5,2,7,6,27,5
22285,2022-10-26,4,3,6,4,1,18,5
22286,2022-10-27,9,8,0,7,5,29,9
22287,2022-10-28,7,4,6,4,9,30,5
22288,2022-10-29,5,6,1,5,4,21,5
22289,2022-10-30,7,6,9,7,7,36,3
22290,2022-10-31,8,3,7,2,3,23,6
22291,2022-11-01,6,3,3,7,9,28,6
22292,2022-11-02,9,7,7,7,6,36,3
22293,2022-11-03,3,8,5,3,9,28,6
22294,2022-11-04,6,6,6,3,7,28,4
22295,2022-11-05,6,0,8,0,8,22,8
22296,2022-11-06,0,0,9,2,6,17,9
22297,2022-11-07,1,1,1,9,5,17,8
22298,2022-11-08,8,7,2,1,9,27,8
22299,2022-11-09,2,9,9,5,0,25,9
22300,2022-11-10,0,9,4,2,9,24,9
22301,2022-11-11,1,8,1,9,7,26,8
22302,2022-11-12,8,7,5,7,9,36,4
22303,2022-11-13,5,3,3,3,7,21,4
22304,2022-11-14,1,7,4,4,4,20,6
22305,2022-11-15,0,4,8,0,9,21,9
22306,2022-11-16,5,5,9,2,6,27,7
22307,2022-11-17,3,7,2,3,1,16,6
22308,2022-11-18,2,1,6,0,6,15,6
22309,2022-11-19,0,4,1,3,8,16,8
22310,2022-11-20,2,5,7,6,7,27,5
22311,2022-11-21,6,8,2,9,9,34,7
22312,2022-11-22,1,3,2,6,8,20,7
22313,2022-11-23,1,6,9,8,5,29,8
22314,2022-11-24,7,1,5,3,4,20,6
22315,2022-11-25,5,6,2,2,5,20,4
22316,2022-11-26,2,8,0,5,7,22,8
22317,2022-11-27,2,6,8,5,0,21,8
22318,2022-11-28,0,2,1,0,3,6,3
22319,2022-11-29,0,6,9,8,2,25,9
22320,2022-11-30,7,4,7,4,0,22,7
22321,2022-12-01,8,6,1,2,3,20,7
22322,2022-12-02,3,3,5,5,2,18,3
22323,2022-12-03,7,1,2,3,8,21,7
22324,2022-12-04,8,4,9,9,8,38,5
22325,2022-12-05,7,6,0,1,9,23,9
22326,2022-12-06,2,8,9,4,7,30,7
22327,2022-12-07,2,8,9,4,8,31,7
22328,2022-12-08,6,2,0,2,9,19,9
22329,2022-12-09,1,6,7,5,5,24,6
22330,2022-12-10,2,2,1,7,8,20,7
22331,2022-12-11,8,0,8,6,8,30,8
22332,2022-12-12,4,2,2,5,4,17,3
22333,2022-12-13,8,5,1,9,3,26,8
22334,2022-12-14,3,8,3,5,0,19,8
22335,2022-12-15,0,1,4,6,5,16,6
22336,2022-12-16,3,8,7,1,2,21,7
22337,2022-12-17,2,1,7,7,1,18,6
22338,2022-12-18,4,1,6,5,6,22,5
22339,2022-12-19,5,2,5,5,8,25,6
22340,2022-12-20,2,8,7,4,8,29,6
22341,2022-12-21,0,8,4,8,1,21,8
22342,2022-12-22,3,8,3,1,4,19,7
22343,2022-12-23,3,8,2,4,9,26,7
22344,2022-12-24,2,0,9,6,5,22,9
22345,2022-12-25,4,6,0,8,0,18,8
22346,2022-12-26,5,3,8,9,0,25,9
22347,2022-12-27,9,2,5,9,4,29,7
22348,2022-12-28,7,3,9,4,6,29,6
22349,2022-12-29,4,9,1,7,6,27,8
22350,2022-12-30,2,8,6,3,9,28,7
22351,2022-12-31,0,9,2,5,5,21,9
23001,2023-01-01,4,5,8,5,3,25,5
23002,2023-01-02,0,7,0,7,7,21,7
23003,2023-01-03,9,0,0,0,9,18,9
23004,2023-01-04,1,3,6,5,1,16,5
23005,2023-01-05,4,2,0,8,2,16,8
23006,2023-01-06,7,5,6,6,4,28,3
23007,2023-01-07,3,1,5,6,8,23,7
23008,2023-01-08,9,7,2,2,7,27,7
23009,2023-01-09,2,2,1,0,4,9,4
23010,2023-01-10,8,8,8,8,6,38,2
23011,2023-01-11,0,8,3,4,9,24,9
23012,2023-01-12,7,8,0,5,8,28,8
23013,2023-01-13,2,8,2,9,4,25,7
23014,2023-01-14,0,2,2,3,7,14,7
23015,2023-01-15,6,0,6,0,7,19,7
23016,2023-01-16,7,1,4,8,1,21,7
23017,2023-01-17,1,7,2,0,4,14,7
23018,2023-01-18,2,3,7,0,4,16,7
23019,2023-01-29,7,9,0,7,9,32,9
23020,2023-01-30,4,8,8,9,9,38,5
23021,2023-01-31,9,1,1,7,9,27,8
23022,2023-02-01,1,1,4,3,1,10,3
23023,2023-02-02,3,4,2,8,5,22,6
23024,2023-02-03,0,6,0,2,0,8,6
23025,2023-02-04,3,5,7,1,3,19,6
23026,2023-02-05,6,6,5,8,8,33,3
23027,2023-02-06,3,4,8,0,6,21,8
23028,2023-02-07,1,2,7,8,5,23,7
23029,2023-02-08,4,9,9,9,7,38,5
23030,2023-02-09,7,5,4,4,2,22,5
23031,2023-02-10,9,7,5,9,8,38,4
23032,2023-02-11,0,9,0,7,5,21,9
23033,2023-02-12,6,7,9,0,6,28,9
23034,2023-02-13,9,0,1,8,3,21,9
23035,2023-02-14,6,4,9,6,9,34,5
23036,2023-02-15,6,5,6,3,0,20,6
23037,2023-02-16,7,7,1,0,0,15,7
23038,2023-02-17,0,9,1,6,3,19,9
23039,2023-02-18,7,6,3,0,8,24,8
23040,2023-02-19,3,3,4,8,7,25,5
23041,2023-02-20,6,0,8,8,2,24,8
23042,2023-02-21,2,3,1,8,4,18,7
23043,2023-02-22,5,6,8,6,2,27,6
23044,2023-02-23,0,8,2,5,7,22,8
23045,2023-02-24,6,5,9,0,4,24,9
23046,2023-02-25,8,8,5,7,3,31,5
23047,2023-02-26,5,7,8,3,9,32,6
23048,2023-02-27,5,8,1,5,4,23,7
23049,2023-02-28,9,2,8,4,2,25,7
23050,2023-03-01,7,1,4,5,8,25,7
23051,2023-03-02,9,4,0,9,9,31,9
23052,2023-03-03,3,8,3,5,6,25,5
23053,2023-03-04,3,6,4,4,4,21,3
23054,2023-03-05,3,4,8,0,4,19,8
23055,2023-03-06,8,8,2,9,2,29,7
23056,2023-03-07,1,0,8,3,7,19,8
23057,2023-03-08,4,6,4,5,4,23,2
23058,2023-03-09,6,9,3,3,0,21,9
23059,2023-03-10,5,1,8,2,5,21,7
23060,2023-03-11,7,9,2,6,9,33,7
23061,2023-03-12,7,1,1,7,1,17,6
23062,2023-03-13,0,0,6,9,6,21,9
23063,2023-03-14,4,3,7,6,4,24,4
23064,2023-03-15,0,6,5,9,9,29,9
23065,2023-03-16,4,6,8,5,3,26,5
23066,2023-03-17,5,5,0,5,4,19,5
23067,2023-03-18,8,5,4,2,6,25,6
23068,2023-03-19,3,6,6,1,5,21,5
23069,2023-03-20,9,3,2,8,6,28,7
23070,2023-03-21,5,6,7,9,4,31,5
23071,2023-03-22,0,1,7,2,3,13,7
23072,2023-03-23,4,4,7,7,1,23,6
23073,2023-03-24,1,3,0,9,0,13,9
23074,2023-03-25,0,7,1,7,4,19,7
23075,2023-03-26,7,3,8,7,4,29,5
23076,2023-03-27,5,0,3,0,0,8,5
23077,2023-03-28,2,0,9,8,1,20,9
23078,2023-03-29,3,1,6,4,1,15,5
23079,2023-03-30,0,1,4,8,6,19,8
23080,2023-03-31,4,8,4,7,4,27,4
23081,2023-04-01,9,7,8,4,6,34,5
23082,2023-04-02,7,3,9,8,0,27,9
23083,2023-04-03,0,2,4,8,9,23,9
23084,2023-04-04,0,5,5,6,4,20,6
23085,2023-04-05,5,5,7,3,4,24,4
23086,2023-04-06,9,1,5,5,0,20,9
23087,2023-04-07,3,2,9,2,3,19,7
23088,2023-04-08,2,9,2,3,2,18,7
23089,2023-04-09,9,4,0,1,0,14,9
23090,2023-04-10,5,8,5,9,7,34,4
23091,2023-04-11,7,9,5,4,4,29,5
23092,2023-04-12,8,8,3,3,0,22,8
23093,2023-04-13,5,3,6,6,1,21,5
23094,2023-04-14,5,3,3,0,5,16,5
23095,2023-04-15,4,8,8,0,3,23,8
23096,2023-04-16,7,6,3,8,1,25,7
23097,2023-04-17,6,8,5,5,8,32,3
23098,2023-04-18,2,2,3,8,1,16,7
23099,2023-04-19,5,5,1,4,1,16,4
23100,2023-04-20,6,3,2,8,8,27,6
23101,2023-04-21,5,3,1,3,3,15,4
23102,2023-04-22,7,0,4,0,0,11,7
23103,2023-04-23,9,7,6,6,1,29,8
23104,2023-04-24,6,4,3,8,1,22,7
23105,2023-04-25,5,7,0,6,3,21,7
23106,2023-04-26,2,8,2,5,5,22,6
23107,2023-04-27,5,1,9,6,1,22,8
23108,2023-04-28,4,7,7,1,6,25,6
23109,2023-04-29,3,0,3,9,0,15,9
23110,2023-04-30,4,3,3,0,3,13,4
23111,2023-05-01,6,5,9,2,4,26,7
23112,2023-05-02,1,2,7,5,3,18,6
23113,2023-05-03,2,2,4,2,0,10,4
23114,2023-05-04,8,1,0,0,5,14,8
23115,2023-05-05,5,2,7,4,6,24,5
23116,2023-05-06,9,2,0,6,7,24,9
23117,2023-05-07,4,9,3,1,2,19,8
23118,2023-05-08,6,4,6,4,4,24,2
23119,2023-05-09,0,5,6,7,2,20,7
23120,2023-05-10,0,9,1,9,5,24,9
23121,2023-05-11,6,6,8,5,5,30,3
23122,2023-05-12,8,2,7,5,9,31,7
23123,2023-05-13,5,5,7,1,3,21,6
23124,2023-05-14,0,7,1,2,9,19,9
23125,2023-05-15,5,5,8,3,5,26,5
23126,2023-05-16,9,8,4,8,4,33,5
23127,2023-05-17,1,1,0,1,4,7,4
23128,2023-05-18,8,1,0,1,9,19,9
23129,2023-05-19,3,3,4,9,6,25,6
23130,2023-05-20,5,2,1,3,4,15,4
23131,2023-05-21,5,8,3,2,8,26,6
23132,2023-05-22,0,1,0,4,3,8,4
23133,2023-05-23,4,3,4,4,6,21,3
23134,2023-05-24,2,2,0,1,5,10,5
23135,2023-05-25,4,6,7,3,0,20,7
23136,2023-05-26,9,2,9,3,4,27,7
23137,2023-05-27,7,9,1,4,9,30,8
23138,2023-05-28,4,4,0,6,9,23,9
23139,2023-05-29,4,2,9,0,5,20,9
23140,2023-05-30,0,9,3,7,6,25,9
23141,2023-05-31,7,4,3,5,5,24,4
23142,2023-06-01,1,6,7,0,2,16,7
23143,2023-06-02,8,4,8,5,2,27,6
23144,2023-06-03,5,6,3,9,3,26,6
23145,2023-06-04,8,8,3,7,8,34,5
23146,2023-06-05,5,8,7,7,0,27,8
23147,2023-06-06,8,6,3,4,1,22,7
23148,2023-06-07,3,3,6,9,9,30,6
23149,2023-06-08,0,2,5,5,8,20,8
23150,2023-06-09,0,3,9,0,7,19,9
23151,2023-06-10,3,8,3,3,0,17,8
23152,2023-06-11,3,1,8,9,7,28,8
23153,2023-06-12,7,5,0,3,8,23,8
23154,2023-06-13,4,3,3,5,0,15,5
23155,2023-06-14,8,5,3,8,9,33,6
23156,2023-06-15,2,5,1,5,1,14,4
23157,2023-06-16,7,8,6,4,2,27,6
23158,2023-06-17,4,4,7,4,8,27,4
23159,2023-06-18,3,1,9,2,7,22,8
23160,2023-06-19,3,9,3,4,1,20,8
23161,2023-06-20,5,3,6,7,1,22,6
23162,2023-06-21,0,9,4,9,6,28,9
23163,2023-06-22,1,2,7,0,4,14,7
23164,2023-06-23,2,1,5,5,2,15,4
23165,2023-06-24,2,5,1,0,6,14,6
23166,2023-06-25,1,2,8,3,7,21,7
23167,2023-06-26,1,9,0,9,7,26,9
23168,2023-06-27,9,3,3,1,3,19,8
23169,2023-06-28,7,2,1,1,1,12,6
23170,2023-06-29,0,8,2,2,1,13,8
23171,2023-06-30,2,2,5,4,2,15,3
23172,2023-07-01,7,8,0,7,8,30,8
23173,2023-07-02,0,1,3,4,4,12,4
23174,2023-07-03,8,2,9,6,7,32,7
23175,2023-07-04,2,8,0,8,1,19,8
23176,2023-07-05,0,7,1,2,6,16,7
23177,2023-07-06,7,0,9,7,4,27,9
23178,2023-07-07,7,1,1,2,1,12,6
23179,2023-07-08,4,9,9,0,0,22,9
23180,2023-07-09,6,8,7,6,0,27,8
23181,2023-07-10,7,7,9,0,3,26,9
23182,2023-07-11,1,2,1,9,4,17,8
23183,2023-07-12,8,0,6,9,0,23,9
23184,2023-07-13,9,6,4,3,0,22,9
23185,2023-07-14,4,6,8,4,8,30,4
23186,2023-07-15,7,0,7,1,8,23,8
23187,2023-07-16,7,6,5,2,5,25,5
23188,2023-07-17,2,8,4,4,8,26,6
23189,2023-07-18,0,7,0,5,5,17,7
23190,2023-07-19,6,0,0,1,5,12,6
23191,2023-07-20,3,6,0,7,1,17,7
23192,2023-07-21,2,1,4,8,4,19,7
23193,2023-07-22,4,1,9,9,7,30,8
23194,2023-07-23,3,0,3,7,8,21,8
23195,2023-07-24,3,6,7,0,0,16,7
23196,2023-07-25,8,0,0,6,6,20,8
23197,2023-07-26,3,0,7,2,9,21,9
23198,2023-07-27,0,7,9,0,1,17,9
23199,2023-07-28,7,2,3,2,0,14,7
23200,2023-07-29,5,1,4,9,8,27,8
23201,2023-07-30,7,3,4,8,9,31,6
23202,2023-07-31,7,5,8,3,8,31,5
23203,2023-08-01,1,4,0,5,1,11,5
23204,2023-08-02,0,1,4,1,4,10,4
23205,2023-08-03,0,9,7,2,8,26,9
23206,2023-08-04,4,4,8,4,4,24,4
23207,2023-08-05,1,2,6,7,7,23,6
23208,2023-08-06,6,6,9,7,1,29,8
23209,2023-08-07,2,1,7,6,3,19,6
23210,2023-08-08,9,3,6,0,6,24,9
23211,2023-08-09,7,9,2,9,8,35,7
23212,2023-08-10,8,5,3,0,1,17,8
23213,2023-08-11,0,7,7,3,8,25,8
23214,2023-08-12,1,0,1,3,6,11,6
23215,2023-08-13,4,8,0,3,2,17,8
23216,2023-08-14,1,3,8,9,7,28,8
23217,2023-08-15,7,4,8,8,3,30,5
23218,2023-08-16,9,4,2,8,8,31,7
23219,2023-08-17,7,3,8,3,2,23,6
23220,2023-08-18,0,3,5,6,4,18,6
23221,2023-08-19,6,4,9,9,5,33,5
23222,2023-08-20,9,7,7,1,8,32,8
23223,2023-08-21,7,4,0,3,9,23,9
23224,2023-08-22,3,7,4,7,8,29,5
23225,2023-08-23,1,1,8,7,8,25,7
23226,2023-08-24,5,3,5,8,1,22,7
23227,2023-08-25,9,0,1,7,8,25,9
23228,2023-08-26,7,7,3,1,7,25,6
23229,2023-08-27,6,7,8,9,0,30,9
23230,2023-08-28,9,4,9,7,4,33,5
23231,2023-08-29,3,6,5,7,5,26,4
23232,2023-08-30,8,6,0,6,9,29,9
23233,2023-08-31,1,2,4,0,6,13,6
23234,2023-09-01,8,0,5,3,7,23,8
23235,2023-09-02,4,2,4,8,5,23,6
23236,2023-09-03,2,7,0,6,6,21,7
23237,2023-09-04,7,9,8,8,6,38,3
23238,2023-09-05,5,6,2,3,1,17,5
23239,2023-09-06,4,4,0,0,8,16,8
23240,2023-09-07,7,0,2,1,2,12,7
23241,2023-09-08,9,3,5,1,4,22,8
23242,2023-09-09,9,8,7,9,8,41,2
23243,2023-09-10,9,6,6,0,6,27,9
23244,2023-09-11,3,1,5,2,4,15,4
23245,2023-09-12,4,8,0,8,1,21,8
23246,2023-09-13,4,2,2,7,5,20,5
23247,2023-09-14,9,3,7,2,6,27,7
23248,2023-09-15,6,9,6,4,5,30,5
23249,2023-09-16,0,3,9,6,9,27,9
23250,2023-09-17,1,8,0,9,6,24,9
23251,2023-09-18,7,3,6,3,6,25,4
23252,2023-09-19,9,6,1,0,9,25,9
23253,2023-09-20,9,8,6,4,1,28,8
23254,2023-09-21,9,9,1,7,1,27,8
23255,2023-09-22,0,5,6,3,7,21,7
23256,2023-09-23,8,4,0,7,1,20,8
23257,2023-09-24,9,0,8,7,7,31,9
23258,2023-09-25,9,1,5,3,1,19,8
23259,2023-09-26,0,8,8,8,6,30,8
23260,2023-09-27,2,4,7,9,4,26,7
23261,2023-09-28,9,3,0,7,0,19,9
23262,2023-09-29,7,1,7,3,7,25,6
23263,2023-09-30,9,9,3,0,2,23,9
23264,2023-10-05,9,2,5,4,7,27,7
23265,2023-10-06,2,2,4,0,2,10,4
23266,2023-10-07,1,3,3,6,7,20,6
23267,2023-10-08,5,5,4,5,5,24,1
23268,2023-10-09,9,7,5,3,1,25,8
23269,2023-10-10,2,3,4,1,5,15,4
23270,2023-10-11,3,5,5,3,6,22,3
23271,2023-10-12,0,9,6,7,5,27,9
23272,2023-10-13,4,1,9,0,0,14,9
23273,2023-10-14,1,2,1,4,9,17,8
23274,2023-10-15,6,6,9,9,3,33,6
23275,2023-10-16,9,8,4,2,7,30,7
23276,2023-10-17,6,0,6,2,4,18,6
23277,2023-10-18,0,2,8,1,3,14,8
23278,2023-10-19,0,7,0,5,3,15,7
23279,2023-10-20,3,9,1,1,6,20,8
23280,2023-10-21,6,0,1,3,3,13,6
23281,2023-10-22,3,4,4,7,8,26,5
23282,2023-10-23,3,0,8,3,5,19,8
23283,2023-10-24,0,2,9,5,2,18,9
23284,2023-10-25,3,8,2,6,9,28,7
23285,2023-10-26,7,1,6,3,1,18,6
23286,2023-10-27,1,1,6,0,4,12,6
23287,2023-10-28,8,9,4,8,1,30,8
23288,2023-10-29,3,1,4,2,6,16,5
23289,2023-10-30,9,9,8,9,3,38,6
23290,2023-10-31,1,5,4,7,2,19,6
23291,2023-11-01,1,5,0,1,0,7,5
23292,2023-11-02,9,6,8,8,8,39,3
23293,2023-11-03,4,3,4,1,1,13,3
23294,2023-11-04,6,6,7,6,7,32,1
23295,2023-11-05,8,8,2,8,5,31,6
23296,2023-11-06,8,0,7,4,5,24,8
23297,2023-11-07,7,6,1,5,7,26,6
23298,2023-11-08,3,6,5,9,1,24,8
23299,2023-11-09,8,0,8,3,9,28,9
23300,2023-11-10,2,9,6,5,7,29,7
23301,2023-11-11,0,4,1,8,6,19,8
23302,2023-11-12,1,6,1,6,0,14,6
23303,2023-11-13,5,7,2,8,9,31,7
23304,2023-11-14,7,2,8,4,5,26,6
23305,2023-11-15,6,7,9,1,8,31,8
23306,2023-11-16,3,3,0,8,7,21,8
23307,2023-11-17,9,3,6,9,2,29,7
23308,2023-11-18,6,1,9,5,0,21,9
23309,2023-11-19,3,2,9,9,7,30,7
23310,2023-11-20,4,1,7,6,8,26,7
23311,2023-11-21,5,8,3,9,9,34,6
23312,2023-11-22,4,4,2,6,3,19,4
23313,2023-11-23,4,1,4,3,5,17,4
23314,2023-11-24,3,5,5,0,8,21,8
23315,2023-11-25,7,4,7,5,4,27,3
23316,2023-11-26,2,3,4,1,7,17,6
23317,2023-11-27,3,9,7,0,8,27,9
23318,2023-11-28,7,9,0,0,5,21,9
23319,2023-11-29,9,6,5,9,8,37,4
23320,2023-11-30,6,9,7,7,1,30,8
23321,2023-12-01,2,1,1,1,3,8,2
23322,2023-12-02,1,7,4,2,8,22,7
23323,2023-12-03,9,4,5,5,0,23,9
23324,2023-12-04,6,0,2,4,6,18,6
23325,2023-12-05,7,1,7,9,3,27,8
23326,2023-12-06,7,9,0,1,8,25,9
23327,2023-12-07,3,1,4,7,2,17,6
23328,2023-12-08,8,8,2,1,2,21,7
23329,2023-12-09,2,8,9,5,9,33,7
23330,2023-12-10,5,3,1,8,5,22,7
23331,2023-12-11,4,0,2,1,5,12,5
23332,2023-12-12,6,6,7,2,6,27,5
23333,2023-12-13,9,8,9,4,0,30,9
23334,2023-12-14,5,8,7,9,3,32,6
23335,2023-12-15,0,4,7,3,9,23,9
23336,2023-12-16,8,2,1,6,2,19,7
23337,2023-12-17,8,4,6,5,4,27,4
23338,2023-12-18,3,8,0,1,9,21,9
23339,2023-12-19,4,8,2,8,6,28,6
23340,2023-12-20,0,8,9,9,6,32,9
23341,2023-12-21,3,4,1,5,8,21,7
23342,2023-12-22,9,7,8,1,5,30,8
23343,2023-12-23,7,3,0,6,1,17,7
23344,2023-12-24,8,0,1,7,3,19,8
23345,2023-12-25,6,7,8,7,8,36,2
23346,2023-12-26,2,5,8,0,3,18,8
23347,2023-12-27,7,4,2,1,6,20,6
23348,2023-12-28,5,9,7,1,6,28,8
23349,2023-12-29,9,2,3,2,1,17,8
23350,2023-12-30,1,9,7,9,4,30,8
23351,2023-12-31,5,7,1,8,0,21,8
24001,2024-01-01,4,0,3,3,9,19,9
24002,2024-01-02,5,4,4,4,4,21,1
24003,2024-01-03,6,6,6,3,3,24,3
24004,2024-01-04,6,6,5,9,6,32,4
24005,2024-01-05,2,5,9,4,6,26,7
24006,2024-01-06,2,8,4,7,7,28,6
24007,2024-01-07,8,8,8,9,8,41,1
24008,2024-01-08,4,0,5,0,5,14,5
24009,2024-01-09,8,1,5,0,3,17,8
24010,2024-01-10,2,8,1,3,2,16,7
24011,2024-01-11,0,8,0,8,8,24,8
24012,2024-01-12,0,8,1,5,2,16,8
24013,2024-01-13,9,8,5,7,5,34,4
24014,2024-01-14,1,8,7,7,6,29,7
24015,2024-01-15,4,7,5,6,5,27,3
24016,2024-01-16,7,0,2,5,3,17,7
24017,2024-01-17,5,5,5,5,5,25,0
24018,2024-01-18,8,5,9,4,2,28,7
24019,2024-01-19,3,1,3,8,4,19,7
24020,2024-01-20,4,0,6,5,7,22,7
24021,2024-01-21,3,7,0,7,2,19,7
24022,2024-01-22,1,2,4,0,6,13,6
24023,2024-01-23,7,9,3,4,8,31,6
24024,2024-01-24,1,9,9,7,9,35,8
24025,2024-01-25,3,1,4,9,7,24,8
24026,2024-01-26,7,5,1,0,2,15,7
24027,2024-01-27,5,0,2,4,2,13,5
24028,2024-01-28,2,5,9,3,9,28,7
24029,2024-01-29,5,7,5,4,8,29,4
24030,2024-01-30,9,5,1,4,7,26,8
24031,2024-01-31,6,8,2,4,0,20,8
24032,2024-02-01,8,0,5,2,6,21,8
24033,2024-02-02,7,3,9,3,6,28,6
24034,2024-02-03,0,1,7,3,3,14,7
24035,2024-02-04,3,0,6,5,3,17,6
24036,2024-02-05,5,4,7,9,1,26,8
24037,2024-02-06,9,1,0,7,6,23,9
24038,2024-02-07,5,2,9,4,6,26,7
24039,2024-02-18,5,0,8,6,8,27,8
24040,2024-02-19,5,1,4,7,7,24,6
24041,2024-02-20,9,0,5,5,8,27,9
24042,2024-02-21,3,4,2,7,6,22,5
24043,2024-02-22,2,9,6,0,8,25,9
24044,2024-02-23,8,8,5,2,8,31,6
24045,2024-02-24,7,5,7,8,3,30,5
24046,2024-02-25,7,0,2,6,3,18,7
24047,2024-02-26,7,6,0,8,8,29,8
24048,2024-02-27,3,9,6,3,5,26,6
24049,2024-02-28,6,3,1,0,1,11,6
24050,2024-02-29,4,9,5,9,5,32,5
24051,2024-03-01,6,7,4,7,5,29,3
24052,2024-03-02,9,9,5,0,5,28,9
24053,2024-03-03,9,5,8,2,8,32,7
24054,2024-03-04,2,2,1,8,7,20,7
24055,2024-03-05,1,7,3,3,3,17,6
24056,2024-03-06,7,8,8,3,0,26,8
24057,2024-03-07,7,6,5,8,5,31,3
24058,2024-03-08,0,6,5,4,8,23,8
24059,2024-03-09,6,2,9,7,9,33,7
24060,2024-03-10,3,5,7,2,6,23,5
24061,2024-03-11,2,5,0,7,0,14,7
24062,2024-03-12,7,8,4,5,5,29,4
24063,2024-03-13,6,5,1,9,0,21,9
24064,2024-03-14,1,3,2,2,8,16,7
24065,2024-03-15,9,0,3,7,6,25,9
24066,2024-03-16,8,0,3,8,3,22,8
24067,2024-03-17,5,4,9,6,9,33,5
24068,2024-03-18,2,3,9,8,1,23,8
24069,2024-03-19,4,1,1,0,9,15,9
24070,2024-03-20,8,9,1,0,3,21,9
24071,2024-03-21,2,5,8,2,0,17,8
24072,2024-03-22,3,4,1,5,3,16,4
24073,2024-03-23,5,9,0,4,3,21,9
24074,2024-03-24,6,2,9,5,2,24,7
24075,2024-03-25,2,8,5,0,8,23,8
24076,2024-03-26,9,6,8,7,5,35,4
24077,2024-03-27,6,2,6,8,5,27,6
24078,2024-03-28,1,2,6,8,0,17,8
24079,2024-03-29,8,8,9,0,8,33,9
24080,2024-03-30,0,1,2,6,4,13,6
24081,2024-03-31,9,2,8,5,1,25,8
24082,2024-04-01,5,7,1,5,4,22,6
24083,2024-04-02,2,3,2,1,9,17,8
24084,2024-04-03,5,4,9,4,7,29,5
24085,2024-04-04,4,9,3,6,1,23,8
24086,2024-04-05,2,7,8,3,5,25,6
24087,2024-04-06,1,6,1,0,7,15,7
24088,2024-04-07,8,1,9,5,2,25,8
24089,2024-04-08,1,1,7,0,4,13,7
24090,2024-04-09,2,0,6,2,6,16,6
24091,2024-04-10,1,9,6,5,1,22,8
24092,2024-04-11,1,5,0,4,4,14,5
24093,2024-04-12,9,3,5,3,8,28,6
24094,2024-04-13,2,7,1,7,6,23,6
24095,2024-04-14,1,7,5,4,3,20,6
24096,2024-04-15,4,6,3,5,2,20,4
24097,2024-04-16,8,6,3,7,2,26,6
24098,2024-04-17,2,4,7,0,5,18,7
24099,2024-04-18,1,0,2,5,4,12,5
24100,2024-04-19,1,5,7,7,1,21,6
24101,2024-04-20,0,3,0,7,4,14,7
24102,2024-04-21,2,1,5,3,6,17,5
24103,2024-04-22,5,5,1,2,0,13,5
24104,2024-04-23,4,7,4,2,8,25,6
24105,2024-04-24,2,1,0,1,5,9,5
24106,2024-04-25,5,3,3,2,3,16,3
24107,2024-04-26,4,9,9,3,6,31,6
24108,2024-04-27,2,5,2,8,3,20,6
24109,2024-04-28,2,4,3,6,6,21,4
24110,2024-04-29,6,2,9,0,4,21,9
24111,2024-04-30,3,3,6,7,1,20,6
24112,2024-05-01,2,1,8,0,3,14,8
24113,2024-05-02,3,4,5,0,0,12,5
24114,2024-05-03,5,4,8,5,6,28,4
24115,2024-05-04,6,2,0,2,3,13,6
24116,2024-05-05,3,4,8,4,5,24,5
24117,2024-05-06,1,8,5,8,6,28,7
24118,2024-05-07,7,3,3,7,2,22,5
24119,2024-05-08,2,5,5,3,3,18,3
24120,2024-05-09,5,2,9,1,1,18,8
24121,2024-05-10,5,1,8,4,4,22,7
24122,2024-05-11,2,4,6,3,8,23,6
24123,2024-05-12,5,3,8,5,8,29,5
24124,2024-05-13,8,3,5,0,3,19,8
24125,2024-05-14,7,0,6,8,0,21,8
24126,2024-05-15,3,7,9,5,2,26,7
24127,2024-05-16,7,4,4,0,5,20,7
24128,2024-05-17,0,1,7,8,0,16,8
24129,2024-05-18,2,7,8,7,3,27,6
24130,2024-05-19,1,2,2,0,2,7,2
24131,2024-05-20,5,7,1,4,1,18,6
24132,2024-05-21,6,0,4,4,8,22,8
24133,2024-05-22,2,8,1,2,1,14,7
24134,2024-05-23,6,6,0,7,9,28,9
24135,2024-05-24,8,9,1,6,0,24,9
24136,2024-05-25,0,6,2,8,1,17,8
24137,2024-05-26,1,2,8,7,9,27,8
24138,2024-05-27,9,9,7,5,5,35,4
24139,2024-05-28,5,3,6,9,3,26,6
24140,2024-05-29,5,2,0,8,6,21,8
24141,2024-05-30,8,0,4,3,6,21,8
24142,2024-05-31,4,2,6,3,2,17,4
24143,2024-06-01,1,8,5,0,6,20,8
24144,2024-06-02,1,4,7,8,6,26,7
24145,2024-06-03,2,0,5,7,1,15,7
24146,2024-06-04,9,9,1,9,7,35,8
24147,2024-06-05,5,5,8,7,1,26,7
24148,2024-06-06,3,4,3,0,5,15,5
24149,2024-06-07,6,7,6,1,5,25,6
24150,2024-06-08,1,2,9,0,4,16,9
24151,2024-06-09,9,0,0,3,1,13,9
24152,2024-06-10,9,3,6,4,8,30,6
24153,2024-06-11,3,8,9,5,5,30,6
24154,2024-06-12,9,8,3,5,3,28,6
24155,2024-06-13,8,8,9,7,8,40,2
24156,2024-06-14,1,7,2,4,4,18,6
24157,2024-06-15,2,1,1,3,8,15,7
24158,2024-06-16,6,0,6,4,7,23,7
24159,2024-06-17,4,3,0,6,7,20,7
24160,2024-06-18,4,2,5,5,3,19,3
24161,2024-06-19,6,4,9,4,9,32,5
24162,2024-06-20,3,2,0,4,4,13,4
24163,2024-06-21,5,1,4,6,5,21,5
24164,2024-06-22,0,0,6,7,2,15,7
24165,2024-06-23,9,3,2,9,4,27,7
24166,2024-06-24,4,7,9,5,8,33,5
24167,2024-06-25,5,0,7,6,8,26,8
24168,2024-06-26,5,4,1,4,7,21,6
24169,2024-06-27,7,5,9,3,1,25,8
24170,2024-06-28,0,3,1,7,3,14,7
24171,2024-06-29,0,7,0,7,8,22,8
24172,2024-06-30,4,0,0,5,5,14,5
24173,2024-07-01,6,5,8,8,7,34,3
24174,2024-07-02,1,9,1,8,5,24,8
24175,2024-07-03,1,9,5,0,6,21,9
24176,2024-07-04,9,3,2,5,0,19,9
24177,2024-07-05,5,7,9,8,2,31,7
24178,2024-07-06,6,6,3,4,7,26,4
24179,2024-07-07,5,3,5,4,4,21,2
24180,2024-07-08,2,1,5,4,9,21,8
24181,2024-07-09,3,2,3,9,5,22,7
24182,2024-07-10,2,8,2,4,7,23,6
24183,2024-07-11,5,0,0,9,5,19,9
24184,2024-07-12,7,3,0,4,9,23,9
24185,2024-07-13,8,8,4,9,6,35,5
24186,2024-07-14,3,6,7,3,4,23,4
24187,2024-07-15,8,8,3,5,8,32,5
24188,2024-07-16,0,2,4,4,3,13,4
24189,2024-07-17,7,9,3,2,2,23,7
24190,2024-07-18,6,4,4,9,2,25,7
24191,2024-07-19,4,3,9,2,4,22,7
24192,2024-07-20,3,4,0,7,1,15,7
24193,2024-07-21,0,0,6,2,9,17,9
24194,2024-07-22,0,7,8,9,1,25,9
24195,2024-07-23,5,1,7,0,4,17,7
24196,2024-07-24,5,3,9,0,5,22,9
24197,2024-07-25,1,0,5,6,1,13,6
24198,2024-07-26,5,5,0,0,3,13,5
24199,2024-07-27,5,5,8,1,5,24,7
24200,2024-07-28,3,8,0,7,1,19,8
24201,2024-07-29,5,1,5,2,2,15,4
24202,2024-07-30,1,8,7,0,8,24,8
24203,2024-07-31,5,9,2,6,9,31,7
24204,2024-08-01,0,4,7,9,4,24,9
24205,2024-08-02,2,4,1,6,9,22,8
24206,2024-08-03,4,4,6,6,4,24,2
24207,2024-08-04,9,8,2,0,5,24,9
24208,2024-08-05,9,7,3,7,1,27,8
24209,2024-08-06,5,3,5,5,6,24,3
24210,2024-08-07,2,8,5,9,1,25,8
24211,2024-08-08,6,4,9,7,5,31,5
24212,2024-08-09,7,2,7,0,3,19,7
24213,2024-08-10,7,3,4,6,2,22,5
24214,2024-08-11,1,4,5,3,3,16,4
24215,2024-08-12,8,7,7,5,4,31,4
24216,2024-08-13,8,4,8,3,9,32,6
24217,2024-08-14,1,1,1,0,9,12,9
24218,2024-08-15,2,9,1,7,8,27,8
24219,2024-08-16,9,7,1,7,0,24,9
24220,2024-08-17,7,2,4,1,5,19,6
24221,2024-08-18,5,0,0,5,0,10,5
24222,2024-08-19,9,9,3,3,8,32,6
24223,2024-08-20,5,4,9,1,2,21,8
24224,2024-08-21,8,3,5,2,9,27,7
24225,2024-08-22,7,5,8,6,3,29,5
24226,2024-08-23,2,3,2,3,4,14,2
24227,2024-08-24,9,9,5,1,2,26,8
24228,2024-08-25,2,7,4,1,2,16,6
24229,2024-08-26,9,2,6,1,6,24,8
24230,2024-08-27,0,8,8,3,7,26,8
24231,2024-08-28,6,9,6,4,9,34,5
24232,2024-08-29,2,9,7,6,1,25,8
24233,2024-08-30,4,9,8,4,6,31,5
24234,2024-08-31,2,7,5,9,3,26,7
24235,2024-09-01,9,5,4,1,1,20,8
24236,2024-09-02,3,7,6,9,7,32,6
24237,2024-09-03,3,5,6,8,5,27,5
24238,2024-09-04,4,3,0,6,7,20,7
24239,2024-09-05,1,6,8,4,8,27,7
24240,2024-09-06,8,1,5,2,6,22,7
24241,2024-09-07,0,6,3,9,2,20,9
24242,2024-09-08,1,8,8,9,4,30,8
24243,2024-09-09,9,1,6,3,0,19,9
24244,2024-09-10,3,6,8,9,4,30,6
24245,2024-09-11,1,8,4,9,4,26,8
24246,2024-09-12,8,1,6,4,6,25,7
24247,2024-09-13,4,3,4,8,9,28,6
24248,2024-09-14,9,5,4,3,4,25,6
24249,2024-09-15,1,9,8,3,2,23,8
24250,2024-09-16,6,0,6,9,2,23,9
24251,2024-09-17,3,5,6,2,7,23,5
24252,2024-09-18,7,0,0,5,2,14,7
24253,2024-09-19,1,4,8,3,0,16,8
24254,2024-09-20,4,2,3,1,4,14,3
24255,2024-09-21,1,5,5,8,7,26,7
24256,2024-09-22,5,4,9,1,3,22,8
24257,2024-09-23,0,0,8,6,3,17,8
24258,2024-09-24,6,9,0,5,7,27,9
24259,2024-09-25,4,4,4,6,9,27,5
24260,2024-09-26,5,2,3,2,5,17,3
24261,2024-09-27,1,9,5,9,9,33,8
24262,2024-09-28,2,1,6,4,6,19,5
24263,2024-09-29,4,0,4,8,4,20,8
24264,2024-09-30,3,4,7,3,5,22,4
24265,2024-10-05,7,0,1,0,4,12,7
24266,2024-10-06,1,4,3,4,6,18,5
24267,2024-10-07,8,4,1,7,4,24,7
24268,2024-10-08,8,3,1,3,8,23,7
24269,2024-10-09,3,2,4,3,2,14,2
24270,2024-10-10,8,0,1,6,7,22,8
24271,2024-10-11,3,9,5,7,3,27,6
24272,2024-10-12,4,3,6,9,2,24,7
24273,2024-10-13,8,1,2,3,9,23,8
24274,2024-10-14,2,7,4,8,3,24,6
24275,2024-10-15,6,8,1,3,2,20,7
24276,2024-10-16,0,8,8,7,8,31,8
24277,2024-10-17,6,2,3,6,4,21,4
24278,2024-10-18,1,3,4,4,3,15,3
24279,2024-10-19,8,8,6,7,2,31,6
24280,2024-10-20,8,5,9,7,1,30,8
24281,2024-10-21,4,6,5,0,6,21,6
24282,2024-10-22,9,0,5,5,6,25,9
24283,2024-10-23,2,8,5,5,5,25,6
24284,2024-10-24,0,3,4,6,5,18,6
24285,2024-10-25,3,4,7,4,6,24,4
24286,2024-10-26,1,5,6,7,8,27,7
24287,2024-10-27,9,4,5,6,1,25,8
24288,2024-10-28,8,1,0,9,8,26,9
24289,2024-10-29,0,0,6,4,3,13,6
24290,2024-10-30,0,0,4,4,9,17,9
24291,2024-10-31,3,4,0,4,3,14,4
24292,2024-11-01,0,3,0,0,0,3,3
24293,2024-11-02,0,4,4,8,1,17,8
24294,2024-11-03,7,0,1,9,2,19,9
24295,2024-11-04,5,5,2,5,2,19,3
24296,2024-11-05,8,9,8,0,7,32,9
24297,2024-11-06,0,3,7,1,2,13,7
24298,2024-11-07,6,8,0,8,8,30,8
24299,2024-11-08,5,8,1,0,2,16,8
24300,2024-11-09,9,3,3,3,6,24,6
24301,2024-11-10,8,7,7,3,3,28,5
24302,2024-11-11,3,9,8,0,3,23,9
24303,2024-11-12,2,0,1,9,2,14,9
24304,2024-11-13,4,2,5,3,8,22,6
24305,2024-11-14,8,4,1,8,4,25,7
24306,2024-11-15,5,0,8,8,1,22,8
24307,2024-11-16,5,8,2,1,6,22,7
24308,2024-11-17,8,4,3,9,9,33,6
24309,2024-11-18,4,8,3,0,0,15,8
24310,2024-11-19,7,1,8,9,6,31,8
24311,2024-11-20,5,3,3,1,4,16,4
24312,2024-11-21,4,1,3,2,3,13,3
24313,2024-11-22,4,7,1,1,6,19,6
24314,2024-11-23,0,8,0,2,2,12,8
24315,2024-11-24,0,7,1,1,9,18,9
24316,2024-11-25,3,3,2,7,5,20,5
24317,2024-11-26,3,5,5,7,5,25,4
24318,2024-11-27,2,4,3,9,8,26,7
24319,2024-11-28,7,9,3,3,5,27,6
24320,2024-11-29,8,6,3,4,6,27,5
24321,2024-11-30,0,5,0,0,7,12,7
24322,2024-12-01,6,7,8,5,8,34,3
24323,2024-12-02,9,1,4,7,3,24,8
24324,2024-12-03,6,3,0,1,3,13,6
24325,2024-12-04,0,2,3,0,7,12,7
24326,2024-12-05,2,5,7,0,1,15,7
24327,2024-12-06,1,3,4,2,2,12,3
24328,2024-12-07,1,2,5,0,4,12,5
24329,2024-12-08,1,4,7,8,0,20,8
24330,2024-12-09,8,1,1,3,6,19,7
24331,2024-12-10,7,1,2,2,7,19,6
24332,2024-12-11,6,7,9,5,7,34,4
24333,2024-12-12,8,4,8,5,9,34,5
24334,2024-12-13,7,4,6,8,1,26,7
24335,2024-12-14,4,9,9,0,6,28,9
24336,2024-12-15,2,4,9,6,7,28,7
24337,2024-12-16,1,7,2,5,4,19,6
24338,2024-12-17,1,5,5,5,1,17,4
24339,2024-12-18,9,1,8,6,3,27,8
24340,2024-12-19,0,3,1,7,2,13,7
24341,2024-12-20,6,5,3,4,3,21,3
24342,2024-12-21,0,8,4,8,3,23,8
24343,2024-12-22,4,8,1,1,5,19,7
24344,2024-12-23,5,4,6,1,3,19,5
24345,2024-12-24,6,2,0,3,0,11,6
24346,2024-12-25,6,7,7,2,2,24,5
24347,2024-12-26,8,9,3,4,3,27,6
24348,2024-12-27,1,9,2,0,9,21,9
24349,2024-12-28,9,0,7,3,2,21,9
24350,2024-12-29,2,2,0,4,2,10,4
24351,2024-12-30,7,8,8,8,8,39,1
24352,2024-12-31,6,9,1,8,9,33,8
25001,2025-01-01,1,2,3,3,6,15,5
25002,2025-01-02,9,0,0,6,9,24,9
25003,2025-01-03,1,6,8,4,4,23,7
25004,2025-01-04,3,5,1,8,8,25,7
25005,2025-01-05,6,1,7,7,8,29,7
25006,2025-01-06,6,5,6,9,3,29,6
25007,2025-01-07,3,6,2,1,3,15,5
25008,2025-01-08,1,2,8,0,9,20,9
25009,2025-01-09,8,0,6,0,2,16,8
25010,2025-01-10,1,4,3,2,3,13,3
25011,2025-01-11,0,2,7,4,9,22,9
25012,2025-01-12,4,7,1,6,8,26,7
25013,2025-01-13,9,7,8,0,6,30,9
25014,2025-01-14,5,0,8,7,8,28,8
25015,2025-01-15,3,9,8,7,8,35,6
25016,2025-01-16,9,6,3,5,2,25,7
25017,2025-01-17,9,5,6,9,2,31,7
25018,2025-01-18,2,9,2,5,5,23,7
25019,2025-01-19,7,3,4,2,6,22,5
25020,2025-01-20,1,5,9,7,6,28,8
25021,2025-01-21,3,4,6,5,2,20,4
25022,2025-01-22,4,8,4,0,2,18,8
25023,2025-01-23,7,8,8,0,4,27,8
25024,2025-01-24,2,2,8,5,0,17,8
25025,2025-01-25,6,7,7,5,0,25,7
25026,2025-01-26,3,4,6,3,5,21,3
25027,2025-02-06,0,4,8,7,3,22,8
25028,2025-02-07,8,2,2,3,2,17,6
25029,2025-02-08,4,8,9,4,7,32,5
25030,2025-02-09,2,9,7,1,8,27,8
25031,2025-02-10,5,1,3,4,1,14,4
25032,2025-02-11,3,9,2,7,0,21,9
25033,2025-02-12,9,3,4,5,2,23,7
25034,2025-02-13,3,0,9,1,2,15,9
25035,2025-02-14,8,4,9,7,8,36,5
25036,2025-02-15,5,2,1,0,2,10,5
25037,2025-02-16,5,7,8,8,7,35,3
25038,2025-02-17,3,6,6,1,4,20,5
25039,2025-02-18,5,8,8,6,6,33,3
25040,2025-02-19,8,7,5,2,1,23,7
25041,2025-02-20,9,1,6,2,1,19,8
25042,2025-02-21,6,7,5,5,3,26,4
25043,2025-02-22,5,5,2,2,5,19,3
25044,2025-02-23,8,0,5,7,3,23,8
25045,2025-02-24,7,2,2,9,2,22,7
25046,2025-02-25,3,7,2,5,7,24,5
25047,2025-02-26,8,0,6,2,1,17,8
25048,2025-02-27,5,7,0,4,3,19,7
25049,2025-02-28,0,3,7,3,0,13,7
25050,2025-03-01,5,7,0,5,7,24,7
25051,2025-03-02,9,7,3,6,1,26,8
25052,2025-03-03,3,3,7,2,6,21,5
25053,2025-03-04,8,9,9,3,0,29,9
25054,2025-03-05,3,8,4,4,0,19,8
25055,2025-03-06,9,1,6,4,5,25,8
25056,2025-03-07,7,1,6,1,2,17,6
25057,2025-03-08,7,6,5,4,4,26,3
25058,2025-03-09,6,7,2,9,1,25,8
25059,2025-03-10,7,7,1,2,8,25,7
25060,2025-03-11,7,9,3,3,3,25,6
25061,2025-03-12,4,9,0,4,5,22,9
25062,2025-03-13,2,5,7,1,2,17,6
25063,2025-03-14,4,6,6,7,6,29,3
25064,2025-03-15,6,5,6,4,0,21,6
25065,2025-03-16,9,9,0,3,1,22,9
25066,2025-03-17,1,8,4,6,2,21,7
25067,2025-03-18,6,7,1,6,1,21,6
25068,2025-03-19,9,7,5,6,2,29,7
25069,2025-03-20,9,3,4,1,1,18,8
25070,2025-03-21,7,7,1,1,5,21,6
25071,2025-03-22,4,6,2,8,8,28,6
25072,2025-03-23,9,3,5,9,4,30,6
25073,2025-03-24,1,3,2,9,9,24,8
25074,2025-03-25,1,7,9,6,2,25,8
25075,2025-03-26,7,4,3,7,3,24,4
25076,2025-03-27,4,0,7,5,0,16,7
25077,2025-03-28,4,2,5,7,9,27,7
25078,2025-03-29,1,1,3,4,6,15,5
25079,2025-03-30,2,9,6,7,6,30,7
25080,2025-03-31,7,3,8,6,4,28,5
25081,2025-04-01,7,6,6,8,3,30,5
25082,2025-04-02,3,4,4,5,2,18,3
25083,2025-04-03,5,9,3,9,7,33,6
25084,2025-04-04,3,0,4,7,5,19,7
25085,2025-04-05,3,5,3,2,7,20,5
25086,2025-04-06,6,3,4,4,4,21,3
25087,2025-04-07,8,4,5,7,9,33,5
25088,2025-04-08,2,2,2,3,1,10,2
25089,2025-04-09,2,0,8,8,3,21,8
25090,2025-04-10,9,9,3,4,8,33,6
25091,2025-04-11,8,3,0,0,6,17,8
25092,2025-04-12,7,2,1,9,4,23,8
25093,2025-04-13,4,3,2,2,5,16,3
25094,2025-04-14,5,3,4,0,6,18,6
25095,2025-04-15,6,7,2,7,8,30,6
25096,2025-04-16,9,4,8,7,1,29,8
25097,2025-04-17,1,7,1,6,9,24,8
25098,2025-04-18,1,9,2,7,5,24,8
25099,2025-04-19,1,7,4,5,1,18,6
25100,2025-04-20,9,9,7,0,2,27,9
25101,2025-04-21,9,1,1,5,7,23,8
25102,2025-04-22,2,3,3,4,3,15,2
25103,2025-04-23,4,7,1,4,0,16,7
25104,2025-04-24,1,4,4,9,1,19,8
25105,2025-04-25,0,8,4,9,2,23,9
25106,2025-04-26,0,7,6,7,6,26,7
25107,2025-04-27,7,2,6,2,7,24,5
25108,2025-04-28,8,7,7,4,2,28,6
25109,2025-04-29,6,1,9,7,9,32,8
25110,2025-04-30,1,1,6,5,2,15,5
25111,2025-05-01,5,8,8,8,6,35,3
25112,2025-05-02,4,8,3,8,6,29,5
25113,2025-05-03,0,2,9,7,5,23,9
25114,2025-05-04,1,9,2,4,0,16,9
25115,2025-05-05,8,4,7,4,0,23,8
25116,2025-05-06,3,6,0,4,6,19,6
25117,2025-05-07,1,7,0,1,8,17,8
25118,2025-05-08,2,5,5,8,8,28,6
25119,2025-05-09,7,0,3,0,0,10,7
25120,2025-05-10,4,0,1,5,4,14,5
25121,2025-05-11,4,2,4,9,9,28,7
25122,2025-05-12,0,3,0,4,4,11,4
25123,2025-05-13,8,4,2,3,1,18,7
25124,2025-05-14,5,2,7,9,0,23,9
25125,2025-05-15,6,2,7,7,4,26,5
25126,2025-05-16,1,8,4,8,0,21,8
25127,2025-05-17,4,9,2,9,0,24,9
25128,2025-05-18,8,7,0,4,7,26,8
25129,2025-05-19,1,8,9,4,8,30,8
25130,2025-05-20,0,6,8,5,9,28,9
25131,2025-05-21,3,6,7,2,6,24,5
25132,2025-05-22,2,7,5,5,3,22,5
25133,2025-05-23,8,6,6,0,3,23,8
25134,2025-05-24,5,1,0,1,9,16,9
25135,2025-05-25,8,1,6,9,5,29,8
25136,2025-05-26,3,2,4,4,2,15,2
25137,2025-05-27,7,2,1,1,4,15,6
25138,2025-05-28,8,9,5,6,3,31,6
25139,2025-05-29,1,5,5,7,5,23,6
25140,2025-05-30,2,6,7,6,0,21,7
25141,2025-05-31,4,7,5,0,8,24,8
25142,2025-06-01,3,4,3,0,4,14,4
25143,2025-06-02,9,4,4,4,2,23,7
25144,2025-06-03,3,8,9,9,3,32,6
25145,2025-06-04,4,7,1,5,9,26,8
25146,2025-06-05,8,2,2,4,7,23,6
25147,2025-06-06,0,2,3,0,5,10,5
25148,2025-06-07,5,5,7,0,4,21,7
25149,2025-06-08,7,7,2,9,1,26,8
25150,2025-06-09,2,1,2,3,7,15,6
25151,2025-06-10,6,8,6,4,7,31,4
25152,2025-06-11,7,4,7,0,6,24,7
25153,2025-06-12,8,9,4,5,8,34,5
25154,2025-06-13,9,8,9,6,6,38,3
25155,2025-06-14,0,4,0,1,9,14,9
25156,2025-06-15,6,3,8,0,9,26,9
25157,2025-06-16,2,5,0,9,2,18,9
25158,2025-06-17,8,8,2,7,2,27,6
25159,2025-06-18,2,7,4,1,9,23,8
25160,2025-06-19,1,7,1,5,2,16,6
25161,2025-06-20,2,4,8,8,4,26,6
25162,2025-06-21,3,1,7,4,2,17,6
25163,2025-06-22,7,6,6,2,3,24,5
25164,2025-06-23,5,1,9,1,3,19,8
25165,2025-06-24,1,0,3,2,3,9,3
25166,2025-06-25,6,9,6,6,4,31,5
25167,2025-06-26,2,6,7,4,6,25,5
25168,2025-06-27,2,0,3,2,7,14,7
25169,2025-06-28,6,9,9,3,8,35,6
25170,2025-06-29,5,0,2,4,4,15,5
25171,2025-06-30,1,0,5,2,8,16,8
25172,2025-07-01,7,2,4,5,1,19,6
25173,2025-07-02,6,7,3,6,3,25,4
25174,2025-07-03,1,3,1,3,5,13,4
25175,2025-07-04,4,1,3,3,9,20,8
25176,2025-07-05,9,4,9,4,6,32,5
25177,2025-07-06,9,7,7,9,9,41,2
25178,2025-07-07,7,1,4,3,6,21,6
25179,2025-07-08,9,7,2,1,6,25,8
25180,2025-07-09,8,8,9,5,7,37,4
25181,2025-07-10,8,9,4,5,8,34,5
25182,2025-07-11,7,2,1,4,6,20,6
25183,2025-07-12,1,7,7,5,9,29,8
25184,2025-07-13,2,2,1,8,7,20,7
25185,2025-07-14,3,0,8,7,3,21,8
25186,2025-07-15,5,1,4,2,3,15,4
25187,2025-07-16,6,4,1,6,0,17,6
25188,2025-07-17,6,2,3,7,3,21,5
25189,2025-07-18,5,5,6,5,1,22,5
25190,2025-07-19,4,9,9,7,2,31,7
25191,2025-07-20,6,6,9,4,0,25,9
25192,2025-07-21,6,8,3,5,7,29,5
25193,2025-07-22,2,6,5,4,9,26,7
25194,2025-07-23,2,7,0,3,7,19,7
25195,2025-07-24,2,1,0,9,0,12,9
25196,2025-07-25,9,4,1,4,0,18,9
25197,2025-07-26,8,6,9,2,0,25,9
25198,2025-07-27,7,1,7,8,3,26,7
25199,2025-07-28,4,8,5,9,3,29,6
25200,2025-07-29,2,1,1,2,9,15,8
25201,2025-07-30,4,0,1,3,0,8,4
25202,2025-07-31,2,5,3,7,3,20,5
25203,2025-08-01,7,3,5,1,6,22,6
25204,2025-08-02,8,3,0,7,4,22,8
25205,2025-08-03,7,8,3,2,9,29,7
25206,2025-08-04,6,0,5,3,2,16,6
25207,2025-08-05,1,5,4,5,9,24,8
25208,2025-08-06,3,0,9,4,4,20,9
25209,2025-08-07,9,2,1,4,8,24,8
25210,2025-08-08,6,2,2,2,5,17,4
25211,2025-08-09,0,5,0,9,9,23,9
25212,2025-08-10,2,2,3,5,0,12,5
25213,2025-08-11,8,6,8,5,7,34,3
25214,2025-08-12,1,7,6,6,7,27,6
25215,2025-08-13,6,9,5,9,6,35,4
25216,2025-08-14,4,1,0,6,5,16,6
25217,2025-08-15,2,4,2,0,7,15,7
25218,2025-08-16,3,0,7,8,7,25,8
25219,2025-08-17,7,8,4,9,3,31,6
25220,2025-08-18,3,5,3,2,6,19,4
25221,2025-08-19,7,9,1,7,8,32,8
25222,2025-08-20,6,6,0,8,8,28,8
25223,2025-08-21,7,9,5,0,4,25,9
25224,2025-08-22,0,2,1,9,2,14,9
25225,2025-08-23,0,0,9,0,7,16,9
25226,2025-08-24,3,7,3,2,7,22,5
25227,2025-08-25,4,5,3,9,1,22,8
25228,2025-08-26,1,6,4,6,5,22,5
25229,2025-08-27,1,2,3,0,2,8,3
25230,2025-08-28,1,7,8,0,5,21,8
25231,2025-08-29,2,5,8,5,4,24,6
25232,2025-08-30,3,9,7,6,2,27,7
25233,2025-08-31,1,4,3,9,0,17,9
25234,2025-09-01,2,8,2,5,7,24,6
25235,2025-09-02,3,2,1,4,8,18,7
25236,2025-09-03,1,5,1,1,1,9,4
25237,2025-09-04,7,1,3,3,9,23,8
25238,2025-09-05,7,5,4,5,5,26,3
25239,2025-09-06,2,2,0,1,7,12,7
25240,2025-09-07,6,2,7,6,2,23,5
25241,2025-09-08,2,8,6,3,8,27,6
25242,2025-09-09,5,2,3,9,3,22,7
25243,2025-09-10,8,1,2,8,1,20,7
25244,2025-09-11,7,5,8,6,2,28,6
25245,2025-09-12,9,9,4,9,2,33,7
25246,2025-09-13,2,0,7,6,7,22,7
25247,2025-09-14,3,6,4,2,3,18,4
25248,2025-09-15,9,8,3,8,5,33,6
25249,2025-09-16,5,3,2,0,8,18,8
25250,2025-09-17,1,7,8,0,6,22,8
25251,2025-09-18,5,5,8,5,4,27,4
25252,2025-09-19,1,9,0,5,3,18,9
25253,2025-09-20,6,9,3,0,7,25,9
25254,2025-09-21,6,2,8,8,4,28,6
25255,2025-09-22,5,8,3,2,1,19,7
25256,2025-09-23,7,9,7,7,5,35,4
25257,2025-09-24,5,6,1,5,0,17,6
25258,2025-09-25,0,3,8,6,3,20,8
25259,2025-09-26,4,2,0,9,9,24,9
25260,2025-09-27,5,1,4,5,5,20,4
25261,2025-09-28,8,7,7,5,3,30,5
25262,2025-09-29,5,1,2,6,3,17,5
25263,2025-09-30,1,4,8,0,0,13,8
25264,2025-10-05,2,0,2,0,1,5,2
25265,2025-10-06,2,8,1,4,7,22,7
25266,2025-10-07,7,4,2,5,0,18,7
25267,2025-10-08,8,5,6,1,5,25,7
25268,2025-10-09,3,2,1,3,9,18,8
25269,2025-10-10,8,7,5,0,2,22,8
25270,2025-10-11,0,1,8,2,6,17,8
25271,2025-10-12,8,9,8,5,8,38,4
25272,2025-10-13,7,6,7,4,7,31,3
25273,2025-10-14,4,1,7,3,3,18,6
25274,2025-10-15,7,8,7,7,1,30,7
25275,2025-10-16,1,5,0,7,0,13,7
25276,2025-10-17,9,8,2,6,2,27,7
25277,2025-10-18,4,3,2,2,1,12,3
25278,2025-10-19,6,2,7,8,2,25,6
25279,2025-10-20,3,7,5,7,5,27,4
25280,2025-10-21,5,3,9,3,2,22,7
25281,2025-10-22,7,0,7,9,4,27,9
25282,2025-10-23,0,9,6,9,1,25,9
25283,2025-10-24,0,5,7,8,3,23,8
25284,2025-10-25,2,4,7,3,3,19,5
25285,2025-10-26,9,0,5,3,2,19,9
25286,2025-10-27,6,4,1,0,5,16,6
25287,2025-10-28,1,8,0,3,2,14,8
25288,2025-10-29,5,0,4,2,6,17,6
25289,2025-10-30,6,8,5,6,6,31,3
25290,2025-10-31,1,2,5,1,0,9,5
25291,2025-11-01,9,4,8,5,6,32,5
25292,2025-11-02,6,7,3,5,8,29,5
25293,2025-11-03,0,9,4,4,1,18,9
25294,2025-11-04,9,9,4,4,9,35,5
25295,2025-11-05,1,2,4,5,1,13,4
25296,2025-11-06,0,5,2,3,5,15,5
25297,2025-11-07,4,5,3,8,6,26,5
25298,2025-11-08,1,4,1,2,7,15,6
25299,2025-11-09,3,0,0,9,7,19,9
25300,2025-11-10,8,4,3,0,0,15,8
25301,2025-11-11,5,8,2,0,9,24,9
25302,2025-11-12,0,1,6,3,1,11,6
25303,2025-11-13,9,4,3,8,2,26,7
25304,2025-11-14,0,7,9,1,3,20,9
25305,2025-11-15,4,9,7,4,9,33,5
25306,2025-11-16,1,7,8,6,7,29,7
25307,2025-11-17,6,1,8,1,1,17,7
25308,2025-11-18,2,3,4,6,5,20,4
25309,2025-11-19,5,2,7,2,9,25,7
25310,2025-11-20,0,1,6,5,9,21,9
25311,2025-11-21,1,1,4,5,0,11,5
25312,2025-11-22,1,0,9,5,0,15,9
25313,2025-11-23,4,4,5,5,1,19,4
25314,2025-11-24,8,0,2,4,5,19,8
25315,2025-11-25,9,7,3,6,7,32,6
25316,2025-11-26,9,1,8,1,5,24,8
25317,2025-11-27,7,5,6,6,9,33,4
25318,2025-11-28,4,3,8,4,9,28,6
25319,2025-11-29,8,6,5,5,0,24,8
25320,2025-11-30,7,2,5,6,2,22,5
25321,2025-12-01,5,6,8,0,8,27,8
25322,2025-12-02,1,4,8,3,8,24,7
25323,2025-12-03,6,8,7,1,4,26,7
25324,2025-12-04,5,1,3,9,6,24,8
25325,2025-12-05,8,3,6,0,3,20,8
25326,2025-12-06,0,4,5,1,9,19,9
25327,2025-12-07,8,2,9,2,4,25,7
25328,2025-12-08,8,2,5,1,6,22,7
25329,2025-12-09,3,7,0,9,0,19,9
25330,2025-12-10,5,9,4,5,4,27,5
25331,2025-12-11,9,8,0,9,1,27,9
25332,2025-12-12,9,3,9,4,1,26,8
25333,2025-12-13,9,6,1,0,3,19,9
25334,2025-12-14,5,8,3,3,7,26,5
25335,2025-12-15,2,7,6,4,5,24,5
25336,2025-12-16,4,1,2,6,0,13,6
25337,2025-12-17,5,5,4,3,8,25,5
25338,2025-12-18,1,6,4,6,3,20,5
25339,2025-12-19,9,0,0,4,9,22,9
25340,2025-12-20,2,5,5,6,0,18,6
25341,2025-12-21,8,1,7,5,4,25,7
25342,2025-12-22,0,7,9,2,3,21,9
25343,2025-12-23,0,1,2,5,9,17,9
25344,2025-12-24,4,9,5,7,0,25,9
25345,2025-12-25,4,3,1,9,7,24,8
25346,2025-12-26,8,2,6,0,8,24,8
25347,2025-12-27,6,9,5,6,7,33,4
25348,2025-12-28,3,7,3,1,4,18,6
25349,2025-12-29,0,3,2,2,6,13,6
25350,2025-12-30,6,7,3,4,4,24,4
25351,2025-12-31,6,1,7,2,9,25,8
26001,2026-01-01,8,3,0,1,3,15,8
26002,2026-01-02,6,8,9,2,3,28,7
26003,2026-01-03,0,8,6,8,9,31,9
26004,2026-01-04,8,7,8,8,2,33,6
26005,2026-01-05,0,6,1,6,9,22,9
26006,2026-01-06,7,1,8,8,8,32,7
26007,2026-01-07,1,2,6,6,0,15,6
26008,2026-01-08,5,0,9,6,3,23,9
26009,2026-01-09,2,4,8,2,1,17,7
26010,2026-01-10,9,2,0,3,4,18,9
26011,2026-01-11,0,3,0,6,7,16,7
26012,2026-01-12,5,2,2,0,1,10,5
26013,2026-01-13,4,7,7,8,7,33,4
26014,2026-01-14,8,3,3,8,2,24,6
26015,2026-01-15,2,0,2,4,4,12,4
26016,2026-01-16,2,1,5,9,1,18,8
26017,2026-01-17,1,1,2,8,8,20,7
26018,2026-01-18,8,9,6,3,2,28,7
26019,2026-01-19,8,4,8,9,7,36,5
26020,2026-01-20,0,9,5,8,4,26,9
26021,2026-01-21,2,6,3,0,2,13,6
26022,2026-01-22,2,5,5,0,2,14,5
26023,2026-01-23,4,9,5,2,7,27,7
26024,2026-01-24,2,6,8,3,2,21,6
26025,2026-01-25,1,8,1,1,1,12,7
26026,2026-01-26,2,9,1,4,4,20,8
26027,2026-01-27,0,8,4,0,7,19,8
26028,2026-01-28,4,9,9,9,5,36,5
26029,2026-01-29,6,1,3,7,8,25,7
26030,2026-01-30,8,1,1,5,2,17,7
26031,2026-01-31,7,8,6,9,6,36,3
26032,2026-02-01,7,3,0,7,8,25,8
26033,2026-02-02,1,4,1,3,2,11,3
26034,2026-02-03,2,1,6,9,9,27,8
26035,2026-02-04,7,1,7,0,4,19,7
26036,2026-02-05,7,8,8,2,4,29,6
26037,2026-02-06,7,2,4,5,2,20,5
26038,2026-02-07,7,8,9,8,7,39,2
26039,2026-02-08,8,5,2,8,8,31,6
26040,2026-02-09,0,0,9,7,9,25,9
26041,2026-02-10,6,3,9,6,5,29,6
26042,2026-02-11,7,9,5,2,4,27,7
26043,2026-02-12,1,7,9,2,7,26,8
26044,2026-02-13,0,5,1,6,2,14,6
26045,2026-02-24,1,4,4,7,1,17,6
26046,2026-02-25,7,0,3,2,3,15,7
26047,2026-02-26,3,3,0,4,5,15,5
26048,2026-02-27,0,9,7,6,7,29,9
26049,2026-02-28,5,9,2,5,9,30,7
26050,2026-03-01,4,3,5,4,7,23,4
26051,2026-03-02,0,4,5,3,7,19,7
26052,2026-03-03,6,4,9,1,5,25,8
26053,2026-03-04,7,4,4,9,2,26,7
26054,2026-03-05,6,5,5,6,4,26,2
26055,2026-03-06,5,3,7,5,2,22,5
26056,2026-03-07,1,1,9,2,1,14,8
26057,2026-03-08,4,7,9,3,1,24,8
26058,2026-03-09,5,9,0,6,4,24,9
26059,2026-03-10,2,0,9,9,6,26,9
26060,2026-03-11,1,1,8,0,0,10,8
26061,2026-03-12,3,4,7,4,9,27,6
26062,2026-03-13,3,1,5,4,2,15,4
26063,2026-03-14,7,2,3,8,4,24,6
26064,2026-03-15,5,2,8,9,4,28,7
26065,2026-03-16,8,5,1,8,5,27,7
26066,2026-03-17,8,0,7,8,7,30,8
26067,2026-03-18,4,2,8,1,2,17,7
26068,2026-03-19,8,4,0,0,9,21,9
26069,2026-03-20,1,1,4,6,9,21,8
26070,2026-03-21,1,3,1,8,9,22,8
26071,2026-03-22,5,5,1,5,3,19,4
26072,2026-03-23,1,1,5,1,4,12,4
26073,2026-03-24,3,2,5,0,0,10,5
26074,2026-03-25,4,0,6,3,3,16,6
26075,2026-03-26,4,3,7,4,3,21,4
26076,2026-03-27,4,1,9,6,4,24,8
26077,2026-03-28,7,8,0,7,4,26,8
26078,2026-03-29,6,3,4,8,6,27,5
26079,2026-03-30,1,9,5,9,9,33,8
26080,2026-03-31,7,7,0,0,6,20,7
26081,2026-04-01,6,9,0,1,6,22,9
26082,2026-04-02,0,4,8,3,8,23,8
26083,2026-04-03,9,0,3,4,0,16,9
26084,2026-04-04,0,0,4,9,3,16,9
26085,2026-04-05,0,2,0,7,7,16,7
26086,2026-04-06,3,3,4,8,8,26,5
26087,2026-04-07,0,7,0,7,6,20,7
26088,2026-04-08,4,7,4,5,9,29,5
26089,2026-04-09,2,1,6,3,4,16,5
26090,2026-04-10,9,5,4,4,3,25,6
26091,2026-04-11,2,0,2,8,2,14,8
26092,2026-04-12,7,6,1,2,0,16,7
26093,2026-04-13,9,9,8,7,6,39,3
26094,2026-04-14,9,3,8,1,1,22,8
26095,2026-04-15,5,6,8,1,9,29,8
26096,2026-04-16,6,4,3,9,1,23,8
26097,2026-04-17,2,2,6,8,2,20,6
26098,2026-04-18,9,7,4,3,5,28,6
26099,2026-04-19,4,2,4,1,4,15,3
26100,2026-04-20,2,0,7,5,8,22,8
26101,2026-04-21,0,9,0,3,3,15,9
26102,2026-04-22,4,9,0,2,6,21,9
26103,2026-04-23,9,0,1,2,0,12,9
26104,2026-04-24,7,8,6,7,0,28,8
26105,2026-04-25,2,1,7,6,3,19,6
26106,2026-04-26,3,4,3,9,9,28,6
26107,2026-04-27,1,5,4,1,3,14,4
26108,2026-04-28,6,5,6,3,8,28,5
26109,2026-04-29,0,8,8,1,2,19,8
26110,2026-04-30,3,4,3,0,4,14,4
26111,2026-05-01,8,7,7,9,0,31,9
26112,2026-05-02,6,5,2,9,3,25,7
26113,2026-05-03,9,2,5,8,5,29,7
26114,2026-05-04,0,1,7,7,3,18,7
26115,2026-05-05,3,3,3,0,1,10,3
26116,2026-05-06,9,5,1,4,3,22,8
26117,2026-05-07,0,9,1,2,8,20,9
26118,2026-05-08,2,7,2,3,1,15,6
26119,2026-05-09,2,2,2,1,9,16,8
26120,2026-05-10,2,9,6,4,8,29,7
26121,2026-05-11,0,4,0,3,3,10,4
26122,2026-05-12,7,4,7,6,1,25,6
26123,2026-05-13,9,5,5,1,2,22,8
26124,2026-05-14,7,8,5,3,2,25,6
26125,2026-05-15,8,6,7,2,1,24,7
26126,2026-05-16,8,3,5,2,6,24,6
26127,2026-05-17,9,3,6,0,3,21,9
26128,2026-05-18,5,1,2,2,8,18,7
26129,2026-05-19,6,8,3,3,1,21,7
26130,2026-05-20,0,7,0,1,3,11,7
26131,2026-05-21,9,6,8,4,1,28,8
26132,2026-05-22,4,4,3,5,0,16,5
26133,2026-05-23,5,4,3,7,0,19,7
26134,2026-05-24,5,1,5,3,3,17,4
26135,2026-05-25,9,3,9,2,5,28,7
26136,2026-05-26,4,6,6,2,3,21,4
26137,2026-05-27,5,4,4,3,6,22,3
26138,2026-05-28,2,6,3,5,6,22,4
26139,2026-05-29,1,9,8,1,1,20,8
26140,2026-05-30,4,2,1,7,8,22,7
26141,2026-05-31,2,1,5,8,2,18,7
26142,2026-06-01,9,1,6,1,7,24,8
26143,2026-06-02,7,4,4,0,0,15,7
26144,2026-06-03,4,6,2,6,5,23,4
26145,2026-06-04,9,9,3,0,0,21,9
26146,2026-06-05,1,5,4,9,2,21,8
26147,2026-06-06,5,9,0,5,3,22,9
26148,2026-06-07,0,6,5,6,2,19,6
26149,2026-06-08,3,2,5,3,3,16,3
26150,2026-06-09,3,4,0,7,1,15,7
26151,2026-06-10,9,8,3,9,4,33,6
26152,2026-06-11,1,5,1,4,8,19,7
26153,2026-06-12,3,8,9,4,9,33,6
26154,2026-06-13,4,7,3,8,6,28,5
26155,2026-06-14,4,8,5,4,7,28,4
26156,2026-06-15,6,4,1,7,0,18,7
26157,2026-06-16,8,3,0,3,4,18,8
26158,2026-06-17,9,1,1,3,3,17,8
26159,2026-06-18,5,5,7,6,0,23,7
26160,2026-06-19,5,5,1,6,4,21,5
26161,2026-06-20,5,6,2,0,5,18,6
26162,2026-06-21,3,6,9,6,3,27,6
26163,2026-06-22,3,4,6,4,9,26,6
26164,2026-06-23,7,1,5,7,2,22,6
26165,2026-06-24,2,9,4,4,9,28,7
26166,2026-06-25,2,2,9,5,0,18,9
26167,2026-06-26,0,1,2,3,1,7,3
26168,2026-06-27,1,9,2,7,4,23,8
26169,2026-06-28,8,8,4,7,3,30,5
26170,2026-06-29,4,1,7,7,2,21,6
26171,2026-06-30,0,4,8,1,7,20,8
26172,2026-07-01,7,7,1,1,5,21,6
26173,2026-07-02,2,5,9,7,5,28,7
26174,2026-07-03,1,5,7,6,6,25,6
26175,2026-07-04,8,3,8,1,3,23,7
26176,2026-07-05,5,8,4,8,1,26,7
26177,2026-07-06,8,2,6,7,0,23,8
26178,2026-07-07,8,3,7,9,9,36,6
26179,2026-07-08,3,9,6,2,3,23,7
26180,2026-07-09,0,0,5,7,2,14,7
26181,2026-07-10,1,2,4,4,4,15,3
26182,2026-07-11,3,1,3,4,0,11,4
26183,2026-07-12,3,5,2,6,2,18,4
26184,2026-07-13,1,4,2,4,6,17,5
26185,2026-07-14,7,8,5,7,9,36,4
26186,2026-07-15,6,6,5,0,1,18,6
26187,2026-07-16,0,8,6,7,8,29,8
26188,2026-07-17,6,0,7,7,0,20,7
26189,2026-07-18,9,5,0,6,5,25,9
26190,2026-07-19,5,5,4,0,8,22,8
26191,2026-07-20,0,6,9,8,9,32,9
26192,2026-07-21,3,0,6,1,4,14,6
26193,2026-07-22,1,8,0,6,8,23,8
26194,2026-07-23,7,0,1,0,6,14,7
26195,2026-07-24,5,9,5,1,6,26,8
26196,2026-07-25,7,2,6,3,2,20,5
26197,2026-07-26,4,7,3,4,1,19,6
26198,2026-07-27,7,1,9,0,7,24,9
26199,2026-07-28,3,0,5,0,7,15,7
26200,2026-07-29,0,7,7,2,0,16,7
26201,2026-07-30,8,6,2,7,1,24,7
26202,2026-07-31,9,6,1,7,0,23,9
26203,2026-08-01,1,3,5,6,8,23,7
26204,2026-08-02,6,7,4,0,7,24,7
26205,2026-08-03,8,0,6,0,8,22,8
26206,2026-08-04,7,0,9,6,5,27,9
26207,2026-08-05,8,6,6,4,4,28,4
26208,2026-08-06,4,7,1,8,6,26,7
26209,2026-08-07,9,8,2,7,7,33,7
26210,2026-08-08,0,9,4,5,1,19,9
26211,2026-08-09,5,1,5,4,3,18,4
26212,2026-08-10,8,3,9,4,3,27,6
26213,2026-08-11,7,4,0,7,1,19,7
26214,2026-08-12,0,1,4,9,0,14,9
26215,2026-08-13,9,2,7,3,8,29,7
26216,2026-08-14,9,5,3,0,0,17,9
26217,2026-08-15,0,1,9,6,6,22,9
26218,2026-08-16,0,7,9,5,0,21,9
26219,2026-08-17,6,6,2,1,9,24,8
26220,2026-08-18,4,8,2,9,9,32,7
26221,2026-08-19,9,6,9,8,8,40,3
26222,2026-08-20,8,7,7,7,1,30,7
26223,2026-08-21,2,2,3,7,3,17,5
26224,2026-08-22,9,1,2,4,0,16,9
26225,2026-08-23,1,1,6,3,5,16,5
26226,2026-08-24,2,0,1,6,9,18,9
26227,2026-08-25,4,3,1,9,5,22,8
26228,2026-08-26,5,6,0,2,5,18,6
26229,2026-08-27,2,8,0,5,4,19,8
26230,2026-08-28,9,4,6,8,3,30,6
26231,2026-08-29,1,8,7,9,9,34,8
