期号,日期,基本号1,基本号2,基本号3,基本号4,基本号5,基本号6,基本号7
07001,2007-01-03,4,14,19,22,26,29,30
07002,2007-01-05,1,2,6,11,14,19,27
07003,2007-01-08,6,8,10,21,25,28,29
07004,2007-01-10,1,2,3,4,8,23,28
07005,2007-01-12,1,3,8,18,25,27,29
07006,2007-01-15,1,4,12,14,22,25,26
07007,2007-01-17,2,3,11,15,19,24,28
07008,2007-01-19,3,6,19,23,25,26,30
07009,2007-01-22,1,4,12,19,22,23,25
07010,2007-01-24,4,5,18,22,25,26,28
07011,2007-01-26,11,16,17,20,21,27,28
07012,2007-01-29,12,14,17,21,22,29,30
07013,2007-01-31,4,8,12,16,20,24,28
07014,2007-02-02,2,4,9,10,18,25,26
07015,2007-02-05,1,2,5,11,14,16,21
07016,2007-02-07,3,9,15,19,21,22,28
07017,2007-02-09,3,4,5,7,13,22,25
07018,2007-02-12,3,10,11,19,20,26,27
07019,2007-02-14,4,7,10,11,17,22,30
07020,2007-02-16,1,2,4,5,12,15,16
07021,2007-02-26,1,2,3,12,15,22,24
07022,2007-02-28,1,3,11,13,17,21,24
07023,2007-03-02,5,7,16,17,19,20,24
07024,2007-03-05,1,4,9,16,18,20,26
07025,2007-03-07,9,11,14,16,17,21,30
07026,2007-03-09,1,6,10,13,22,26,29
07027,2007-03-12,8,9,17,18,19,24,25
07028,2007-03-14,2,6,7,20,24,27,30
07029,2007-03-16,1,6,19,20,22,23,29
07030,2007-03-19,2,3,11,13,15,24,28
07031,2007-03-21,5,6,14,16,24,25,30
07032,2007-03-23,13,15,19,20,21,26,27
07033,2007-03-26,4,11,15,17,18,20,27
07034,2007-03-28,1,13,15,17,25,28,30
07035,2007-03-30,3,7,14,15,17,26,27
07036,2007-04-02,3,8,10,14,15,17,22
07037,2007-04-04,6,9,11,12,13,16,27
07038,2007-04-06,1,9,15,21,24,25,29
07039,2007-04-09,11,13,15,18,19,22,29
07040,2007-04-11,1,6,7,8,12,19,24
07041,2007-04-13,4,9,10,11,20,21,26
07042,2007-04-16,6,8,12,15,23,25,27
07043,2007-04-18,3,5,6,9,11,23,27
07044,2007-04-20,1,4,5,22,23,27,29
07045,2007-04-23,9,15,18,19,21,25,28
07046,2007-04-25,4,7,15,17,19,25,29
07047,2007-04-27,1,5,6,10,18,21,23
07048,2007-04-30,11,15,17,18,20,22,28
07049,2007-05-02,5,6,8,11,16,18,21
07050,2007-05-04,4,11,19,21,26,29,30
07051,2007-05-07,1,7,10,15,18,26,29
07052,2007-05-09,2,4,7,8,11,16,18
07053,2007-05-11,2,5,7,12,13,25,28
07054,2007-05-14,6,8,9,12,13,14,22
07055,2007-05-16,1,2,9,10,15,20,28
07056,2007-05-18,1,5,8,10,21,26,27
07057,2007-05-21,7,8,9,10,13,21,28
07058,2007-05-23,1,4,6,8,14,22,25
07059,2007-05-25,6,7,8,14,16,18,23
07060,2007-05-28,9,21,22,23,25,29,30
07061,2007-05-30,12,14,17,19,22,25,28
07062,2007-06-01,6,7,8,15,17,22,25
07063,2007-06-04,4,16,17,20,23,25,29
07064,2007-06-06,2,3,7,9,11,12,24
07065,2007-06-08,4,9,17,18,20,21,24
07066,2007-06-11,2,5,15,24,27,28,29
07067,2007-06-13,3,6,8,10,11,13,17
07068,2007-06-15,3,5,12,19,22,23,28
07069,2007-06-18,9,10,11,16,24,25,27
07070,2007-06-20,1,7,9,10,11,17,24
07071,2007-06-22,7,9,13,20,21,28,29
07072,2007-06-25,1,3,5,24,26,27,28
07073,2007-06-27,4,6,7,11,18,24,26
07074,2007-06-29,1,2,9,16,17,24,27
07075,2007-07-02,1,6,19,21,24,25,27
07076,2007-07-04,4,8,14,19,20,25,29
07077,2007-07-06,1,2,9,13,17,18,28
07078,2007-07-09,1,3,7,14,18,21,24
07079,2007-07-11,4,8,10,21,23,25,26
07080,2007-07-13,1,4,8,9,12,15,16
07081,2007-07-16,6,7,8,11,13,15,23
07082,2007-07-18,2,11,13,14,16,21,27
07083,2007-07-20,4,5,7,11,14,21,25
07084,2007-07-23,3,4,5,8,11,12,26
07085,2007-07-25,2,7,20,22,23,25,30
07086,2007-07-27,5,6,7,11,23,25,27
07087,2007-07-30,1,3,10,21,25,27,29
07088,2007-08-01,3,4,5,10,13,26,28
07089,2007-08-03,1,13,20,23,25,26,29
07090,2007-08-06,5,10,12,19,21,24,29
07091,2007-08-08,8,9,13,15,19,25,28
07092,2007-08-10,9,10,11,12,14,15,18
07093,2007-08-13,9,10,15,18,19,22,23
07094,2007-08-15,2,4,9,10,12,13,15
07095,2007-08-17,2,14,15,22,24,26,27
07096,2007-08-20,4,7,8,9,12,14,30
07097,2007-08-22,3,4,5,7,20,23,25
07098,2007-08-24,1,13,18,19,24,26,28
07099,2007-08-27,5,6,16,17,18,21,26
07100,2007-08-29,9,10,14,15,19,24,27
07101,2007-08-31,3,4,6,7,10,12,21
07102,2007-09-03,4,6,10,14,15,22,26
07103,2007-09-05,6,7,9,16,18,21,23
07104,2007-09-07,5,11,14,17,18,23,30
07105,2007-09-10,2,9,15,21,26,27,30
07106,2007-09-12,2,7,12,18,22,24,26
07107,2007-09-14,8,9,10,14,15,17,22
07108,2007-09-17,6,8,17,20,23,24,25
07109,2007-09-19,2,3,7,12,23,27,28
07110,2007-09-21,1,10,13,16,18,20,30
07111,2007-09-24,11,12,16,18,23,29,30
07112,2007-09-26,2,11,13,17,20,27,28
07113,2007-09-28,5,8,10,13,24,25,29
07114,2007-10-01,5,6,16,20,25,27,30
07115,2007-10-03,1,5,18,19,20,23,27
07116,2007-10-05,6,8,14,18,26,29,30
07117,2007-10-08,2,7,9,11,17,20,21
07118,2007-10-10,2,4,9,19,20,22,29
07119,2007-10-12,5,8,15,21,22,25,26
07120,2007-10-15,2,5,7,11,22,23,26
07121,2007-10-17,2,7,11,18,22,24,27
07122,2007-10-19,11,16,17,19,21,22,25
07123,2007-10-22,1,20,21,25,27,28,29
07124,2007-10-24,1,4,18,19,21,28,29
07125,2007-10-26,5,11,13,21,23,27,29
07126,2007-10-29,4,5,7,9,10,17,27
07127,2007-10-31,5,8,17,19,23,24,28
07128,2007-11-02,3,4,15,18,22,23,28
07129,2007-11-05,2,10,18,23,28,29,30
07130,2007-11-07,6,8,14,18,19,24,28
07131,2007-11-09,2,4,6,10,13,20,26
07132,2007-11-12,6,9,10,11,19,21,30
07133,2007-11-14,9,15,20,21,22,24,29
07134,2007-11-16,1,5,9,15,24,25,29
07135,2007-11-19,5,9,10,16,17,24,27
07136,2007-11-21,1,13,14,17,22,25,27
07137,2007-11-23,3,8,13,14,17,19,26
07138,2007-11-26,1,12,13,16,17,18,28
07139,2007-11-28,6,11,14,16,19,28,30
07140,2007-11-30,1,7,12,19,20,23,28
07141,2007-12-03,1,7,12,14,21,22,24
07142,2007-12-05,1,4,6,8,14,16,20
07143,2007-12-07,5,10,15,16,18,21,27
07144,2007-12-10,4,5,7,14,16,24,26
07145,2007-12-12,1,3,11,12,15,18,21
07146,2007-12-14,7,10,12,20,22,27,29
07147,2007-12-17,2,7,9,10,16,20,28
07148,2007-12-19,1,2,5,13,18,22,27
07149,2007-12-21,2,13,15,16,19,23,26
07150,2007-12-24,9,11,13,15,21,23,24
07151,2007-12-26,5,8,11,19,24,26,28
07152,2007-12-28,7,10,15,18,22,23,24
07153,2007-12-31,2,8,13,20,27,29,30
08001,2008-01-02,2,4,5,7,12,14,16
08002,2008-01-04,6,16,17,18,19,24,25
08003,2008-01-07,6,7,8,12,22,28,29
08004,2008-01-09,1,6,12,15,23,25,28
08005,2008-01-11,1,6,9,12,13,14,30
08006,2008-01-14,3,12,14,18,20,28,29
08007,2008-01-16,2,5,10,11,17,18,20
08008,2008-01-18,1,5,6,14,20,23,28
08009,2008-01-21,3,6,10,20,22,24,28
08010,2008-01-23,1,2,11,14,21,23,27
08011,2008-01-25,3,9,17,20,24,26,27
08012,2008-01-28,1,6,7,8,19,22,28
08013,2008-01-30,11,15,16,20,25,27,29
08014,2008-02-01,6,9,14,20,23,24,25
08015,2008-02-04,1,6,8,12,16,17,18
08016,2008-02-13,3,9,12,15,20,21,28
08017,2008-02-15,6,10,14,17,18,24,25
08018,2008-02-18,2,4,8,16,21,24,29
08019,2008-02-20,1,5,6,13,14,21,22
08020,2008-02-22,5,10,13,20,26,27,28
08021,2008-02-25,1,11,12,13,14,25,27
08022,2008-02-27,2,4,16,20,22,24,25
08023,2008-02-29,1,2,3,7,13,29,30
08024,2008-03-03,2,4,10,14,18,20,28
08025,2008-03-05,3,6,9,10,12,15,30
08026,2008-03-07,5,7,21,23,24,25,27
08027,2008-03-10,6,7,8,12,18,22,28
08028,2008-03-12,7,12,13,15,17,22,25
08029,2008-03-14,3,6,9,11,23,28,30
08030,2008-03-17,4,8,11,12,22,25,26
08031,2008-03-19,2,4,7,8,17,22,26
08032,2008-03-21,2,4,8,10,12,28,29
08033,2008-03-24,4,5,9,18,20,24,30
08034,2008-03-26,3,6,9,12,15,22,27
08035,2008-03-28,8,11,14,15,26,28,30
08036,2008-03-31,3,6,7,10,17,22,26
08037,2008-04-02,3,14,16,21,22,23,27
08038,2008-04-04,2,5,6,22,23,24,29
08039,2008-04-07,4,5,6,11,18,21,28
08040,2008-04-09,5,6,13,20,24,25,30
08041,2008-04-11,1,6,7,10,17,18,23
08042,2008-04-14,6,9,15,20,21,23,29
08043,2008-04-16,1,4,14,17,24,27,28
08044,2008-04-18,2,5,7,15,17,18,26
08045,2008-04-21,1,2,10,12,18,28,30
08046,2008-04-23,3,5,6,15,18,20,23
08047,2008-04-25,7,8,9,14,16,17,25
08048,2008-04-28,2,4,8,13,14,16,22
08049,2008-04-30,1,4,5,6,14,28,29
08050,2008-05-02,6,11,14,20,21,22,24
08051,2008-05-05,3,7,12,14,15,16,19
08052,2008-05-07,8,16,21,25,26,28,30
08053,2008-05-09,6,9,11,14,18,25,26
08054,2008-05-12,1,2,15,17,21,26,28
08055,2008-05-14,7,8,14,21,26,27,30
08056,2008-05-16,4,15,19,23,27,28,30
08057,2008-05-19,8,12,13,17,21,22,28
08058,2008-05-21,11,12,15,18,20,21,27
08059,2008-05-23,1,14,16,26,28,29,30
08060,2008-05-26,8,9,11,12,18,22,23
08061,2008-05-28,2,11,15,16,17,22,23
08062,2008-05-30,2,14,17,19,25,27,28
08063,2008-06-02,1,9,18,22,24,25,26
08064,2008-06-04,1,16,17,23,25,26,30
08065,2008-06-06,7,13,16,20,22,23,24
08066,2008-06-09,5,6,12,23,24,25,27
08067,2008-06-11,6,9,15,16,18,21,24
08068,2008-06-13,9,10,13,16,17,18,22
08069,2008-06-16,1,2,7,13,22,23,28
08070,2008-06-18,15,18,25,26,28,29,30
08071,2008-06-20,12,14,18,19,23,25,26
08072,2008-06-23,7,8,10,16,17,19,21
08073,2008-06-25,4,6,7,8,18,20,29
08074,2008-06-27,2,5,19,22,24,25,29
08075,2008-06-30,2,8,9,14,15,22,27
08076,2008-07-02,2,15,18,19,21,22,27
08077,2008-07-04,5,10,14,20,24,25,30
08078,2008-07-07,15,19,20,23,24,26,29
08079,2008-07-09,4,8,12,14,23,26,27
08080,2008-07-11,1,2,4,9,15,18,29
08081,2008-07-14,7,10,11,14,20,23,24
08082,2008-07-16,5,10,13,16,17,25,29
08083,2008-07-18,1,16,17,21,23,28,29
08084,2008-07-21,12,15,18,22,23,29,30
08085,2008-07-23,9,11,14,18,19,24,25
08086,2008-07-25,4,7,10,14,16,23,25
08087,2008-07-28,10,11,15,17,25,28,30
08088,2008-07-30,2,4,10,12,14,17,21
08089,2008-08-01,2,3,4,5,19,21,27
08090,2008-08-04,8,10,11,12,16,19,28
08091,2008-08-06,1,6,8,10,11,20,27
08092,2008-08-08,3,6,10,12,17,22,29
08093,2008-08-11,14,16,17,18,20,22,23
08094,2008-08-13,1,3,9,13,18,26,29
08095,2008-08-15,1,5,9,11,20,28,29
08096,2008-08-18,9,10,18,25,26,27,28
08097,2008-08-20,2,13,14,16,21,22,28
08098,2008-08-22,2,6,11,13,22,26,28
08099,2008-08-25,3,10,14,19,21,24,25
08100,2008-08-27,12,14,15,18,19,24,26
08101,2008-08-29,1,3,9,12,21,25,29
08102,2008-09-01,1,10,11,18,23,26,30
08103,2008-09-03,7,9,10,12,14,28,29
08104,2008-09-05,4,17,22,23,24,28,29
08105,2008-09-08,2,11,13,19,23,24,26
08106,2008-09-10,1,2,12,17,19,24,28
08107,2008-09-12,3,11,15,16,19,20,26
08108,2008-09-15,6,10,13,18,24,29,30
08109,2008-09-17,2,13,15,18,23,25,30
08110,2008-09-19,4,5,11,12,14,15,23
08111,2008-09-22,6,7,8,9,18,26,30
08112,2008-09-24,3,9,20,24,25,26,28
08113,2008-09-26,2,3,5,6,13,23,26
08114,2008-09-29,1,9,13,17,23,28,29
08115,2008-10-01,2,8,10,18,19,25,26
08116,2008-10-03,11,14,19,20,21,22,27
08117,2008-10-06,2,13,15,19,20,21,29
08118,2008-10-08,1,5,14,23,24,26,27
08119,2008-10-10,6,12,14,15,17,25,27
08120,2008-10-13,5,10,13,16,17,25,28
08121,2008-10-15,2,5,12,13,16,20,29
08122,2008-10-17,6,7,10,11,16,22,27
08123,2008-10-20,4,7,10,11,15,26,27
08124,2008-10-22,2,3,7,10,11,23,26
08125,2008-10-24,2,5,10,12,13,18,25
08126,2008-10-27,1,14,16,17,19,21,26
08127,2008-10-29,3,4,5,10,17,19,22
08128,2008-10-31,2,7,8,9,10,16,30
08129,2008-11-03,6,7,11,13,17,18,24
08130,2008-11-05,8,10,15,18,23,29,30
08131,2008-11-07,8,9,12,15,18,23,26
08132,2008-11-10,8,12,17,19,20,29,30
08133,2008-11-12,6,7,10,11,20,21,25
08134,2008-11-14,1,8,9,10,14,18,19
08135,2008-11-17,2,10,14,21,23,25,30
08136,2008-11-19,1,9,10,22,24,25,28
08137,2008-11-21,3,5,7,10,22,23,27
08138,2008-11-24,2,3,6,7,11,15,26
08139,2008-11-26,1,4,15,19,20,26,29
08140,2008-11-28,2,15,16,20,22,25,26
08141,2008-12-01,3,10,12,13,17,21,30
08142,2008-12-03,5,7,12,17,18,25,26
08143,2008-12-05,3,8,17,22,24,25,29
08144,2008-12-08,5,7,12,14,18,22,29
08145,2008-12-10,1,3,10,17,18,19,23
08146,2008-12-12,1,4,6,18,22,24,26
08147,2008-12-15,1,10,13,15,18,20,28
08148,2008-12-17,2,5,6,9,19,20,27
08149,2008-12-19,5,6,8,14,16,28,30
08150,2008-12-22,1,3,10,14,15,17,29
08151,2008-12-24,2,5,10,15,18,21,27
08152,2008-12-26,6,8,12,14,17,19,29
08153,2008-12-29,2,9,13,16,20,25,26
08154,2008-12-31,5,6,7,11,20,26,27
09001,2009-01-02,2,3,4,14,15,23,26
09002,2009-01-05,10,14,15,20,23,25,29
09003,2009-01-07,1,9,10,12,15,19,21
09004,2009-01-09,10,12,16,18,21,24,26
09005,2009-01-12,6,8,13,18,22,28,29
09006,2009-01-14,4,8,11,16,20,25,26
09007,2009-01-16,3,5,6,11,19,20,25
09008,2009-01-19,1,2,4,15,20,22,23
09009,2009-01-21,5,8,10,19,22,24,28
09010,2009-01-23,11,12,21,23,24,26,28
09011,2009-02-02,1,3,4,17,20,23,30
09012,2009-02-04,1,2,7,10,17,24,29
09013,2009-02-06,6,8,12,15,22,28,29
09014,2009-02-09,6,7,10,12,21,22,28
09015,2009-02-11,9,13,14,22,26,27,28
09016,2009-02-13,5,11,15,17,20,23,29
09017,2009-02-16,12,15,18,21,26,27,30
09018,2009-02-18,2,13,15,16,17,21,27
09019,2009-02-20,1,2,13,15,21,22,24
09020,2009-02-23,7,17,18,19,21,24,28
09021,2009-02-25,1,15,22,23,24,28,29
09022,2009-02-27,2,12,14,18,24,25,29
09023,2009-03-02,1,9,10,13,15,21,29
09024,2009-03-04,4,6,9,15,22,25,29
09025,2009-03-06,5,9,19,21,27,29,30
09026,2009-03-09,1,11,12,18,21,22,26
09027,2009-03-11,11,13,18,19,23,24,25
09028,2009-03-13,1,2,5,8,9,11,20
09029,2009-03-16,1,5,9,10,14,17,28
09030,2009-03-18,6,19,20,21,25,29,30
09031,2009-03-20,6,10,24,25,27,28,30
09032,2009-03-23,2,3,4,16,20,27,29
09033,2009-03-25,5,8,13,14,22,26,28
09034,2009-03-27,6,12,15,20,24,26,29
09035,2009-03-30,2,7,12,21,22,24,28
09036,2009-04-01,5,12,13,23,24,25,27
09037,2009-04-03,2,6,10,14,17,20,30
09038,2009-04-06,8,10,12,21,22,29,30
09039,2009-04-08,2,19,20,21,22,27,29
09040,2009-04-10,4,6,7,13,16,18,21
09041,2009-04-13,3,4,6,15,23,25,27
09042,2009-04-15,8,10,16,18,19,24,29
09043,2009-04-17,2,19,20,21,22,25,26
09044,2009-04-20,3,8,14,16,17,20,25
09045,2009-04-22,11,16,17,19,20,21,28
09046,2009-04-24,11,14,18,19,20,25,28
09047,2009-04-27,4,5,8,15,16,26,30
09048,2009-04-29,2,4,13,21,25,29,30
09049,2009-05-01,3,5,13,16,17,22,27
09050,2009-05-04,4,5,7,10,19,27,28
09051,2009-05-06,3,4,8,10,22,26,29
09052,2009-05-08,3,6,16,17,26,29,30
09053,2009-05-11,3,8,10,15,16,23,28
09054,2009-05-13,7,10,14,18,19,21,30
09055,2009-05-15,2,8,15,16,17,25,30
09056,2009-05-18,5,6,7,13,18,24,29
09057,2009-05-20,3,9,13,17,24,26,28
09058,2009-05-22,6,10,11,18,20,22,24
09059,2009-05-25,7,16,19,21,26,29,30
09060,2009-05-27,2,8,12,18,20,23,27
09061,2009-05-29,1,4,8,16,17,27,29
09062,2009-06-01,2,5,9,10,17,24,25
09063,2009-06-03,4,8,12,16,18,20,26
09064,2009-06-05,1,8,13,14,18,20,29
09065,2009-06-08,8,9,12,20,25,28,29
09066,2009-06-10,1,2,3,7,19,20,27
09067,2009-06-12,3,10,13,20,25,26,29
09068,2009-06-15,1,9,10,13,20,24,30
09069,2009-06-17,1,2,7,12,18,19,25
09070,2009-06-19,13,17,21,22,24,29,30
09071,2009-06-22,3,6,9,20,21,24,25
09072,2009-06-24,4,6,10,15,23,25,30
09073,2009-06-26,2,10,11,14,19,24,28
09074,2009-06-29,9,11,13,16,18,20,29
09075,2009-07-01,1,7,8,9,11,12,30
09076,2009-07-03,3,8,11,18,21,25,30
09077,2009-07-06,3,5,9,18,20,21,23
09078,2009-07-08,10,12,13,18,23,26,29
09079,2009-07-10,5,12,15,17,19,28,29
09080,2009-07-13,10,11,13,14,19,23,25
09081,2009-07-15,1,4,8,12,19,24,25
09082,2009-07-17,1,7,8,10,21,22,26
09083,2009-07-20,5,8,12,16,23,24,25
09084,2009-07-22,1,8,13,14,18,26,28
09085,2009-07-24,3,5,9,11,14,18,23
09086,2009-07-27,4,8,10,12,24,25,30
09087,2009-07-29,4,5,11,12,18,24,26
09088,2009-07-31,1,3,7,12,16,20,23
09089,2009-08-03,1,2,6,8,13,17,19
09090,2009-08-05,1,6,12,13,24,27,28
09091,2009-08-07,5,12,14,15,24,25,26
09092,2009-08-10,1,4,5,12,17,19,24
09093,2009-08-12,4,5,15,18,20,23,26
09094,2009-08-14,7,14,18,22,23,25,30
09095,2009-08-17,7,10,12,13,16,18,27
09096,2009-08-19,1,2,7,8,12,19,30
09097,2009-08-21,9,11,13,16,18,20,28
09098,2009-08-24,4,5,10,12,17,19,24
09099,2009-08-26,3,4,5,6,7,27,28
09100,2009-08-28,10,14,16,19,23,25,26
09101,2009-08-31,1,7,9,15,21,25,27
09102,2009-09-02,4,9,12,14,15,17,21
09103,2009-09-04,1,6,19,20,23,24,29
09104,2009-09-07,2,7,15,21,25,27,29
09105,2009-09-09,8,12,19,21,24,28,29
09106,2009-09-11,2,9,11,21,23,27,28
09107,2009-09-14,2,4,5,19,22,23,28
09108,2009-09-16,6,7,11,13,15,20,26
09109,2009-09-18,2,15,19,21,23,26,29
09110,2009-09-21,8,11,12,16,24,26,29
09111,2009-09-23,4,6,9,11,19,22,26
09112,2009-09-25,7,10,11,14,17,25,27
09113,2009-09-28,5,8,14,20,22,26,28
09114,2009-09-30,1,10,12,26,28,29,30
09115,2009-10-02,1,2,3,6,14,29,30
09116,2009-10-05,4,6,8,16,21,25,27
09117,2009-10-07,1,6,12,15,21,22,29
09118,2009-10-09,6,12,16,18,20,23,29
09119,2009-10-12,1,3,5,9,10,20,24
09120,2009-10-14,1,4,6,10,16,19,28
09121,2009-10-16,6,11,14,16,17,21,26
09122,2009-10-19,3,4,5,10,15,20,27
09123,2009-10-21,4,6,9,21,25,26,30
09124,2009-10-23,3,10,11,15,20,26,28
09125,2009-10-26,4,7,8,19,22,24,26
09126,2009-10-28,6,7,14,15,18,29,30
09127,2009-10-30,3,4,15,18,24,29,30
09128,2009-11-02,1,9,10,12,18,23,25
09129,2009-11-04,1,6,10,21,23,27,28
09130,2009-11-06,2,17,18,19,23,25,30
09131,2009-11-09,7,8,13,18,21,26,27
09132,2009-11-11,2,8,11,13,18,22,23
09133,2009-11-13,2,4,6,20,22,23,29
09134,2009-11-16,2,7,9,19,25,26,30
09135,2009-11-18,1,6,9,24,27,29,30
09136,2009-11-20,2,4,5,17,21,22,25
09137,2009-11-23,3,5,11,15,19,27,30
09138,2009-11-25,5,9,13,15,22,24,30
09139,2009-11-27,1,2,3,10,16,26,29
09140,2009-11-30,7,10,14,17,18,19,20
09141,2009-12-02,6,10,11,13,17,22,30
09142,2009-12-04,6,7,8,10,19,22,26
09143,2009-12-07,4,7,9,11,18,22,26
09144,2009-12-09,2,3,6,15,19,23,25
09145,2009-12-11,5,10,12,14,19,20,30
09146,2009-12-14,3,4,6,12,15,17,29
09147,2009-12-16,7,8,11,18,20,26,30
09148,2009-12-18,2,5,7,8,9,10,12
09149,2009-12-21,9,10,17,18,25,29,30
09150,2009-12-23,1,10,11,12,14,16,21
09151,2009-12-25,5,12,15,20,24,25,27
09152,2009-12-28,8,11,17,20,21,26,28
09153,2009-12-30,5,7,11,12,13,21,22
10001,2010-01-01,2,10,11,15,16,20,27
10002,2010-01-04,2,5,11,15,16,23,25
10003,2010-01-06,4,5,7,13,16,22,24
10004,2010-01-08,2,5,8,14,21,23,28
10005,2010-01-11,4,6,8,13,17,22,27
10006,2010-01-13,3,5,6,10,13,20,22
10007,2010-01-15,10,11,12,19,20,24,28
10008,2010-01-18,4,10,14,18,19,21,22
10009,2010-01-20,2,6,7,8,12,20,25
10010,2010-01-22,2,10,11,19,21,25,30
10011,2010-01-25,2,6,9,14,21,23,27
10012,2010-01-27,11,17,18,20,23,26,29
10013,2010-01-29,2,6,9,13,18,19,23
10014,2010-02-01,6,7,17,18,21,24,28
10015,2010-02-03,6,7,10,15,18,26,30
10016,2010-02-05,2,15,18,19,25,26,27
10017,2010-02-08,1,3,4,6,10,27,30
10018,2010-02-10,5,10,11,20,26,28,30
10019,2010-02-12,1,3,8,12,14,17,22
10020,2010-02-22,3,8,14,15,17,21,22
10021,2010-02-24,1,3,5,9,12,16,22
10022,2010-02-26,8,9,10,17,19,22,28
10023,2010-03-01,2,11,13,16,19,20,23
10024,2010-03-03,3,5,6,18,20,23,25
10025,2010-03-05,4,5,14,15,17,22,23
10026,2010-03-08,6,8,12,14,16,20,30
10027,2010-03-10,1,4,9,15,26,28,29
10028,2010-03-12,5,10,13,16,17,23,29
10029,2010-03-15,6,12,13,18,23,27,30
10030,2010-03-17,2,6,12,21,22,25,29
10031,2010-03-19,4,6,9,10,15,19,20
10032,2010-03-22,8,12,19,22,24,25,28
10033,2010-03-24,2,8,13,16,17,24,25
10034,2010-03-26,1,4,6,7,9,12,29
10035,2010-03-29,1,2,7,11,22,27,29
10036,2010-03-31,7,12,14,18,20,22,27
10037,2010-04-02,1,3,10,15,26,27,29
10038,2010-04-05,11,12,16,20,21,28,30
10039,2010-04-07,1,4,6,10,12,19,22
10040,2010-04-09,2,7,13,14,16,18,20
10041,2010-04-12,6,8,10,11,14,27,29
10042,2010-04-14,4,11,18,22,23,27,28
10043,2010-04-16,2,4,7,14,15,23,30
10044,2010-04-19,1,2,4,12,17,21,25
10045,2010-04-21,7,11,14,16,22,26,27
10046,2010-04-23,3,9,12,13,15,26,27
10047,2010-04-26,9,10,13,14,16,20,29
10048,2010-04-28,1,4,11,22,23,27,29
10049,2010-04-30,3,10,14,17,23,29,30
10050,2010-05-03,1,7,10,15,21,28,29
10051,2010-05-05,10,12,13,19,20,21,29
10052,2010-05-07,5,8,9,11,12,15,28
10053,2010-05-10,2,8,9,18,25,26,27
10054,2010-05-12,1,3,5,8,20,22,23
10055,2010-05-14,1,2,7,13,15,24,29
10056,2010-05-17,6,9,12,15,22,23,30
10057,2010-05-19,6,9,13,18,21,25,26
10058,2010-05-21,5,7,9,18,20,26,29
10059,2010-05-24,6,9,11,14,17,25,29
10060,2010-05-26,1,9,14,17,18,27,28
10061,2010-05-28,3,9,12,15,20,23,28
10062,2010-05-31,1,5,10,22,25,26,28
10063,2010-06-02,2,5,6,11,21,26,27
10064,2010-06-04,4,6,9,10,12,23,25
10065,2010-06-07,8,12,14,25,26,27,30
10066,2010-06-09,2,5,11,20,25,26,29
10067,2010-06-11,1,2,10,11,13,22,26
10068,2010-06-14,3,4,10,13,19,26,29
10069,2010-06-16,6,10,12,13,16,24,27
10070,2010-06-18,7,12,17,22,25,26,30
10071,2010-06-21,9,12,14,21,26,28,29
10072,2010-06-23,2,14,15,16,21,25,26
10073,2010-06-25,6,8,9,13,22,26,27
10074,2010-06-28,3,4,10,13,17,27,30
10075,2010-06-30,1,6,12,16,24,27,30
10076,2010-07-02,6,11,12,14,16,18,26
10077,2010-07-05,1,3,5,6,17,21,30
10078,2010-07-07,2,5,10,21,22,27,30
10079,2010-07-09,3,5,6,15,18,20,21
10080,2010-07-12,6,14,19,24,26,27,29
10081,2010-07-14,2,6,15,17,18,26,30
10082,2010-07-16,3,7,11,14,17,24,26
10083,2010-07-19,1,8,11,12,14,29,30
10084,2010-07-21,1,6,10,13,14,15,22
10085,2010-07-23,2,8,17,19,20,22,29
10086,2010-07-26,2,3,4,7,15,18,26
10087,2010-07-28,1,4,5,10,20,22,27
10088,2010-07-30,4,5,9,11,12,22,28
10089,2010-08-02,3,16,17,21,24,26,30
10090,2010-08-04,4,10,13,17,20,23,27
10091,2010-08-06,2,4,7,12,26,27,29
10092,2010-08-09,11,12,14,19,25,27,28
10093,2010-08-11,8,10,11,16,21,27,29
10094,2010-08-13,2,7,10,13,27,28,30
10095,2010-08-16,1,3,5,14,20,23,24
10096,2010-08-18,5,8,11,13,17,22,30
10097,2010-08-20,3,12,13,15,19,26,30
10098,2010-08-23,1,8,13,14,21,25,29
10099,2010-08-25,2,3,7,9,13,23,26
10100,2010-08-27,2,5,12,16,22,26,29
10101,2010-08-30,1,7,11,13,20,24,28
10102,2010-09-01,1,2,7,8,22,24,27
10103,2010-09-03,5,11,12,20,22,24,29
10104,2010-09-06,5,6,13,15,20,23,24
10105,2010-09-08,3,10,11,12,13,20,30
10106,2010-09-10,9,11,17,23,24,25,27
10107,2010-09-13,4,6,15,21,25,28,29
10108,2010-09-15,4,8,12,17,20,21,26
10109,2010-09-17,4,8,10,14,23,24,30
10110,2010-09-20,2,6,19,23,26,29,30
10111,2010-09-22,2,3,10,18,24,27,29
10112,2010-09-24,4,18,19,20,23,24,29
10113,2010-09-27,2,3,13,15,19,26,27
10114,2010-09-29,1,10,12,13,19,23,29
10115,2010-10-01,3,11,15,19,21,24,26
10116,2010-10-04,1,2,5,17,21,22,25
10117,2010-10-06,8,10,16,18,19,25,27
10118,2010-10-08,1,3,5,8,12,15,29
10119,2010-10-11,1,9,10,13,19,22,28
10120,2010-10-13,4,5,11,23,24,25,27
10121,2010-10-15,4,6,18,20,21,24,25
10122,2010-10-18,3,7,12,18,21,23,25
10123,2010-10-20,1,5,11,12,15,16,29
10124,2010-10-22,2,9,10,13,15,21,27
10125,2010-10-25,4,6,12,16,25,27,30
10126,2010-10-27,5,12,14,15,16,21,27
10127,2010-10-29,11,12,25,26,28,29,30
10128,2010-11-01,1,7,14,16,18,23,25
10129,2010-11-03,1,6,7,8,13,20,25
10130,2010-11-05,3,8,9,17,22,25,26
10131,2010-11-08,5,9,11,21,23,27,30
10132,2010-11-10,4,10,12,16,24,29,30
10133,2010-11-12,1,2,3,10,18,27,30
10134,2010-11-15,7,15,16,20,24,29,30
10135,2010-11-17,1,9,10,14,18,23,24
10136,2010-11-19,2,6,13,17,22,23,27
10137,2010-11-22,3,7,9,15,16,20,24
10138,2010-11-24,1,6,8,13,16,22,28
10139,2010-11-26,1,5,7,8,10,14,30
10140,2010-11-29,6,7,8,18,19,21,22
10141,2010-12-01,3,11,16,21,24,26,27
10142,2010-12-03,1,16,17,19,20,26,27
10143,2010-12-06,3,7,8,14,21,29,30
10144,2010-12-08,2,4,10,13,20,23,24
10145,2010-12-10,1,17,18,23,26,28,30
10146,2010-12-13,7,15,24,26,27,29,30
10147,2010-12-15,1,19,20,26,27,28,30
10148,2010-12-17,1,3,6,10,13,19,29
10149,2010-12-20,1,2,13,18,27,28,30
10150,2010-12-22,9,15,19,25,26,27,29
10151,2010-12-24,2,7,8,10,15,23,24
10152,2010-12-27,6,7,11,12,14,24,28
10153,2010-12-29,4,5,11,20,23,26,27
10154,2010-12-31,3,4,7,16,20,25,26
11001,2011-01-03,13,16,17,19,21,26,27
11002,2011-01-05,4,9,14,18,20,25,26
11003,2011-01-07,8,13,20,21,22,25,30
11004,2011-01-10,4,10,12,13,14,20,30
11005,2011-01-12,1,7,8,9,19,21,29
11006,2011-01-14,2,10,15,16,20,24,25
11007,2011-01-17,1,6,15,16,22,25,26
11008,2011-01-19,1,3,8,9,10,13,29
11009,2011-01-21,4,6,9,13,15,18,27
11010,2011-01-24,5,6,17,22,25,26,28
11011,2011-01-26,10,13,15,18,25,26,27
11012,2011-01-28,6,9,11,15,18,23,29
11013,2011-01-31,7,11,12,13,20,21,27
11014,2011-02-09,2,4,7,12,17,21,29
11015,2011-02-11,1,2,6,7,9,17,18
11016,2011-02-14,2,4,12,20,21,25,28
11017,2011-02-16,4,8,11,12,14,26,28
11018,2011-02-18,3,13,16,17,22,24,29
11019,2011-02-21,1,3,5,6,14,16,21
11020,2011-02-23,2,4,5,10,13,26,29
11021,2011-02-25,3,11,15,22,23,27,30
11022,2011-02-28,1,5,6,20,23,27,29
11023,2011-03-02,3,11,15,20,22,25,28
11024,2011-03-04,2,3,6,7,12,22,30
11025,2011-03-07,4,7,9,11,16,21,28
11026,2011-03-09,2,4,5,6,8,21,24
11027,2011-03-11,2,5,13,21,25,26,29
11028,2011-03-14,3,4,7,17,19,20,28
11029,2011-03-16,10,15,17,20,25,26,28
11030,2011-03-18,1,2,8,12,14,20,28
11031,2011-03-21,3,4,10,12,13,21,24
11032,2011-03-23,16,17,19,21,24,25,29
11033,2011-03-25,4,8,18,20,28,29,30
11034,2011-03-28,2,9,13,14,18,26,29
11035,2011-03-30,1,11,21,25,28,29,30
11036,2011-04-01,2,4,5,8,14,19,25
11037,2011-04-04,2,10,14,16,18,20,25
11038,2011-04-06,1,9,15,16,17,26,29
11039,2011-04-08,1,2,6,12,13,21,30
11040,2011-04-11,6,10,11,12,15,27,30
11041,2011-04-13,2,5,8,13,18,19,21
11042,2011-04-15,7,9,10,12,18,21,25
11043,2011-04-18,1,9,12,13,20,27,29
11044,2011-04-20,11,14,16,23,25,27,29
11045,2011-04-22,5,6,9,12,17,20,21
11046,2011-04-25,9,13,14,16,18,26,27
11047,2011-04-27,5,9,11,16,18,19,29
11048,2011-04-29,2,10,12,15,21,23,28
11049,2011-05-02,5,9,11,12,15,23,29
11050,2011-05-04,14,15,18,23,26,27,29
11051,2011-05-06,6,9,13,17,21,22,26
11052,2011-05-09,1,4,17,19,24,25,29
11053,2011-05-11,2,10,11,13,26,27,30
11054,2011-05-13,2,9,10,11,12,21,27
11055,2011-05-16,3,6,7,10,14,18,21
11056,2011-05-18,5,14,17,18,21,24,27
11057,2011-05-20,2,3,5,16,17,19,23
11058,2011-05-23,1,2,4,14,19,22,25
11059,2011-05-25,5,11,17,20,21,22,30
11060,2011-05-27,1,3,4,7,8,19,25
11061,2011-05-30,5,8,10,15,18,25,30
11062,2011-06-01,12,14,15,18,20,21,27
11063,2011-06-03,1,5,16,17,18,26,28
11064,2011-06-06,9,19,20,21,24,26,30
11065,2011-06-08,3,11,21,23,24,25,26
11066,2011-06-10,2,6,7,12,15,20,25
11067,2011-06-13,4,13,15,16,22,24,28
11068,2011-06-15,3,9,13,14,17,23,24
11069,2011-06-17,5,7,9,16,17,21,25
11070,2011-06-20,5,11,12,14,19,20,28
11071,2011-06-22,4,13,14,23,24,25,27
11072,2011-06-24,2,3,6,14,15,21,26
11073,2011-06-27,4,5,14,21,23,24,27
11074,2011-06-29,1,3,16,17,18,20,25
11075,2011-07-01,6,9,12,19,21,25,27
11076,2011-07-04,1,5,10,18,24,25,29
11077,2011-07-06,6,13,14,15,23,24,27
11078,2011-07-08,5,7,15,17,21,23,26
11079,2011-07-11,5,14,16,19,20,26,28
11080,2011-07-13,2,3,5,18,21,22,29
11081,2011-07-15,4,5,6,7,15,16,25
11082,2011-07-18,9,16,17,19,20,21,29
11083,2011-07-20,3,6,11,16,17,22,23
11084,2011-07-22,2,5,9,14,16,21,22
11085,2011-07-25,1,7,12,22,24,27,29
11086,2011-07-27,2,5,12,18,21,24,27
11087,2011-07-29,9,16,18,19,22,24,30
11088,2011-08-01,3,4,10,12,15,24,29
11089,2011-08-03,12,13,18,24,25,27,28
11090,2011-08-05,2,4,6,9,10,20,28
11091,2011-08-08,6,13,15,20,25,27,30
11092,2011-08-10,2,8,9,14,20,25,28
11093,2011-08-12,7,8,10,13,14,22,23
11094,2011-08-15,5,7,8,16,17,28,30
11095,2011-08-17,7,10,13,16,18,19,27
11096,2011-08-19,1,9,13,16,22,24,27
11097,2011-08-22,10,11,15,16,21,27,29
11098,2011-08-24,6,12,18,19,23,27,30
11099,2011-08-26,11,15,16,23,26,27,29
11100,2011-08-29,4,7,13,14,16,18,25
11101,2011-08-31,7,11,17,18,26,27,30
11102,2011-09-02,1,4,7,8,16,17,30
11103,2011-09-05,1,2,11,16,23,27,29
11104,2011-09-07,1,3,18,20,25,29,30
11105,2011-09-09,4,5,10,15,23,26,30
11106,2011-09-12,6,10,16,23,25,27,30
11107,2011-09-14,3,4,9,10,13,25,27
11108,2011-09-16,1,7,11,13,17,23,24
11109,2011-09-19,2,4,9,20,21,24,29
11110,2011-09-21,2,6,14,16,22,23,30
11111,2011-09-23,2,3,6,7,21,27,30
11112,2011-09-26,2,9,10,11,14,22,25
11113,2011-09-28,4,7,8,12,15,22,27
11114,2011-09-30,4,9,10,11,18,27,30
11115,2011-10-03,2,5,6,12,19,29,30
11116,2011-10-05,2,3,8,15,16,23,25
11117,2011-10-07,12,14,15,19,22,25,27
11118,2011-10-10,6,16,18,23,24,27,30
11119,2011-10-12,3,8,12,19,20,25,26
11120,2011-10-14,3,5,7,15,20,26,30
11121,2011-10-17,5,8,15,25,27,28,30
11122,2011-10-19,2,6,14,16,20,24,27
11123,2011-10-21,7,11,16,18,20,22,26
11124,2011-10-24,2,6,10,12,14,20,27
11125,2011-10-26,6,11,20,21,23,24,30
11126,2011-10-28,2,7,8,17,19,21,29
11127,2011-10-31,6,10,13,18,19,20,23
11128,2011-11-02,3,6,7,9,11,12,19
11129,2011-11-04,4,13,17,22,28,29,30
11130,2011-11-07,1,3,13,18,21,23,25
11131,2011-11-09,3,7,12,26,27,28,29
11132,2011-11-11,2,8,11,13,16,22,26
11133,2011-11-14,4,8,14,19,22,25,30
11134,2011-11-16,6,8,20,21,25,29,30
11135,2011-11-18,4,5,19,23,24,27,29
11136,2011-11-21,6,10,15,16,19,25,26
11137,2011-11-23,6,16,17,20,21,28,29
11138,2011-11-25,2,13,18,24,28,29,30
11139,2011-11-28,1,7,11,15,21,25,28
11140,2011-11-30,7,8,9,11,13,22,30
11141,2011-12-02,3,9,12,14,17,25,30
11142,2011-12-05,3,15,16,19,21,23,24
11143,2011-12-07,1,7,8,10,14,17,18
11144,2011-12-09,9,13,19,25,27,28,29
11145,2011-12-12,12,20,23,24,25,29,30
11146,2011-12-14,9,13,16,21,22,26,30
11147,2011-12-16,1,6,10,20,22,26,30
11148,2011-12-19,1,2,10,23,25,28,29
11149,2011-12-21,1,6,11,15,19,20,29
11150,2011-12-23,1,5,13,15,16,19,24
11151,2011-12-26,1,16,18,19,24,27,29
11152,2011-12-28,6,7,9,10,18,19,23
11153,2011-12-30,4,9,12,14,16,17,20
12001,2012-01-02,2,11,16,18,20,29,30
12002,2012-01-04,2,6,14,19,21,27,30
12003,2012-01-06,5,14,20,21,22,26,28
12004,2012-01-09,5,8,13,16,17,19,24
12005,2012-01-11,1,6,9,15,18,22,27
12006,2012-01-13,11,15,18,19,20,27,28
12007,2012-01-16,1,9,16,17,20,27,29
12008,2012-01-18,1,7,9,13,19,21,23
12009,2012-01-20,2,4,10,18,24,26,27
12010,2012-01-30,1,8,13,15,22,25,30
12011,2012-02-01,1,5,7,15,22,25,28
12012,2012-02-03,1,11,13,16,20,24,29
12013,2012-02-06,3,11,18,21,23,27,30
12014,2012-02-08,2,4,7,17,21,25,28
12015,2012-02-10,2,7,8,18,24,25,30
12016,2012-02-13,1,8,10,17,21,28,29
12017,2012-02-15,3,4,13,21,24,25,30
12018,2012-02-17,7,10,11,13,18,20,25
12019,2012-02-20,2,5,7,10,14,19,21
12020,2012-02-22,5,10,11,18,25,27,28
12021,2012-02-24,2,4,7,8,18,20,24
12022,2012-02-27,7,8,10,11,20,24,29
12023,2012-02-29,6,12,16,17,19,26,30
12024,2012-03-02,1,6,7,8,14,21,30
12025,2012-03-05,6,7,12,13,17,21,27
12026,2012-03-07,1,2,6,14,21,26,27
12027,2012-03-09,3,5,6,15,18,26,30
12028,2012-03-12,5,7,9,11,13,24,28
12029,2012-03-14,3,4,5,14,16,27,30
12030,2012-03-16,8,12,13,19,23,26,27
12031,2012-03-19,13,14,17,20,21,26,27
12032,2012-03-21,1,3,10,14,23,26,27
12033,2012-03-23,1,3,5,6,10,14,30
12034,2012-03-26,3,5,10,12,15,16,23
12035,2012-03-28,6,7,9,11,14,20,27
12036,2012-03-30,9,13,15,18,20,23,29
12037,2012-04-02,1,7,10,19,20,26,30
12038,2012-04-04,1,3,10,13,21,24,27
12039,2012-04-06,2,3,6,18,19,27,28
12040,2012-04-09,4,5,6,9,14,24,28
12041,2012-04-11,1,3,13,15,16,17,24
12042,2012-04-13,3,7,16,17,20,21,29
12043,2012-04-16,6,10,15,20,23,28,30
12044,2012-04-18,5,7,10,11,15,25,30
12045,2012-04-20,6,7,8,12,13,19,30
12046,2012-04-23,3,9,16,24,25,27,29
12047,2012-04-25,1,2,12,15,21,23,26
12048,2012-04-27,1,2,4,11,12,28,29
12049,2012-04-30,1,11,14,18,23,25,29
12050,2012-05-02,2,8,11,20,23,24,26
12051,2012-05-04,2,7,11,17,23,24,29
12052,2012-05-07,7,8,11,16,26,29,30
12053,2012-05-09,2,11,12,14,25,28,29
12054,2012-05-11,2,9,16,18,24,27,28
12055,2012-05-14,1,3,5,10,12,15,20
12056,2012-05-16,3,15,16,18,24,25,27
12057,2012-05-18,1,5,6,16,18,23,25
12058,2012-05-21,1,3,8,10,17,22,24
12059,2012-05-23,6,7,9,19,21,26,30
12060,2012-05-25,2,3,5,7,22,24,25
12061,2012-05-28,2,3,8,16,19,21,22
12062,2012-05-30,1,4,6,12,16,22,23
12063,2012-06-01,4,12,15,18,20,21,25
12064,2012-06-04,2,14,16,18,20,25,29
12065,2012-06-06,1,10,11,14,16,23,29
12066,2012-06-08,6,11,13,15,21,23,29
12067,2012-06-11,4,7,13,23,26,27,28
12068,2012-06-13,3,4,10,13,17,19,28
12069,2012-06-15,5,13,17,19,25,26,29
12070,2012-06-18,1,7,16,18,19,20,25
12071,2012-06-20,4,8,10,14,16,22,28
12072,2012-06-22,3,6,11,24,25,26,29
12073,2012-06-25,5,8,16,18,22,25,28
12074,2012-06-27,1,2,10,19,20,21,30
12075,2012-06-29,2,3,6,10,16,17,20
12076,2012-07-02,2,4,7,8,13,24,29
12077,2012-07-04,1,4,19,21,22,28,29
12078,2012-07-06,1,7,10,23,27,29,30
12079,2012-07-09,6,14,16,20,21,23,25
12080,2012-07-11,6,13,19,22,23,27,29
12081,2012-07-13,6,9,12,13,25,27,29
12082,2012-07-16,6,7,16,18,25,27,28
12083,2012-07-18,5,6,9,12,18,19,21
12084,2012-07-20,1,16,21,23,27,28,30
12085,2012-07-23,1,2,4,9,14,24,30
12086,2012-07-25,14,15,18,21,23,25,27
12087,2012-07-27,1,8,9,22,27,28,30
12088,2012-07-30,5,7,12,16,17,26,27
12089,2012-08-01,1,2,4,17,25,29,30
12090,2012-08-03,1,4,7,9,14,24,30
12091,2012-08-06,6,9,10,12,17,22,25
12092,2012-08-08,3,6,11,14,20,21,28
12093,2012-08-10,15,16,18,23,25,27,28
12094,2012-08-13,4,9,16,18,19,21,22
12095,2012-08-15,4,6,12,13,20,21,23
12096,2012-08-17,2,7,10,20,23,24,30
12097,2012-08-20,7,8,9,15,20,24,25
12098,2012-08-22,7,8,14,21,24,25,27
12099,2012-08-24,3,9,17,21,23,24,28
12100,2012-08-27,1,4,11,15,18,22,26
12101,2012-08-29,4,6,9,14,20,26,30
12102,2012-08-31,2,4,8,13,15,20,23
12103,2012-09-03,8,10,16,18,22,29,30
12104,2012-09-05,2,3,4,6,8,9,24
12105,2012-09-07,5,11,17,18,20,24,27
12106,2012-09-10,1,5,19,22,24,29,30
12107,2012-09-12,3,7,10,16,17,27,28
12108,2012-09-14,5,9,14,18,22,25,29
12109,2012-09-17,4,7,11,12,14,16,18
12110,2012-09-19,4,7,9,17,24,25,27
12111,2012-09-21,1,4,7,9,10,11,24
12112,2012-09-24,5,7,14,20,22,23,30
12113,2012-09-26,2,20,21,22,25,26,28
12114,2012-09-28,2,7,12,16,25,28,29
12115,2012-10-01,2,8,9,10,13,19,22
12116,2012-10-03,1,14,15,16,22,23,25
12117,2012-10-05,15,17,21,23,26,28,29
12118,2012-10-08,2,9,17,18,20,21,26
12119,2012-10-10,5,8,9,13,16,21,26
12120,2012-10-12,10,17,18,19,28,29,30
12121,2012-10-15,1,7,12,14,20,26,28
12122,2012-10-17,5,11,14,20,24,29,30
12123,2012-10-19,1,5,13,20,23,24,30
12124,2012-10-22,1,14,24,25,27,28,30
12125,2012-10-24,4,7,12,16,18,25,29
12126,2012-10-26,6,11,18,20,21,22,25
12127,2012-10-29,6,10,18,21,26,28,30
12128,2012-10-31,3,5,6,14,19,23,24
12129,2012-11-02,1,4,9,17,18,28,29
12130,2012-11-05,6,7,12,17,19,22,25
12131,2012-11-07,2,10,15,22,25,27,30
12132,2012-11-09,1,5,10,17,18,21,30
12133,2012-11-12,3,8,16,18,23,24,29
12134,2012-11-14,3,7,11,14,19,20,21
12135,2012-11-16,8,9,11,13,15,23,24
12136,2012-11-19,1,5,14,15,16,27,30
12137,2012-11-21,9,11,23,24,25,29,30
12138,2012-11-23,5,10,12,22,23,24,30
12139,2012-11-26,4,6,7,16,19,20,26
12140,2012-11-28,8,12,17,21,23,25,29
12141,2012-11-30,1,4,8,13,14,24,27
12142,2012-12-03,4,9,14,19,22,23,28
12143,2012-12-05,4,12,13,22,24,25,29
12144,2012-12-07,1,2,3,6,9,11,23
12145,2012-12-10,1,5,6,8,9,10,15
12146,2012-12-12,7,10,12,24,26,28,30
12147,2012-12-14,2,10,12,13,27,29,30
12148,2012-12-17,4,10,13,18,19,28,29
12149,2012-12-19,1,2,4,9,11,17,20
12150,2012-12-21,7,9,13,14,17,19,29
12151,2012-12-24,5,8,11,15,20,21,24
12152,2012-12-26,13,14,16,18,20,24,26
12153,2012-12-28,11,15,23,25,26,28,29
12154,2012-12-31,1,2,18,19,24,26,28
13001,2013-01-02,3,7,8,12,13,15,22
13002,2013-01-04,8,15,16,18,19,25,28
13003,2013-01-07,4,6,13,16,18,19,25
13004,2013-01-09,2,7,8,14,17,20,25
13005,2013-01-11,3,10,11,20,24,25,28
13006,2013-01-14,1,8,13,16,21,25,29
13007,2013-01-16,1,2,4,5,6,15,26
13008,2013-01-18,2,19,21,23,25,27,28
13009,2013-01-21,8,15,18,19,20,26,29
13010,2013-01-23,1,2,13,14,16,19,26
13011,2013-01-25,2,3,7,8,10,16,20
13012,2013-01-28,3,5,8,13,19,22,29
13013,2013-01-30,4,10,19,20,21,23,26
13014,2013-02-01,1,12,14,19,25,26,30
13015,2013-02-04,1,5,6,12,18,19,28
13016,2013-02-06,4,5,6,8,22,25,30
13017,2013-02-08,4,8,9,11,14,24,29
13018,2013-02-18,5,12,20,21,24,26,30
13019,2013-02-20,5,18,19,20,24,25,27
13020,2013-02-22,1,2,7,13,23,25,30
13021,2013-02-25,4,6,8,12,22,25,28
13022,2013-02-27,1,3,6,13,24,26,28
13023,2013-03-01,1,10,13,20,24,25,28
13024,2013-03-04,9,10,19,20,21,22,30
13025,2013-03-06,4,7,10,19,26,27,29
13026,2013-03-08,6,9,14,17,20,21,26
13027,2013-03-11,1,5,7,13,18,23,28
13028,2013-03-13,2,3,14,18,24,25,30
13029,2013-03-15,1,2,8,12,15,21,25
13030,2013-03-18,1,4,6,12,14,20,28
13031,2013-03-20,5,6,7,14,16,22,23
13032,2013-03-22,5,7,15,16,22,27,28
13033,2013-03-25,5,11,18,19,22,26,28
13034,2013-03-27,1,4,9,15,16,26,30
13035,2013-03-29,5,9,12,14,19,26,30
13036,2013-04-01,1,5,12,17,20,23,27
13037,2013-04-03,1,7,17,21,23,24,30
13038,2013-04-05,6,7,11,15,16,26,29
13039,2013-04-08,2,7,8,9,21,25,30
13040,2013-04-10,2,3,11,12,15,22,24
13041,2013-04-12,1,4,6,10,14,27,30
13042,2013-04-15,6,7,9,10,11,12,19
13043,2013-04-17,3,4,12,14,15,19,26
13044,2013-04-19,6,9,14,20,21,22,25
13045,2013-04-22,3,8,13,18,21,25,27
13046,2013-04-24,1,7,12,19,21,27,29
13047,2013-04-26,4,13,17,18,19,23,24
13048,2013-04-29,1,11,17,18,20,21,27
13049,2013-05-01,1,3,10,12,13,15,20
13050,2013-05-03,2,4,6,12,18,23,28
13051,2013-05-06,1,3,6,7,24,25,30
13052,2013-05-08,2,3,10,12,20,23,27
13053,2013-05-10,1,4,7,8,10,24,30
13054,2013-05-13,7,13,14,17,18,26,27
13055,2013-05-15,3,8,14,15,16,22,25
13056,2013-05-17,1,3,7,8,9,15,16
13057,2013-05-20,1,3,6,8,11,21,25
13058,2013-05-22,7,9,10,18,20,28,30
13059,2013-05-24,3,7,13,18,23,27,30
13060,2013-05-27,1,6,9,14,16,20,28
13061,2013-05-29,5,11,20,21,22,23,24
13062,2013-05-31,1,8,15,19,25,27,30
13063,2013-06-03,4,11,13,16,20,21,23
13064,2013-06-05,1,7,8,12,20,21,25
13065,2013-06-07,2,8,21,22,24,27,29
13066,2013-06-10,2,3,5,12,13,26,30
13067,2013-06-12,4,9,11,16,18,24,28
13068,2013-06-14,3,8,9,13,14,17,22
13069,2013-06-17,4,14,15,20,22,26,28
13070,2013-06-19,6,9,10,15,20,23,29
13071,2013-06-21,2,5,7,12,19,28,30
13072,2013-06-24,7,8,11,16,17,24,29
13073,2013-06-26,7,8,11,12,17,18,28
13074,2013-06-28,3,6,7,21,25,28,29
13075,2013-07-01,1,5,9,14,21,23,27
13076,2013-07-03,3,4,12,19,22,23,28
13077,2013-07-05,1,4,5,15,24,25,27
13078,2013-07-08,13,18,22,24,25,26,29
13079,2013-07-10,1,2,15,17,18,21,22
13080,2013-07-12,9,13,15,20,22,29,30
13081,2013-07-15,4,5,16,22,23,27,28
13082,2013-07-17,10,12,14,18,19,22,28
13083,2013-07-19,2,7,8,20,21,26,28
13084,2013-07-22,2,3,5,8,15,18,26
13085,2013-07-24,2,4,12,13,17,21,26
13086,2013-07-26,1,6,7,9,10,25,26
13087,2013-07-29,2,3,13,17,20,28,30
13088,2013-07-31,4,5,6,7,18,20,24
13089,2013-08-02,2,4,8,11,13,23,26
13090,2013-08-05,1,4,10,12,17,23,25
13091,2013-08-07,3,4,10,12,15,22,27
13092,2013-08-09,3,6,7,11,17,23,24
13093,2013-08-12,5,7,11,14,22,25,30
13094,2013-08-14,10,12,17,19,20,21,23
13095,2013-08-16,1,7,8,14,26,27,30
13096,2013-08-19,9,15,16,19,20,24,26
13097,2013-08-21,10,11,14,16,18,21,23
13098,2013-08-23,7,8,9,11,14,23,28
13099,2013-08-26,1,2,12,20,22,26,30
13100,2013-08-28,2,9,11,12,22,26,29
13101,2013-08-30,6,10,17,18,19,24,29
13102,2013-09-02,2,8,9,13,14,19,25
13103,2013-09-04,7,9,12,13,16,20,21
13104,2013-09-06,1,3,8,9,12,15,17
13105,2013-09-09,2,7,8,9,12,21,24
13106,2013-09-11,9,17,18,19,26,29,30
13107,2013-09-13,6,12,13,18,23,25,30
13108,2013-09-16,1,8,12,15,24,25,26
13109,2013-09-18,3,4,5,12,14,24,28
13110,2013-09-20,3,5,8,15,16,17,27
13111,2013-09-23,1,2,8,18,19,21,29
13112,2013-09-25,1,3,7,24,26,27,29
13113,2013-09-27,6,10,13,16,25,26,29
13114,2013-09-30,5,6,8,9,10,12,24
13115,2013-10-02,2,6,7,12,13,16,17
13116,2013-10-04,6,7,10,13,16,25,27
13117,2013-10-07,2,3,5,16,17,19,25
13118,2013-10-09,3,10,11,12,16,19,30
13119,2013-10-11,5,10,18,21,26,28,29
13120,2013-10-14,1,4,9,13,16,19,27
13121,2013-10-16,1,3,6,11,13,16,28
13122,2013-10-18,8,9,15,16,20,21,24
13123,2013-10-21,2,6,7,9,11,14,29
13124,2013-10-23,2,7,9,13,14,24,28
13125,2013-10-25,1,4,23,25,27,28,29
13126,2013-10-28,4,9,13,17,21,24,28
13127,2013-10-30,2,7,10,11,22,24,27
13128,2013-11-01,7,10,17,24,27,28,29
13129,2013-11-04,4,6,9,11,14,17,27
13130,2013-11-06,8,9,12,15,18,21,28
13131,2013-11-08,11,12,15,16,24,25,30
13132,2013-11-11,9,12,16,17,19,23,28
13133,2013-11-13,5,7,10,22,23,24,27
13134,2013-11-15,1,7,8,9,10,26,29
13135,2013-11-18,1,3,5,7,19,21,24
13136,2013-11-20,3,5,7,10,14,29,30
13137,2013-11-22,5,7,12,21,27,28,30
13138,2013-11-25,7,9,13,16,17,26,28
13139,2013-11-27,2,5,7,12,15,21,24
13140,2013-11-29,4,6,7,15,23,26,27
13141,2013-12-02,6,9,11,12,14,16,24
13142,2013-12-04,1,2,4,21,22,23,25
13143,2013-12-06,1,11,16,17,18,24,27
13144,2013-12-09,4,9,15,17,25,28,30
13145,2013-12-11,2,7,9,15,19,21,28
13146,2013-12-13,1,2,6,7,8,11,20
13147,2013-12-16,3,6,10,12,13,15,29
13148,2013-12-18,2,13,14,20,22,25,28
13149,2013-12-20,1,5,7,11,18,22,25
13150,2013-12-23,3,7,10,13,15,25,30
13151,2013-12-25,12,16,23,25,27,28,29
13152,2013-12-27,1,4,6,11,14,16,24
13153,2013-12-30,5,19,20,22,26,28,30
14001,2014-01-01,3,4,9,18,19,20,27
14002,2014-01-03,1,7,11,16,18,21,28
14003,2014-01-06,3,11,14,16,19,24,27
14004,2014-01-08,7,13,16,19,23,24,27
14005,2014-01-10,5,12,13,21,24,27,28
14006,2014-01-13,6,7,9,10,25,26,28
14007,2014-01-15,1,2,3,4,7,8,11
14008,2014-01-17,2,6,10,14,22,27,30
14009,2014-01-20,1,9,17,18,21,22,25
14010,2014-01-22,1,7,16,19,21,23,27
14011,2014-01-24,1,3,10,17,22,29,30
14012,2014-01-27,6,8,15,19,24,26,29
14013,2014-01-29,5,6,9,16,19,21,30
14014,2014-02-07,2,8,21,26,27,28,30
14015,2014-02-10,2,5,15,19,20,23,26
14016,2014-02-12,4,6,7,12,18,19,30
14017,2014-02-14,1,11,12,15,24,28,30
14018,2014-02-17,1,6,8,12,25,27,28
14019,2014-02-19,4,5,6,17,18,22,28
14020,2014-02-21,1,3,9,13,17,20,26
14021,2014-02-24,1,2,7,14,24,25,28
14022,2014-02-26,3,7,8,11,12,15,18
14023,2014-02-28,2,5,6,18,24,27,28
14024,2014-03-03,9,10,15,18,19,23,30
14025,2014-03-05,1,2,5,10,12,18,28
14026,2014-03-07,6,13,15,18,19,20,27
14027,2014-03-10,1,8,10,13,20,26,29
14028,2014-03-12,8,12,14,18,20,22,29
14029,2014-03-14,5,6,14,24,25,27,29
14030,2014-03-17,3,7,10,19,23,26,30
14031,2014-03-19,4,7,10,15,17,22,25
14032,2014-03-21,1,12,13,15,25,28,30
14033,2014-03-24,4,5,6,10,13,18,28
14034,2014-03-26,4,15,17,18,22,28,29
14035,2014-03-28,2,9,13,16,25,29,30
14036,2014-03-31,3,12,14,19,23,24,29
14037,2014-04-02,3,4,8,11,21,26,28
14038,2014-04-04,2,4,5,10,13,21,30
14039,2014-04-07,4,6,8,16,24,25,28
14040,2014-04-09,1,9,16,19,25,28,30
14041,2014-04-11,8,14,15,16,18,19,26
14042,2014-04-14,3,6,11,19,20,23,27
14043,2014-04-16,2,3,8,11,19,22,23
14044,2014-04-18,1,2,8,9,14,17,30
14045,2014-04-21,3,9,12,13,14,21,22
14046,2014-04-23,3,8,10,11,14,20,22
14047,2014-04-25,4,11,12,13,18,22,30
14048,2014-04-28,1,3,8,16,23,27,28
14049,2014-04-30,4,5,7,11,12,16,21
14050,2014-05-02,4,7,12,17,22,24,25
14051,2014-05-05,4,6,8,10,13,15,21
14052,2014-05-07,5,13,17,20,21,24,26
14053,2014-05-09,8,17,20,23,24,28,29
14054,2014-05-12,3,7,18,19,23,25,26
14055,2014-05-14,2,5,14,16,21,23,30
14056,2014-05-16,1,7,17,19,22,24,30
14057,2014-05-19,5,8,11,13,21,24,27
14058,2014-05-21,5,9,10,15,23,29,30
14059,2014-05-23,3,14,15,16,25,26,27
14060,2014-05-26,1,4,11,18,23,25,30
14061,2014-05-28,6,8,11,19,20,22,26
14062,2014-05-30,1,4,14,15,20,28,30
14063,2014-06-02,2,9,11,12,14,27,28
14064,2014-06-04,6,7,8,10,14,22,26
14065,2014-06-06,8,10,11,25,27,29,30
14066,2014-06-09,3,10,16,20,21,27,28
14067,2014-06-11,6,18,22,23,25,26,27
14068,2014-06-13,2,9,10,13,15,21,30
14069,2014-06-16,1,9,11,17,19,22,26
14070,2014-06-18,4,11,14,22,23,25,27
14071,2014-06-20,6,8,11,16,17,18,22
14072,2014-06-23,1,3,4,8,9,17,21
14073,2014-06-25,3,5,6,8,9,21,23
14074,2014-06-27,2,3,6,8,19,20,27
14075,2014-06-30,2,11,14,17,24,25,28
14076,2014-07-02,7,14,16,22,24,26,28
14077,2014-07-04,14,16,17,19,22,27,30
14078,2014-07-07,2,13,17,20,23,26,27
14079,2014-07-09,8,9,14,16,18,24,25
14080,2014-07-11,1,4,17,24,26,27,28
14081,2014-07-14,1,11,14,19,21,24,29
14082,2014-07-16,3,7,9,10,12,18,27
14083,2014-07-18,13,14,16,20,21,25,28
14084,2014-07-21,10,13,17,18,24,25,27
14085,2014-07-23,2,5,7,10,19,26,28
14086,2014-07-25,2,3,4,10,21,29,30
14087,2014-07-28,9,13,16,18,24,28,30
14088,2014-07-30,6,11,14,18,19,20,30
14089,2014-08-01,6,9,12,23,24,25,26
14090,2014-08-04,6,10,14,16,22,25,30
14091,2014-08-06,5,6,7,20,21,24,28
14092,2014-08-08,1,2,3,9,21,24,28
14093,2014-08-11,5,8,9,13,15,18,24
14094,2014-08-13,5,6,8,14,17,21,25
14095,2014-08-15,2,4,5,6,8,16,27
14096,2014-08-18,8,9,16,19,20,21,23
14097,2014-08-20,2,6,8,14,19,20,26
14098,2014-08-22,1,4,11,15,16,22,28
14099,2014-08-25,4,10,11,17,23,25,30
14100,2014-08-27,2,9,11,19,20,24,25
14101,2014-08-29,3,5,9,14,15,25,29
14102,2014-09-01,1,9,14,15,16,17,18
14103,2014-09-03,6,17,19,21,22,26,28
14104,2014-09-05,5,6,9,11,12,13,19
14105,2014-09-08,1,5,11,12,20,21,22
14106,2014-09-10,12,15,16,20,22,29,30
14107,2014-09-12,3,5,7,9,15,18,25
14108,2014-09-15,1,8,13,20,25,28,29
14109,2014-09-17,1,3,8,9,15,23,28
14110,2014-09-19,4,5,11,13,18,21,23
14111,2014-09-22,3,5,8,16,21,29,30
14112,2014-09-24,2,4,8,12,15,18,27
14113,2014-09-26,8,9,11,13,17,23,29
14114,2014-09-29,2,11,16,17,21,23,29
14115,2014-10-01,6,18,19,20,25,26,27
14116,2014-10-03,1,6,8,10,19,21,27
14117,2014-10-06,5,9,11,12,14,19,28
14118,2014-10-08,7,15,18,21,25,29,30
14119,2014-10-10,1,6,7,10,15,16,20
14120,2014-10-13,2,5,16,17,19,21,25
14121,2014-10-15,2,8,10,21,22,27,29
14122,2014-10-17,1,4,6,12,17,27,29
14123,2014-10-20,6,10,11,19,23,24,28
14124,2014-10-22,1,14,21,23,24,26,28
14125,2014-10-24,1,9,20,21,22,23,29
14126,2014-10-27,2,10,11,18,19,21,25
14127,2014-10-29,5,7,10,18,19,21,27
14128,2014-10-31,2,3,8,10,24,27,28
14129,2014-11-03,2,4,6,8,9,10,11
14130,2014-11-05,3,6,10,15,17,19,25
14131,2014-11-07,6,8,10,22,23,24,26
14132,2014-11-10,3,4,6,9,12,22,30
14133,2014-11-12,3,4,9,10,12,16,22
14134,2014-11-14,5,12,18,20,21,23,30
14135,2014-11-17,5,11,16,19,20,22,23
14136,2014-11-19,2,14,16,19,25,27,29
14137,2014-11-21,2,4,5,6,7,11,12
14138,2014-11-24,6,8,15,17,18,21,22
14139,2014-11-26,2,5,10,21,23,24,25
14140,2014-11-28,10,12,19,21,24,26,28
14141,2014-12-01,4,5,12,19,22,24,29
14142,2014-12-03,7,12,19,20,21,24,26
14143,2014-12-05,12,16,17,19,20,25,29
14144,2014-12-08,3,9,10,16,25,27,30
14145,2014-12-10,4,9,17,26,27,28,29
14146,2014-12-12,6,8,10,15,23,28,29
14147,2014-12-15,5,9,10,15,27,28,30
14148,2014-12-17,3,7,12,14,16,22,24
14149,2014-12-19,3,15,18,20,24,27,30
14150,2014-12-22,5,7,9,10,13,14,20
14151,2014-12-24,3,4,16,17,24,25,30
14152,2014-12-26,1,4,8,11,25,27,29
14153,2014-12-29,6,7,9,17,18,20,29
14154,2014-12-31,3,8,9,19,22,26,28
15001,2015-01-02,9,12,18,20,21,22,27
15002,2015-01-05,2,3,10,18,25,27,30
15003,2015-01-07,6,7,11,13,17,19,30
15004,2015-01-09,8,10,12,13,18,22,24
15005,2015-01-12,8,14,18,23,25,28,29
15006,2015-01-14,7,10,13,18,21,27,28
15007,2015-01-16,3,4,5,11,16,18,23
15008,2015-01-19,3,4,6,11,17,23,25
15009,2015-01-21,2,6,7,11,19,23,30
15010,2015-01-23,5,9,15,21,26,27,30
15011,2015-01-26,1,3,4,9,14,19,25
15012,2015-01-28,2,5,6,11,16,18,23
15013,2015-01-30,5,15,20,21,22,24,25
15014,2015-02-02,1,11,16,23,26,27,30
15015,2015-02-04,6,8,11,20,22,25,27
15016,2015-02-06,3,8,9,14,27,29,30
15017,2015-02-09,2,4,11,19,21,23,26
15018,2015-02-11,2,4,8,12,15,19,28
15019,2015-02-13,4,7,11,13,24,26,29
15020,2015-02-16,3,6,7,11,25,29,30
15021,2015-02-25,7,9,10,11,13,22,23
15022,2015-02-27,7,12,14,17,18,23,26
15023,2015-03-02,3,5,10,17,20,23,25
15024,2015-03-04,8,10,19,23,24,26,29
15025,2015-03-06,3,9,10,15,17,21,24
15026,2015-03-09,9,12,13,15,20,22,23
15027,2015-03-11,2,3,5,12,18,19,27
15028,2015-03-13,6,19,21,22,23,27,29
15029,2015-03-16,4,9,12,14,19,20,22
15030,2015-03-18,3,5,14,15,23,24,27
15031,2015-03-20,1,9,15,24,25,26,30
15032,2015-03-23,2,3,4,6,10,19,27
15033,2015-03-25,3,12,13,15,18,21,26
15034,2015-03-27,8,14,16,17,27,28,30
15035,2015-03-30,4,5,7,8,10,22,26
15036,2015-04-01,5,6,11,13,22,28,30
15037,2015-04-03,9,13,16,19,25,26,29
15038,2015-04-06,3,10,14,22,23,24,27
15039,2015-04-08,4,5,17,20,22,23,27
15040,2015-04-10,1,2,8,13,16,17,26
15041,2015-04-13,2,4,9,12,13,14,30
15042,2015-04-15,2,7,14,16,17,20,22
15043,2015-04-17,1,2,6,13,14,15,21
15044,2015-04-19,2,6,10,18,19,26,29
15045,2015-04-22,12,14,18,21,22,28,29
15046,2015-04-24,1,4,13,17,19,21,23
15047,2015-04-27,3,7,10,11,15,24,30
15048,2015-04-29,1,2,10,12,20,22,29
15049,2015-05-01,5,10,13,15,16,25,26
15050,2015-05-04,4,7,9,17,26,29,30
15051,2015-05-06,2,10,11,13,22,24,27
15052,2015-05-08,2,4,5,13,19,21,27
15053,2015-05-11,4,7,9,14,18,21,28
15054,2015-05-13,1,7,9,10,12,23,25
15055,2015-05-15,2,3,5,17,21,25,26
15056,2015-05-18,5,8,19,24,26,28,30
15057,2015-05-20,4,8,10,15,20,22,27
15058,2015-05-22,7,8,12,21,26,29,30
15059,2015-05-25,2,4,6,20,26,29,30
15060,2015-05-27,3,4,14,16,24,27,29
15061,2015-05-29,4,6,7,16,18,23,25
15062,2015-06-01,3,8,9,11,15,19,30
15063,2015-06-03,2,5,11,12,15,17,24
15064,2015-06-05,2,8,15,18,25,27,30
15065,2015-06-08,2,4,5,6,15,19,24
15066,2015-06-10,1,6,7,9,15,16,28
15067,2015-06-12,3,5,12,20,21,26,28
15068,2015-06-15,1,4,5,10,15,19,30
15069,2015-06-17,3,7,13,15,17,28,30
15070,2015-06-19,1,2,5,10,15,25,28
15071,2015-06-22,1,2,13,20,21,23,29
15072,2015-06-24,4,10,12,13,23,26,27
15073,2015-06-26,6,7,13,20,24,25,30
15074,2015-06-29,1,8,9,16,18,21,28
15075,2015-07-01,4,12,13,18,19,20,30
15076,2015-07-03,3,10,14,19,20,23,28
15077,2015-07-06,3,6,7,9,17,20,28
15078,2015-07-08,1,9,14,16,17,19,28
15079,2015-07-10,4,9,16,18,20,21,26
15080,2015-07-13,1,11,14,16,26,27,30
15081,2015-07-15,6,11,13,18,25,27,28
15082,2015-07-17,3,5,7,14,17,23,30
15083,2015-07-20,7,10,12,19,24,25,28
15084,2015-07-22,2,8,15,17,22,27,30
15085,2015-07-24,1,3,4,11,13,16,21
15086,2015-07-27,4,5,6,8,16,19,25
15087,2015-07-29,3,4,9,16,24,26,30
15088,2015-07-31,1,8,14,15,18,19,22
15089,2015-08-03,3,22,23,24,27,28,30
15090,2015-08-05,6,13,17,18,23,24,27
15091,2015-08-07,8,10,15,16,17,22,24
15092,2015-08-10,3,5,6,15,16,17,30
15093,2015-08-12,3,7,9,14,15,19,24
15094,2015-08-14,1,4,6,16,19,23,26
15095,2015-08-17,1,2,10,13,21,26,27
15096,2015-08-19,1,7,11,12,17,19,25
15097,2015-08-21,2,4,14,16,18,27,28
15098,2015-08-24,3,5,11,20,22,23,24
15099,2015-08-26,1,3,8,9,18,23,24
15100,2015-08-28,3,6,7,12,19,22,29
15101,2015-08-31,7,12,16,18,22,23,29
15102,2015-09-02,2,5,8,10,18,26,27
15103,2015-09-04,3,6,20,22,26,27,29
15104,2015-09-07,4,5,12,16,20,23,24
15105,2015-09-09,8,14,15,20,21,23,27
15106,2015-09-11,1,2,14,17,20,23,29
15107,2015-09-14,3,6,7,10,13,24,25
15108,2015-09-16,6,7,8,12,22,24,29
15109,2015-09-18,1,6,13,17,18,21,27
15110,2015-09-21,2,4,5,6,8,11,12
15111,2015-09-23,6,8,11,13,15,19,26
15112,2015-09-25,4,5,10,22,23,28,29
15113,2015-09-28,5,12,14,19,21,28,29
15114,2015-09-30,3,4,8,16,20,28,29
15115,2015-10-02,11,16,17,18,20,26,29
15116,2015-10-05,4,5,8,15,17,20,24
15117,2015-10-07,1,11,13,16,19,23,25
15118,2015-10-09,2,3,7,15,24,27,29
15119,2015-10-12,5,10,13,22,26,28,30
15120,2015-10-14,2,4,6,14,17,23,30
15121,2015-10-16,11,21,23,24,25,26,29
15122,2015-10-19,1,8,9,13,14,24,29
15123,2015-10-21,6,23,24,25,26,28,30
15124,2015-10-23,4,5,6,13,20,23,27
15125,2015-10-26,2,3,15,20,21,25,27
15126,2015-10-28,6,8,11,18,21,27,29
15127,2015-10-30,2,10,11,14,18,20,22
15128,2015-11-02,3,13,14,20,25,28,29
15129,2015-11-04,1,6,7,9,14,15,22
15130,2015-11-06,4,5,9,12,13,18,24
15131,2015-11-09,1,5,8,11,20,23,30
15132,2015-11-11,1,2,6,7,18,19,30
15133,2015-11-13,3,4,8,9,12,19,28
15134,2015-11-16,11,15,19,20,25,27,29
15135,2015-11-18,1,13,20,23,24,27,29
15136,2015-11-20,5,6,11,14,22,23,25
15137,2015-11-23,2,4,9,12,15,17,18
15138,2015-11-25,1,7,15,22,25,26,27
15139,2015-11-27,1,4,6,17,20,25,30
15140,2015-11-30,5,6,7,15,21,26,28
15141,2015-12-02,5,7,8,20,23,24,27
15142,2015-12-04,1,7,8,9,18,19,25
15143,2015-12-07,1,5,9,15,16,25,26
15144,2015-12-09,1,4,6,8,15,18,23
15145,2015-12-11,4,6,12,16,17,19,25
15146,2015-12-14,4,11,18,22,23,25,28
15147,2015-12-16,3,5,6,9,18,27,28
15148,2015-12-18,9,10,11,13,18,23,28
15149,2015-12-21,8,9,10,12,24,26,29
15150,2015-12-23,2,6,17,21,24,29,30
15151,2015-12-25,4,6,11,15,16,17,25
15152,2015-12-28,4,10,15,20,23,26,29
15153,2015-12-30,12,18,19,22,23,25,30
16001,2016-01-01,16,18,20,21,22,23,24
16002,2016-01-04,4,6,15,18,23,25,26
16003,2016-01-06,1,8,12,13,21,26,28
16004,2016-01-08,4,7,9,13,15,21,28
16005,2016-01-11,2,3,4,20,21,23,26
16006,2016-01-13,7,9,10,12,14,19,20
16007,2016-01-15,1,8,18,22,26,28,29
16008,2016-01-18,1,3,4,11,12,20,21
16009,2016-01-20,5,6,17,19,20,22,24
16010,2016-01-22,3,7,11,12,18,29,30
16011,2016-01-25,5,7,10,13,21,25,27
16012,2016-01-27,2,3,8,21,24,25,26
16013,2016-01-29,3,5,6,10,17,24,30
16014,2016-02-01,6,8,10,13,26,28,30
16015,2016-02-03,5,8,9,18,21,23,27
16016,2016-02-05,5,7,9,11,12,23,25
16017,2016-02-15,3,8,14,15,19,22,27
16018,2016-02-17,1,5,8,10,16,23,26
16019,2016-02-19,4,8,10,11,19,24,25
16020,2016-02-22,11,12,18,19,20,23,27
16021,2016-02-24,1,2,3,7,8,10,14
16022,2016-02-26,2,9,11,13,15,18,28
16023,2016-02-29,1,6,13,14,25,26,28
16024,2016-03-02,2,7,9,17,18,22,28
16025,2016-03-04,3,4,6,19,21,27,30
16026,2016-03-07,2,6,12,17,22,25,28
16027,2016-03-09,2,3,6,7,8,9,28
16028,2016-03-11,1,2,9,15,16,24,26
16029,2016-03-14,1,3,5,7,15,17,25
16030,2016-03-16,7,16,19,21,23,29,30
16031,2016-03-18,4,14,19,23,24,28,29
16032,2016-03-21,2,12,15,16,20,23,24
16033,2016-03-23,2,6,10,11,13,17,24
16034,2016-03-25,2,7,13,14,20,23,29
16035,2016-03-28,4,11,14,16,17,19,21
16036,2016-03-30,16,18,21,24,27,28,30
16037,2016-04-01,4,10,19,24,27,28,29
16038,2016-04-04,2,10,11,18,22,25,29
16039,2016-04-06,3,6,10,13,16,17,30
16040,2016-04-08,1,12,13,18,24,26,30
16041,2016-04-11,3,14,16,19,23,26,27
16042,2016-04-13,2,6,7,8,9,10,28
16043,2016-04-15,2,6,11,23,26,28,29
16044,2016-04-18,3,9,15,16,17,18,21
16045,2016-04-20,7,9,20,21,22,25,28
16046,2016-04-22,8,10,11,13,14,21,23
16047,2016-04-25,1,3,9,10,14,19,20
16048,2016-04-27,4,9,11,12,13,14,18
16049,2016-04-29,4,6,7,11,21,25,27
16050,2016-05-02,3,10,13,15,24,25,27
16051,2016-05-04,4,7,14,19,25,26,30
16052,2016-05-06,3,4,5,8,14,16,29
16053,2016-05-09,1,21,24,26,27,28,30
16054,2016-05-11,4,6,10,15,21,22,29
16055,2016-05-13,3,9,12,14,16,19,24
16056,2016-05-16,7,9,12,19,23,25,26
16057,2016-05-18,12,13,17,20,22,29,30
16058,2016-05-20,5,12,13,14,18,20,29
16059,2016-05-23,1,2,7,10,14,24,25
16060,2016-05-25,4,6,8,17,22,24,26
16061,2016-05-27,5,11,16,19,24,26,28
16062,2016-05-30,4,5,7,13,18,20,26
16063,2016-06-01,2,7,8,9,14,17,28
16064,2016-06-03,3,8,9,10,12,19,23
16065,2016-06-06,2,15,18,22,23,24,30
16066,2016-06-08,2,5,9,12,15,18,27
16067,2016-06-10,5,10,12,20,24,26,28
16068,2016-06-13,3,5,10,12,16,19,30
16069,2016-06-15,1,6,7,13,15,22,26
16070,2016-06-17,6,11,12,19,24,27,28
16071,2016-06-20,7,10,13,17,24,26,30
16072,2016-06-22,4,5,6,8,10,11,28
16073,2016-06-24,6,9,18,20,23,27,29
16074,2016-06-27,1,3,4,10,19,21,27
16075,2016-06-29,1,5,13,20,21,22,23
16076,2016-07-01,6,8,10,13,20,29,30
16077,2016-07-04,2,5,10,13,14,17,30
16078,2016-07-06,6,11,16,21,24,25,30
16079,2016-07-08,2,5,8,15,17,18,26
16080,2016-07-11,6,7,12,14,15,16,23
16081,2016-07-13,4,11,14,18,21,22,29
16082,2016-07-15,4,5,6,8,16,17,30
16083,2016-07-18,4,11,13,15,18,21,25
16084,2016-07-20,11,14,20,21,23,27,30
16085,2016-07-22,5,7,9,15,19,29,30
16086,2016-07-25,2,6,7,8,10,25,29
16087,2016-07-27,1,11,18,19,22,24,28
16088,2016-07-29,2,8,10,13,21,24,29
16089,2016-08-01,2,6,10,17,18,24,25
16090,2016-08-03,3,4,6,8,13,17,18
16091,2016-08-05,1,10,12,13,14,29,30
16092,2016-08-08,1,3,7,11,13,18,24
16093,2016-08-10,1,6,7,17,19,24,26
16094,2016-08-12,9,11,13,14,18,20,28
16095,2016-08-15,12,13,14,17,18,28,30
16096,2016-08-17,2,7,14,18,20,21,24
16097,2016-08-19,4,11,21,22,24,25,30
16098,2016-08-22,5,7,8,9,12,15,16
16099,2016-08-24,2,5,8,11,13,27,29
16100,2016-08-26,6,9,13,14,15,19,23
16101,2016-08-29,1,3,9,10,16,18,23
16102,2016-08-31,1,3,10,19,21,23,28
16103,2016-09-02,2,4,10,15,20,25,30
16104,2016-09-05,2,7,9,18,22,26,27
16105,2016-09-07,12,13,24,25,26,28,29
16106,2016-09-09,4,6,17,25,26,27,29
16107,2016-09-12,6,10,16,17,18,24,30
16108,2016-09-14,4,5,9,14,15,17,21
16109,2016-09-16,2,3,13,18,21,22,27
16110,2016-09-19,1,5,9,20,23,26,30
16111,2016-09-21,10,12,16,23,25,26,28
16112,2016-09-23,6,7,16,22,23,26,27
16113,2016-09-26,3,12,13,19,21,23,26
16114,2016-09-28,1,4,17,18,25,27,30
16115,2016-09-30,3,5,11,12,22,23,29
16116,2016-10-03,1,10,16,20,23,25,28
16117,2016-10-05,2,6,8,13,15,24,25
16118,2016-10-07,5,7,10,11,18,24,27
16119,2016-10-10,4,5,6,18,22,23,29
16120,2016-10-12,3,4,8,13,17,19,21
16121,2016-10-14,4,5,9,19,22,23,30
16122,2016-10-17,1,9,14,16,17,19,21
16123,2016-10-19,3,6,23,24,26,27,30
16124,2016-10-21,3,4,11,13,16,19,27
16125,2016-10-24,1,5,11,20,25,28,29
16126,2016-10-26,1,6,11,18,28,29,30
16127,2016-10-28,4,9,12,23,25,29,30
16128,2016-10-31,1,4,7,8,12,13,25
16129,2016-11-02,1,4,10,13,15,25,30
16130,2016-11-04,2,7,11,12,13,14,17
16131,2016-11-07,2,11,14,19,24,25,27
16132,2016-11-09,2,4,8,10,20,27,30
16133,2016-11-11,7,9,11,16,17,22,28
16134,2016-11-14,14,15,16,17,20,22,28
16135,2016-11-16,5,9,13,17,20,27,28
16136,2016-11-18,2,4,11,22,23,26,29
16137,2016-11-21,3,5,13,17,19,27,28
16138,2016-11-23,1,4,5,11,20,25,26
16139,2016-11-25,2,3,8,15,19,22,23
16140,2016-11-28,12,14,18,21,26,28,30
16141,2016-11-30,1,3,5,7,17,19,24
16142,2016-12-02,2,10,12,18,23,28,30
16143,2016-12-05,1,2,9,11,19,21,25
16144,2016-12-07,3,12,15,17,20,24,28
16145,2016-12-09,5,6,8,10,15,18,30
16146,2016-12-12,12,15,18,22,24,25,30
16147,2016-12-14,1,3,5,15,21,23,24
16148,2016-12-16,8,13,19,22,27,28,29
16149,2016-12-19,2,4,5,6,8,11,29
16150,2016-12-21,14,15,17,20,21,22,26
16151,2016-12-23,6,7,14,20,22,28,29
16152,2016-12-26,3,7,12,18,19,28,30
16153,2016-12-28,4,9,11,13,20,23,30
16154,2016-12-30,3,6,10,12,14,21,27
17001,2017-01-02,1,7,10,11,12,17,25
17002,2017-01-04,3,7,16,19,20,22,23
17003,2017-01-06,4,5,8,16,23,27,30
17004,2017-01-09,2,17,20,21,23,24,25
17005,2017-01-11,12,16,17,18,21,25,28
17006,2017-01-13,6,10,13,15,16,25,30
17007,2017-01-16,8,12,18,19,26,27,30
17008,2017-01-18,2,4,8,22,24,26,27
17009,2017-01-20,2,11,12,13,15,16,22
17010,2017-01-23,2,4,5,13,27,29,30
17011,2017-01-25,21,22,23,26,27,29,30
17012,2017-02-03,7,8,10,12,14,19,25
17013,2017-02-06,2,6,19,26,27,29,30
17014,2017-02-08,4,5,15,16,22,26,27
17015,2017-02-10,8,9,21,22,23,26,28
17016,2017-02-13,3,6,8,9,12,18,20
17017,2017-02-15,2,11,14,17,18,24,27
17018,2017-02-17,1,3,6,9,11,12,14
17019,2017-02-20,3,8,14,16,20,22,27
17020,2017-02-22,3,12,15,18,20,28,29
17021,2017-02-24,3,7,10,20,22,26,27
17022,2017-02-27,2,3,6,8,16,26,28
17023,2017-03-01,5,13,14,15,16,19,29
17024,2017-03-03,3,5,13,14,19,21,25
17025,2017-03-06,4,5,6,8,16,18,22
17026,2017-03-08,1,4,5,10,12,18,22
17027,2017-03-10,7,8,9,10,21,23,24
17028,2017-03-13,1,8,12,17,23,27,28
17029,2017-03-15,2,7,18,20,24,27,28
17030,2017-03-17,2,11,14,20,23,26,27
17031,2017-03-20,3,5,16,18,21,22,27
17032,2017-03-22,7,14,19,25,27,29,30
17033,2017-03-24,5,6,15,16,19,22,30
17034,2017-03-27,7,12,14,24,27,28,30
17035,2017-03-29,3,6,9,18,23,29,30
17036,2017-03-31,5,6,7,10,19,26,29
17037,2017-04-03,5,7,8,9,19,22,24
17038,2017-04-05,1,9,13,14,16,21,23
17039,2017-04-07,7,9,11,12,13,23,26
17040,2017-04-10,2,10,16,22,24,25,28
17041,2017-04-12,3,5,7,13,17,24,29
17042,2017-04-14,1,7,8,11,17,19,28
17043,2017-04-17,3,5,14,20,22,27,28
17044,2017-04-19,1,3,5,6,11,12,13
17045,2017-04-21,2,8,11,12,19,23,29
17046,2017-04-24,2,5,9,11,12,17,29
17047,2017-04-26,3,4,7,10,12,18,21
17048,2017-04-28,2,4,8,11,18,22,25
17049,2017-05-01,8,13,22,23,25,26,29
17050,2017-05-03,1,2,3,11,23,27,30
17051,2017-05-05,12,13,14,17,22,23,28
17052,2017-05-08,5,6,10,14,20,26,29
17053,2017-05-10,4,11,20,21,22,23,24
17054,2017-05-12,1,3,6,10,15,18,25
17055,2017-05-15,1,4,8,11,12,18,29
17056,2017-05-17,2,4,15,17,25,27,28
17057,2017-05-19,1,19,22,24,25,26,30
17058,2017-05-22,5,9,12,21,23,24,28
17059,2017-05-24,8,9,14,17,19,25,26
17060,2017-05-26,3,6,7,9,17,22,29
17061,2017-05-29,11,12,15,17,23,28,30
17062,2017-05-31,7,12,19,22,23,28,29
17063,2017-06-02,2,13,15,16,20,22,23
17064,2017-06-05,2,6,12,16,26,28,30
17065,2017-06-07,1,10,13,14,18,21,23
17066,2017-06-09,12,14,20,21,27,29,30
17067,2017-06-12,1,11,12,21,27,28,30
17068,2017-06-14,15,21,24,25,26,27,29
17069,2017-06-16,4,8,12,16,25,28,30
17070,2017-06-19,7,8,18,19,24,27,28
17071,2017-06-21,6,8,10,19,23,26,29
17072,2017-06-23,6,10,15,17,18,21,25
17073,2017-06-26,1,4,5,14,17,25,27
17074,2017-06-28,3,5,7,13,16,18,21
17075,2017-06-30,2,11,19,20,25,26,27
17076,2017-07-03,7,11,19,20,26,27,29
17077,2017-07-05,5,10,17,20,25,26,27
17078,2017-07-07,1,9,11,12,19,24,29
17079,2017-07-10,1,8,9,12,19,23,29
17080,2017-07-12,2,4,9,14,16,21,27
17081,2017-07-14,4,13,14,21,23,25,28
17082,2017-07-17,1,10,11,19,20,22,23
17083,2017-07-19,1,5,8,12,20,24,27
17084,2017-07-21,7,9,12,19,20,25,27
17085,2017-07-24,2,8,11,12,21,24,25
17086,2017-07-26,1,3,4,6,19,20,25
17087,2017-07-28,2,5,12,15,17,23,29
17088,2017-07-31,4,5,8,16,18,19,27
17089,2017-08-02,1,5,10,20,21,27,28
17090,2017-08-04,2,7,19,22,23,25,28
17091,2017-08-07,13,18,25,26,28,29,30
17092,2017-08-09,4,5,9,11,20,21,29
17093,2017-08-11,4,7,9,12,24,26,30
17094,2017-08-14,2,4,15,18,19,24,27
17095,2017-08-16,1,4,8,9,13,23,27
17096,2017-08-18,7,8,10,13,18,20,26
17097,2017-08-21,1,2,6,8,13,18,19
17098,2017-08-23,2,5,7,15,17,26,27
17099,2017-08-25,5,13,19,21,23,26,30
17100,2017-08-28,5,8,12,21,23,27,30
17101,2017-08-30,3,13,14,19,21,22,29
17102,2017-09-01,12,17,18,23,24,25,29
17103,2017-09-04,4,9,14,17,22,25,29
17104,2017-09-06,1,3,17,26,27,28,29
17105,2017-09-08,6,9,11,17,19,21,28
17106,2017-09-11,1,3,11,17,23,25,28
17107,2017-09-13,5,8,12,13,19,21,29
17108,2017-09-15,4,5,7,9,11,14,20
17109,2017-09-18,1,3,6,10,15,21,23
17110,2017-09-20,3,6,8,12,19,21,25
17111,2017-09-22,2,3,13,19,20,22,23
17112,2017-09-25,1,2,7,9,13,15,30
17113,2017-09-27,1,2,8,9,10,23,25
17114,2017-09-29,2,4,14,19,20,27,29
17115,2017-10-02,1,5,6,14,19,26,30
17116,2017-10-04,2,4,5,11,18,21,29
17117,2017-10-06,1,3,11,15,22,26,29
17118,2017-10-09,2,3,7,11,17,26,28
17119,2017-10-11,7,9,12,19,26,27,29
17120,2017-10-13,2,3,18,19,22,23,30
17121,2017-10-16,2,7,9,11,19,21,23
17122,2017-10-18,1,4,8,9,11,12,21
17123,2017-10-20,5,11,14,21,22,25,30
17124,2017-10-23,7,13,16,18,21,29,30
17125,2017-10-25,2,3,4,5,12,18,30
17126,2017-10-27,2,6,12,13,15,24,29
17127,2017-10-30,3,6,7,8,11,18,27
17128,2017-11-01,6,12,13,18,23,26,29
17129,2017-11-03,1,5,8,15,22,23,30
17130,2017-11-06,3,9,19,22,23,27,30
17131,2017-11-08,5,6,7,9,12,17,19
17132,2017-11-10,2,8,16,17,20,23,25
17133,2017-11-13,1,7,11,12,26,27,29
17134,2017-11-15,1,2,4,7,10,16,27
17135,2017-11-17,6,8,19,20,21,25,27
17136,2017-11-20,7,9,11,18,19,21,27
17137,2017-11-22,1,13,15,16,24,25,29
17138,2017-11-24,2,3,4,6,8,9,18
17139,2017-11-27,1,3,5,6,12,13,30
17140,2017-11-29,1,13,20,23,25,26,28
17141,2017-12-01,2,4,10,12,17,23,28
17142,2017-12-04,3,11,12,14,18,24,28
17143,2017-12-06,3,7,9,16,19,27,28
17144,2017-12-08,1,3,4,11,17,22,30
17145,2017-12-11,2,6,10,12,17,24,28
17146,2017-12-13,2,6,13,21,27,28,29
17147,2017-12-15,4,6,7,8,14,27,29
17148,2017-12-18,2,3,7,24,27,28,30
17149,2017-12-20,8,11,15,21,23,25,30
17150,2017-12-22,2,13,17,22,24,29,30
17151,2017-12-25,2,6,7,15,19,26,30
17152,2017-12-27,3,7,10,19,26,27,28
17153,2017-12-29,6,10,11,14,19,25,26
18001,2018-01-01,7,9,16,18,21,22,24
18002,2018-01-03,3,7,10,11,16,20,22
18003,2018-01-05,3,6,7,14,16,17,26
18004,2018-01-08,3,15,19,20,22,24,27
18005,2018-01-10,1,9,11,16,24,29,30
18006,2018-01-12,7,9,16,18,21,23,27
18007,2018-01-15,4,5,9,12,21,25,30
18008,2018-01-17,3,9,18,24,26,28,29
18009,2018-01-19,6,10,17,18,21,26,30
18010,2018-01-22,2,3,8,13,14,28,30
18011,2018-01-24,1,5,6,10,11,13,29
18012,2018-01-26,4,5,6,10,11,23,24
18013,2018-01-29,3,4,5,9,13,18,19
18014,2018-01-31,4,6,13,21,24,26,27
18015,2018-02-02,2,8,13,15,18,20,21
18016,2018-02-05,1,4,5,14,16,24,25
18017,2018-02-07,3,6,7,9,15,19,24
18018,2018-02-09,2,7,12,16,20,21,26
18019,2018-02-12,5,11,13,18,26,27,28
18020,2018-02-14,6,7,16,17,18,20,24
18021,2018-02-23,9,12,14,20,21,24,28
18022,2018-02-26,7,9,14,19,26,29,30
18023,2018-02-28,1,2,7,14,16,24,29
18024,2018-03-02,1,12,13,16,18,24,28
18025,2018-03-05,8,9,15,18,19,21,30
18026,2018-03-07,6,8,10,11,12,14,28
18027,2018-03-09,6,8,9,24,27,28,29
18028,2018-03-12,7,14,21,23,25,27,30
18029,2018-03-14,3,4,9,15,17,22,23
18030,2018-03-16,6,10,15,21,22,26,30
18031,2018-03-19,1,4,5,7,11,22,27
18032,2018-03-21,13,15,16,18,21,26,29
18033,2018-03-23,1,2,13,14,17,24,26
18034,2018-03-26,2,8,11,17,18,20,30
18035,2018-03-28,4,5,9,10,17,27,30
18036,2018-03-30,4,6,7,9,14,15,28
18037,2018-04-02,8,10,19,21,23,24,29
18038,2018-04-04,2,7,10,13,20,21,27
18039,2018-04-06,1,2,8,11,14,19,22
18040,2018-04-09,1,2,3,8,12,20,23
18041,2018-04-11,5,13,15,17,18,22,29
18042,2018-04-13,3,6,8,15,20,24,27
18043,2018-04-16,7,18,19,21,22,24,28
18044,2018-04-18,2,5,7,14,15,16,23
18045,2018-04-20,3,6,8,11,15,21,28
18046,2018-04-23,4,7,8,16,24,27,28
18047,2018-04-25,4,6,11,19,20,25,30
18048,2018-04-27,3,6,7,8,12,26,27
18049,2018-04-30,1,8,17,18,20,27,30
18050,2018-05-02,3,7,8,9,13,17,29
18051,2018-05-04,2,10,11,12,14,17,23
18052,2018-05-07,6,14,16,19,22,23,30
18053,2018-05-09,2,3,8,9,18,25,26
18054,2018-05-11,4,7,8,21,25,26,27
18055,2018-05-14,1,12,18,20,23,27,29
18056,2018-05-16,1,5,14,21,22,23,29
18057,2018-05-18,4,8,10,23,27,28,29
18058,2018-05-21,2,5,9,10,18,21,28
18059,2018-05-23,7,8,13,16,19,25,30
18060,2018-05-25,2,8,18,21,22,23,30
18061,2018-05-28,2,12,14,17,21,22,26
18062,2018-05-30,1,3,10,15,22,24,30
18063,2018-06-01,2,10,16,19,23,28,30
18064,2018-06-04,3,4,17,19,26,27,29
18065,2018-06-06,2,3,6,7,16,19,27
18066,2018-06-08,2,12,20,21,26,29,30
18067,2018-06-11,1,6,7,8,13,18,25
18068,2018-06-13,2,6,9,15,20,26,28
18069,2018-06-15,4,11,14,20,23,26,30
18070,2018-06-18,2,4,5,6,12,16,23
18071,2018-06-20,4,7,14,16,20,25,28
18072,2018-06-22,1,11,13,20,21,27,29
18073,2018-06-25,5,7,9,13,17,18,25
18074,2018-06-27,4,5,6,11,15,19,21
18075,2018-06-29,2,4,7,14,18,20,29
18076,2018-07-02,8,13,16,22,25,28,30
18077,2018-07-04,4,6,8,21,23,28,30
18078,2018-07-06,4,14,15,16,24,29,30
18079,2018-07-09,3,9,10,15,24,26,27
18080,2018-07-11,3,6,7,15,22,26,30
18081,2018-07-13,16,17,19,25,26,27,29
18082,2018-07-16,4,10,12,14,27,28,30
18083,2018-07-18,1,8,9,10,20,26,28
18084,2018-07-20,4,6,8,10,14,17,25
18085,2018-07-23,3,8,20,22,24,27,28
18086,2018-07-25,4,5,6,11,17,24,26
18087,2018-07-27,1,9,12,18,19,23,24
18088,2018-07-30,1,4,9,17,18,23,26
18089,2018-08-01,8,9,13,18,23,24,28
18090,2018-08-03,2,3,12,14,15,22,23
18091,2018-08-06,10,13,14,21,26,27,29
18092,2018-08-08,5,7,9,15,20,22,23
18093,2018-08-10,4,5,9,21,24,28,29
18094,2018-08-13,1,4,5,10,23,24,30
18095,2018-08-15,5,6,7,8,11,20,23
18096,2018-08-17,10,17,19,20,23,25,29
18097,2018-08-20,2,3,11,12,15,25,29
18098,2018-08-22,4,5,10,11,14,16,29
18099,2018-08-24,3,9,11,13,17,18,24
18100,2018-08-27,1,4,7,10,16,19,29
18101,2018-08-29,3,12,14,17,18,19,26
18102,2018-08-31,7,10,13,14,15,17,21
18103,2018-09-03,2,8,12,16,21,25,26
18104,2018-09-05,2,4,11,13,20,21,27
18105,2018-09-07,5,9,11,12,13,28,30
18106,2018-09-10,2,6,12,16,18,21,28
18107,2018-09-12,2,4,5,8,17,19,27
18108,2018-09-14,5,7,15,17,20,24,27
18109,2018-09-17,7,9,16,17,21,22,27
18110,2018-09-19,8,10,12,13,17,20,25
18111,2018-09-21,2,3,9,17,18,21,23
18112,2018-09-24,5,7,13,18,27,28,29
18113,2018-09-26,9,10,19,21,24,28,29
18114,2018-09-28,2,10,13,15,18,21,30
18115,2018-10-01,4,7,13,17,18,20,23
18116,2018-10-03,5,14,20,21,24,26,30
18117,2018-10-05,1,3,10,13,14,16,28
18118,2018-10-08,5,6,13,19,26,27,29
18119,2018-10-10,4,11,13,14,18,20,26
18120,2018-10-12,2,4,6,14,17,22,26
18121,2018-10-15,1,9,12,16,17,21,22
18122,2018-10-17,3,11,19,23,26,27,29
18123,2018-10-19,11,15,19,21,22,25,30
18124,2018-10-22,2,6,10,19,20,26,28
18125,2018-10-24,3,4,5,6,18,19,26
18126,2018-10-26,2,13,14,18,25,27,29
18127,2018-10-29,7,11,18,21,27,28,29
18128,2018-10-31,1,2,9,10,11,16,21
18129,2018-11-02,3,6,8,16,19,20,28
18130,2018-11-05,3,14,15,17,20,24,28
18131,2018-11-07,9,12,13,16,25,26,30
18132,2018-11-09,1,7,9,23,25,29,30
18133,2018-11-12,3,5,10,12,23,27,30
18134,2018-11-14,4,11,13,15,17,18,19
18135,2018-11-16,7,14,15,21,26,29,30
18136,2018-11-19,4,7,11,13,22,24,30
18137,2018-11-21,10,12,13,14,17,22,30
18138,2018-11-23,3,4,5,14,16,17,22
18139,2018-11-26,6,13,15,18,22,26,29
18140,2018-11-28,2,11,14,23,25,26,30
18141,2018-11-30,8,11,13,15,16,28,29
18142,2018-12-03,5,13,14,18,24,25,30
18143,2018-12-05,5,7,8,12,14,26,28
18144,2018-12-07,2,3,9,10,15,20,22
18145,2018-12-10,12,13,15,16,25,29,30
18146,2018-12-12,2,6,8,10,22,24,27
18147,2018-12-14,4,8,9,11,23,26,30
18148,2018-12-17,1,5,11,13,19,20,21
18149,2018-12-19,9,13,14,16,17,23,30
18150,2018-12-21,5,7,11,21,22,23,27
18151,2018-12-24,2,3,7,16,21,22,28
18152,2018-12-26,1,3,4,14,16,26,28
18153,2018-12-28,8,10,19,20,22,27,30
18154,2018-12-31,5,7,11,14,18,19,25
19001,2019-01-02,3,5,12,13,14,16,23
19002,2019-01-04,1,8,13,15,18,20,26
19003,2019-01-07,2,5,10,12,16,23,25
19004,2019-01-09,5,9,14,21,24,26,29
19005,2019-01-11,3,7,12,13,17,20,30
19006,2019-01-14,10,14,19,22,24,29,30
19007,2019-01-16,1,6,10,12,13,22,27
19008,2019-01-18,1,4,6,18,21,26,29
19009,2019-01-21,1,3,10,11,16,18,26
19010,2019-01-23,3,7,18,19,25,26,30
19011,2019-01-25,3,5,8,12,16,17,27
19012,2019-01-28,3,4,15,21,24,25,29
19013,2019-01-30,4,5,8,10,14,24,29
19014,2019-02-01,6,9,12,19,20,24,25
19015,2019-02-11,1,4,8,14,21,27,29
19016,2019-02-13,2,5,13,16,18,24,25
19017,2019-02-15,1,4,9,12,15,21,22
19018,2019-02-18,1,2,3,8,9,12,19
19019,2019-02-20,4,11,19,20,23,27,29
19020,2019-02-22,2,5,14,15,19,25,28
19021,2019-02-25,3,9,15,19,20,26,27
19022,2019-02-27,3,11,13,18,19,21,24
19023,2019-03-01,2,7,8,17,18,19,26
19024,2019-03-04,6,7,11,16,20,23,24
19025,2019-03-06,2,9,10,21,23,28,30
19026,2019-03-08,7,12,15,17,19,25,28
19027,2019-03-11,2,9,13,20,24,26,30
19028,2019-03-13,1,5,9,10,18,23,26
19029,2019-03-15,5,11,12,13,24,29,30
19030,2019-03-18,7,9,15,18,19,25,26
19031,2019-03-20,7,9,10,12,17,26,28
19032,2019-03-22,3,5,7,18,24,26,29
19033,2019-03-25,2,3,5,14,16,21,25
19034,2019-03-27,1,6,10,12,23,26,29
19035,2019-03-29,1,5,13,14,23,25,26
19036,2019-04-01,6,13,14,15,16,20,26
19037,2019-04-03,2,10,13,14,16,18,25
19038,2019-04-05,2,8,12,18,21,22,28
19039,2019-04-08,6,7,9,12,23,29,30
19040,2019-04-10,2,7,10,15,19,24,30
19041,2019-04-12,2,3,7,11,13,24,26
19042,2019-04-15,5,8,9,16,17,22,24
19043,2019-04-17,2,13,15,20,21,22,25
19044,2019-04-19,3,10,12,18,20,26,29
19045,2019-04-22,2,3,4,5,8,20,21
19046,2019-04-24,3,4,5,9,19,21,29
19047,2019-04-26,1,5,10,13,14,17,22
19048,2019-04-29,5,7,10,19,25,27,30
19049,2019-05-01,3,7,10,23,25,26,28
19050,2019-05-03,5,10,18,20,26,27,30
19051,2019-05-06,1,4,12,17,19,21,25
19052,2019-05-08,1,6,9,10,14,18,27
19053,2019-05-10,1,5,10,12,16,21,23
19054,2019-05-13,6,10,11,15,16,22,29
19055,2019-05-15,2,4,16,17,18,22,28
19056,2019-05-17,2,8,9,10,21,29,30
19057,2019-05-20,1,7,10,12,13,17,27
19058,2019-05-22,8,10,20,23,24,25,27
19059,2019-05-24,3,7,16,19,21,24,30
19060,2019-05-27,2,3,4,6,7,10,19
19061,2019-05-29,1,3,13,14,18,21,29
19062,2019-05-31,1,2,7,11,18,20,27
19063,2019-06-03,7,12,17,18,19,24,29
19064,2019-06-05,4,5,12,13,22,28,29
19065,2019-06-07,5,17,19,25,26,28,30
19066,2019-06-10,5,9,14,22,25,27,28
19067,2019-06-12,3,5,8,9,27,29,30
19068,2019-06-14,1,2,7,8,10,12,22
19069,2019-06-17,1,3,8,9,15,21,24
19070,2019-06-19,5,6,7,9,13,19,21
19071,2019-06-21,2,10,12,21,22,23,30
19072,2019-06-24,7,10,15,16,21,24,28
19073,2019-06-26,2,4,5,13,17,25,28
19074,2019-06-28,4,7,10,13,16,18,29
19075,2019-07-01,1,7,16,18,20,23,25
19076,2019-07-03,2,10,14,22,26,27,29
19077,2019-07-05,3,6,9,16,18,22,30
19078,2019-07-08,2,5,11,13,24,26,27
19079,2019-07-10,4,14,15,16,17,19,22
19080,2019-07-12,5,14,18,19,24,25,26
19081,2019-07-15,1,7,8,17,24,25,27
19082,2019-07-17,8,11,13,18,24,26,28
19083,2019-07-19,1,9,15,24,27,28,29
19084,2019-07-22,10,11,16,17,22,26,27
19085,2019-07-24,3,4,5,15,20,24,28
19086,2019-07-26,2,8,14,21,23,26,28
19087,2019-07-29,5,7,8,10,16,18,25
19088,2019-07-31,1,6,10,12,15,16,21
19089,2019-08-02,5,11,13,16,26,28,30
19090,2019-08-05,1,4,6,10,15,16,21
19091,2019-08-07,4,10,21,22,24,26,28
19092,2019-08-09,3,11,12,13,21,23,28
19093,2019-08-12,5,7,13,14,18,20,21
19094,2019-08-14,2,5,7,9,14,15,20
19095,2019-08-16,7,8,10,11,17,24,26
19096,2019-08-19,1,13,19,21,27,28,29
19097,2019-08-21,4,9,15,16,17,22,25
19098,2019-08-23,8,11,12,16,24,28,29
19099,2019-08-26,1,5,9,19,20,26,29
19100,2019-08-28,2,4,5,12,13,20,25
19101,2019-08-30,4,6,9,12,13,16,24
19102,2019-09-02,7,8,9,13,15,22,30
19103,2019-09-04,4,6,7,12,24,25,30
19104,2019-09-06,9,18,24,25,26,27,30
19105,2019-09-09,11,12,16,19,20,23,25
19106,2019-09-11,2,5,7,10,12,14,16
19107,2019-09-13,3,6,12,16,18,21,22
19108,2019-09-16,2,5,6,9,10,20,23
19109,2019-09-18,3,13,18,21,22,28,30
19110,2019-09-20,3,5,11,15,19,24,27
19111,2019-09-23,7,8,11,16,17,26,29
19112,2019-09-25,13,18,19,21,24,26,29
19113,2019-09-27,2,7,10,15,22,25,26
19114,2019-09-30,1,8,11,13,16,20,28
19115,2019-10-09,3,6,19,25,27,28,29
19116,2019-10-11,2,8,14,15,16,20,23
19117,2019-10-14,3,6,19,20,22,26,27
19118,2019-10-16,11,12,17,22,27,28,29
19119,2019-10-18,8,11,17,21,22,24,28
19120,2019-10-21,4,14,21,23,26,28,30
19121,2019-10-23,2,11,16,20,23,27,29
19122,2019-10-25,1,2,4,6,8,14,17
19123,2019-10-28,1,8,10,15,21,22,28
19124,2019-10-30,7,13,17,20,25,26,29
19125,2019-11-01,2,6,7,9,17,24,27
19126,2019-11-04,7,9,10,12,13,17,22
19127,2019-11-06,2,4,14,16,19,26,28
19128,2019-11-08,2,7,8,10,16,21,23
19129,2019-11-11,6,7,11,14,17,18,21
19130,2019-11-13,1,6,17,21,23,25,27
19131,2019-11-15,8,11,14,17,22,24,27
19132,2019-11-18,5,8,11,22,24,26,30
19133,2019-11-20,1,2,10,12,14,26,30
19134,2019-11-22,1,4,5,18,22,24,27
19135,2019-11-25,3,8,14,21,22,24,29
19136,2019-11-27,1,4,5,10,16,22,25
19137,2019-11-29,5,10,11,15,23,28,29
19138,2019-12-02,5,7,17,20,23,27,30
19139,2019-12-04,3,5,10,14,18,28,30
19140,2019-12-06,7,11,16,20,24,26,29
19141,2019-12-09,11,14,15,20,21,23,27
19142,2019-12-11,5,6,8,10,11,26,27
19143,2019-12-13,7,9,13,16,25,28,29
19144,2019-12-16,3,4,16,18,19,20,26
19145,2019-12-18,7,8,10,14,22,23,24
19146,2019-12-20,7,8,11,13,22,23,28
19147,2019-12-23,2,4,9,19,20,24,25
19148,2019-12-25,1,2,6,12,18,23,26
19149,2019-12-27,4,5,7,13,16,19,26
19150,2019-12-30,3,9,13,15,20,26,28
20001,2020-01-01,3,4,5,8,18,19,22
20002,2020-01-03,5,14,16,17,19,22,24
20003,2020-01-06,2,3,6,14,16,17,21
20004,2020-01-08,3,8,9,18,20,28,30
20005,2020-01-10,7,17,19,21,22,23,29
20006,2020-01-13,2,5,8,15,16,21,29
20007,2020-01-15,9,11,19,20,23,25,29
20008,2020-01-17,1,3,5,10,12,16,20
20009,2020-01-20,4,5,10,16,21,23,29
20010,2020-03-11,4,6,8,14,25,26,30
20011,2020-03-13,2,4,7,16,18,21,29
20012,2020-03-16,2,7,9,13,15,22,30
20013,2020-03-18,4,7,12,16,17,20,29
20014,2020-03-20,1,8,21,22,24,26,29
20015,2020-03-23,3,4,6,12,13,24,29
20016,2020-03-25,9,12,17,18,19,25,28
20017,2020-03-27,2,7,8,14,19,29,30
20018,2020-03-30,6,13,15,23,24,26,28
20019,2020-04-01,3,7,11,20,21,22,23
20020,2020-04-03,2,7,11,13,21,25,30
20021,2020-04-06,3,6,18,20,23,24,28
20022,2020-04-08,1,5,8,9,20,22,23
20023,2020-04-10,1,2,3,7,16,21,22
20024,2020-04-13,6,9,14,15,21,23,28
20025,2020-04-15,1,6,10,15,23,24,28
20026,2020-04-17,8,14,18,22,23,25,27
20027,2020-04-20,5,6,10,12,13,18,25
20028,2020-04-22,4,6,17,20,24,27,29
20029,2020-04-24,1,3,14,21,23,28,29
20030,2020-04-27,4,9,13,15,18,24,25
20031,2020-04-29,4,8,9,10,11,22,24
20032,2020-05-01,6,8,10,15,19,22,24
20033,2020-05-04,9,10,19,21,24,25,29
20034,2020-05-06,2,7,9,13,14,23,26
20035,2020-05-08,4,7,18,19,21,22,25
20036,2020-05-11,7,9,11,15,16,17,20
20037,2020-05-13,15,17,19,21,23,24,27
20038,2020-05-15,2,7,22,24,27,29,30
20039,2020-05-18,1,14,15,17,18,24,29
20040,2020-05-20,2,5,18,20,24,27,30
20041,2020-05-22,3,7,19,22,24,27,30
20042,2020-05-25,3,9,10,16,17,18,28
20043,2020-05-27,2,9,13,15,23,24,27
20044,2020-05-29,2,8,12,17,18,25,27
20045,2020-06-01,1,2,3,11,19,22,29
20046,2020-06-03,1,2,3,8,13,18,24
20047,2020-06-05,3,9,14,15,18,24,29
20048,2020-06-08,5,9,11,15,24,27,30
20049,2020-06-10,3,8,18,20,22,26,27
20050,2020-06-12,7,11,12,23,24,26,29
20051,2020-06-15,5,8,10,25,26,28,29
20052,2020-06-17,1,4,8,9,10,13,29
20053,2020-06-19,5,7,16,23,24,26,30
20054,2020-06-22,2,12,17,22,23,25,26
20055,2020-06-24,16,18,21,23,27,28,29
20056,2020-06-26,3,5,10,14,24,27,28
20057,2020-06-29,8,17,20,24,28,29,30
20058,2020-07-01,2,4,5,6,8,16,21
20059,2020-07-03,4,5,7,13,17,18,26
20060,2020-07-06,12,18,20,22,23,28,30
20061,2020-07-08,3,4,11,15,19,23,27
20062,2020-07-10,1,4,8,12,20,21,28
20063,2020-07-13,7,11,12,15,19,27,28
20064,2020-07-15,1,2,3,4,18,21,23
20065,2020-07-17,8,9,10,11,15,25,26
20066,2020-07-20,2,3,8,13,25,29,30
20067,2020-07-22,2,5,7,21,22,23,28
20068,2020-07-24,2,6,10,13,16,17,18
20069,2020-07-27,6,8,14,20,25,29,30
20070,2020-07-29,6,8,14,15,18,21,22
20071,2020-07-31,11,12,17,21,23,27,29
20072,2020-08-03,9,11,16,17,19,25,30
20073,2020-08-05,1,7,12,14,21,24,27
20074,2020-08-07,4,6,8,10,12,20,21
20075,2020-08-10,6,11,16,17,18,20,29
20076,2020-08-12,3,11,15,16,17,19,30
20077,2020-08-14,9,11,15,22,23,24,27
20078,2020-08-17,2,9,14,16,24,26,30
20079,2020-08-19,4,11,15,17,21,24,25
20080,2020-08-21,8,14,18,22,23,26,29
20081,2020-08-24,2,11,12,14,24,27,28
20082,2020-08-26,1,2,5,11,17,21,29
20083,2020-08-28,8,9,10,14,20,24,26
20084,2020-08-31,1,7,12,13,17,18,24
20085,2020-09-02,2,5,9,11,19,24,30
20086,2020-09-04,2,5,7,10,13,22,30
20087,2020-09-07,2,3,10,18,19,21,22
20088,2020-09-09,2,3,12,13,20,22,26
20089,2020-09-11,5,8,9,12,14,21,29
20090,2020-09-14,5,7,9,10,20,22,24
20091,2020-09-16,1,12,13,19,20,24,25
20092,2020-09-18,5,9,10,13,28,29,30
20093,2020-09-21,2,7,8,9,20,23,27
20094,2020-09-23,2,13,17,18,20,22,25
20095,2020-09-25,4,16,18,21,24,28,30
20096,2020-09-28,2,11,12,14,18,23,29
20097,2020-09-30,3,8,12,13,15,21,25
20098,2020-10-05,1,5,10,20,23,24,30
20099,2020-10-07,1,6,7,8,15,16,21
20100,2020-10-09,2,5,12,15,20,23,24
20101,2020-10-12,4,6,10,11,18,21,28
20102,2020-10-14,9,13,16,17,22,27,30
20103,2020-10-16,8,12,15,17,19,21,24
20104,2020-10-19,5,7,10,16,18,24,25
20105,2020-10-21,12,14,17,23,27,28,30
20106,2020-10-23,2,4,5,9,13,14,17
20107,2020-10-26,1,9,13,14,15,22,29
20108,2020-10-28,6,8,9,10,20,24,29
20109,2020-10-30,6,13,14,16,18,21,30
20110,2020-11-02,5,8,9,14,15,19,21
20111,2020-11-04,1,13,17,20,22,23,30
20112,2020-11-06,4,12,15,17,19,21,27
20113,2020-11-09,5,7,11,14,15,24,29
20114,2020-11-11,6,8,9,10,14,15,26
20115,2020-11-13,2,4,12,14,15,22,28
20116,2020-11-16,2,4,5,9,10,14,30
20117,2020-11-18,9,11,16,20,26,28,29
20118,2020-11-20,1,7,10,11,25,27,28
20119,2020-11-23,11,21,22,24,26,29,30
20120,2020-11-25,9,11,12,15,21,25,30
20121,2020-11-27,4,5,14,15,19,21,24
20122,2020-11-30,2,4,10,17,18,21,29
20123,2020-12-02,2,3,14,16,18,24,28
20124,2020-12-04,8,11,13,19,20,28,29
20125,2020-12-07,3,7,12,19,21,23,27
20126,2020-12-09,1,2,4,7,9,16,17
20127,2020-12-11,7,11,18,22,24,28,30
20128,2020-12-14,13,16,17,18,22,26,29
20129,2020-12-16,9,17,20,23,27,28,29
20130,2020-12-18,5,9,10,13,18,21,25
20131,2020-12-21,1,6,8,11,20,25,26
20132,2020-12-23,3,6,7,13,17,19,28
20133,2020-12-25,2,8,9,11,16,22,30
20134,2020-12-28,1,3,4,10,14,19,26
20135,2020-12-30,2,4,5,7,24,25,29
21001,2021-01-01,3,9,10,11,17,22,24
21002,2021-01-04,2,3,10,13,16,23,26
21003,2021-01-06,4,5,9,11,12,24,27
21004,2021-01-08,6,8,9,15,18,25,26
21005,2021-01-11,2,4,18,23,24,28,29
21006,2021-01-13,5,7,14,15,17,27,29
21007,2021-01-15,4,5,6,22,23,26,30
21008,2021-01-18,9,12,13,16,17,20,25
21009,2021-01-20,1,3,4,14,25,28,30
21010,2021-01-22,2,8,14,15,19,21,23
21011,2021-01-25,1,6,9,13,14,15,21
21012,2021-01-27,5,10,11,13,16,23,26
21013,2021-01-29,2,5,7,12,23,28,30
21014,2021-02-01,2,4,17,21,27,28,30
21015,2021-02-03,2,3,6,7,10,15,23
21016,2021-02-05,2,5,7,9,16,26,27
21017,2021-02-08,2,3,6,9,24,25,30
21018,2021-02-19,9,11,15,22,27,29,30
21019,2021-02-22,3,11,12,16,17,20,23
21020,2021-02-24,1,3,7,8,15,25,28
21021,2021-02-26,5,11,12,16,19,23,26
21022,2021-03-01,7,8,12,13,19,20,30
21023,2021-03-03,3,4,5,8,13,17,29
21024,2021-03-05,7,8,9,12,18,24,26
21025,2021-03-08,2,6,12,16,17,19,26
21026,2021-03-10,3,7,9,12,17,19,20
21027,2021-03-12,1,6,17,20,22,25,26
21028,2021-03-15,2,3,8,14,19,28,29
21029,2021-03-17,1,7,12,13,15,24,29
21030,2021-03-19,2,6,12,13,24,25,28
21031,2021-03-22,7,9,11,15,23,24,25
21032,2021-03-24,3,5,20,25,26,27,30
21033,2021-03-26,4,7,13,17,18,22,29
21034,2021-03-29,5,7,9,13,22,26,30
21035,2021-03-31,3,4,6,8,15,20,29
21036,2021-04-02,5,7,10,13,22,24,25
21037,2021-04-05,1,5,6,10,16,19,20
21038,2021-04-07,3,7,15,17,22,25,29
21039,2021-04-09,7,12,15,21,25,27,28
21040,2021-04-12,1,8,9,10,22,26,28
21041,2021-04-14,4,10,16,21,24,27,29
21042,2021-04-16,5,8,11,12,15,16,27
21043,2021-04-19,1,2,6,15,16,22,27
21044,2021-04-21,2,3,7,9,14,17,26
21045,2021-04-23,1,6,8,14,24,25,29
21046,2021-04-26,5,6,7,8,11,14,26
21047,2021-04-28,2,6,12,18,21,25,27
21048,2021-04-30,5,8,10,13,17,25,30
21049,2021-05-03,3,5,10,12,15,17,19
21050,2021-05-05,1,8,21,24,25,28,29
21051,2021-05-07,1,4,8,11,17,26,28
21052,2021-05-10,11,19,24,25,26,28,30
21053,2021-05-12,1,2,5,7,9,19,30
21054,2021-05-14,7,11,18,19,20,21,24
21055,2021-05-17,4,6,7,10,11,27,30
21056,2021-05-19,2,3,8,9,17,25,30
21057,2021-05-21,3,6,12,18,20,23,28
21058,2021-05-24,3,4,6,8,19,21,27
21059,2021-05-26,5,6,8,15,21,23,28
21060,2021-05-28,1,4,5,11,16,19,26
21061,2021-05-31,3,9,16,21,22,26,30
21062,2021-06-02,6,11,14,21,22,26,28
21063,2021-06-04,1,8,12,14,15,16,24
21064,2021-06-07,7,12,20,23,24,25,27
21065,2021-06-09,6,12,13,15,17,18,19
21066,2021-06-11,5,10,11,17,20,29,30
21067,2021-06-14,3,4,7,9,11,15,16
21068,2021-06-16,13,14,19,21,23,27,28
21069,2021-06-18,6,7,10,19,21,28,30
21070,2021-06-21,4,6,18,21,23,24,28
21071,2021-06-23,2,5,9,10,13,21,29
21072,2021-06-25,2,6,12,14,16,18,20
21073,2021-06-28,8,10,12,14,18,26,28
21074,2021-06-30,6,8,9,10,18,20,25
21075,2021-07-02,1,10,12,13,17,18,19
21076,2021-07-05,5,7,8,9,12,16,25
21077,2021-07-07,4,9,13,15,21,24,28
21078,2021-07-09,1,5,9,17,19,28,29
21079,2021-07-12,3,7,9,12,13,20,22
21080,2021-07-14,6,9,16,17,22,25,29
21081,2021-07-16,3,11,14,16,20,26,28
21082,2021-07-19,2,9,13,15,16,24,26
21083,2021-07-21,1,2,4,16,19,20,22
21084,2021-07-23,2,6,10,13,18,22,25
21085,2021-07-26,4,5,7,9,18,21,28
21086,2021-07-28,2,8,11,12,16,17,18
21087,2021-07-30,1,10,13,16,17,28,30
21088,2021-08-02,2,12,17,20,25,26,27
21089,2021-08-04,8,12,17,18,21,24,30
21090,2021-08-06,5,15,18,19,22,23,28
21091,2021-08-09,2,4,5,8,13,25,27
21092,2021-08-11,5,8,10,23,27,28,29
21093,2021-08-13,3,8,13,23,26,27,30
21094,2021-08-16,4,5,11,14,20,22,23
21095,2021-08-18,1,4,5,6,16,24,30
21096,2021-08-20,8,17,22,23,25,27,29
21097,2021-08-23,3,4,6,8,9,11,13
21098,2021-08-25,1,12,15,16,17,20,22
21099,2021-08-27,4,6,9,15,22,23,27
21100,2021-08-30,2,4,7,8,10,18,20
21101,2021-09-01,1,2,7,9,12,13,23
21102,2021-09-03,2,10,12,16,17,22,23
21103,2021-09-06,4,5,6,10,24,25,26
21104,2021-09-08,1,5,12,13,18,24,28
21105,2021-09-10,5,6,8,11,13,24,26
21106,2021-09-13,5,8,12,13,16,23,24
21107,2021-09-15,1,5,8,9,13,15,18
21108,2021-09-17,10,15,16,17,22,24,27
21109,2021-09-20,1,2,3,10,13,18,22
21110,2021-09-22,7,8,12,23,24,25,27
21111,2021-09-24,1,7,12,17,18,24,29
21112,2021-09-27,8,10,11,14,18,22,28
21113,2021-09-29,4,10,20,21,22,26,27
21114,2021-10-06,2,5,11,12,15,21,28
21115,2021-10-08,1,5,7,9,10,16,18
21116,2021-10-11,8,13,14,18,19,25,26
21117,2021-10-13,8,10,15,18,21,22,28
21118,2021-10-15,12,13,17,21,23,28,30
21119,2021-10-18,1,5,6,10,12,16,27
21120,2021-10-20,5,6,12,14,18,27,28
21121,2021-10-22,3,5,9,21,24,28,29
21122,2021-10-25,4,7,12,15,17,19,27
21123,2021-10-27,2,3,5,8,16,22,27
21124,2021-10-29,4,5,7,10,24,26,29
21125,2021-11-01,4,6,11,13,16,26,30
21126,2021-11-03,5,12,17,19,25,29,30
21127,2021-11-05,1,7,9,13,14,20,26
21128,2021-11-08,4,8,11,14,15,18,26
21129,2021-11-10,7,13,14,18,19,20,26
21130,2021-11-12,2,4,9,15,21,22,29
21131,2021-11-15,2,10,16,21,25,26,30
21132,2021-11-17,3,4,9,12,16,20,21
21133,2021-11-19,2,5,7,9,10,15,30
21134,2021-11-22,4,5,10,13,21,22,25
21135,2021-11-24,8,10,13,21,25,26,30
21136,2021-11-26,4,5,7,16,21,24,27
21137,2021-11-29,1,5,8,14,19,25,30
21138,2021-12-01,3,6,7,8,13,23,24
21139,2021-12-03,1,12,13,16,19,22,25
21140,2021-12-06,11,12,14,16,24,26,27
21141,2021-12-08,5,12,17,18,19,27,29
21142,2021-12-10,2,4,6,11,14,16,17
21143,2021-12-13,2,10,13,14,16,18,20
21144,2021-12-15,3,4,14,17,23,24,27
21145,2021-12-17,1,9,18,20,22,27,29
21146,2021-12-20,2,7,19,20,25,28,30
21147,2021-12-22,3,5,11,18,22,24,25
21148,2021-12-24,2,6,13,19,22,24,28
21149,2021-12-27,3,15,17,18,21,23,29
21150,2021-12-29,6,12,17,19,22,23,27
21151,2021-12-31,4,6,8,9,12,13,24
22001,2022-01-03,8,12,17,18,21,22,24
22002,2022-01-05,12,14,20,23,25,28,29
22003,2022-01-07,6,7,8,16,20,23,28
22004,2022-01-10,4,7,9,12,13,14,16
22005,2022-01-12,4,10,13,18,19,20,22
22006,2022-01-14,4,9,14,16,18,19,29
22007,2022-01-17,6,10,12,15,16,29,30
22008,2022-01-19,6,9,11,20,25,26,29
22009,2022-01-21,3,6,10,14,15,17,21
22010,2022-01-24,10,16,18,23,25,28,30
22011,2022-01-26,2,3,6,8,15,26,27
22012,2022-01-28,2,6,13,14,18,28,29
22013,2022-02-09,1,7,9,12,18,21,27
22014,2022-02-11,1,3,10,11,17,20,28
22015,2022-02-14,11,15,20,22,24,26,27
22016,2022-02-16,4,7,8,12,18,24,29
22017,2022-02-18,2,10,14,16,17,18,29
22018,2022-02-21,8,11,12,13,22,24,30
22019,2022-02-23,10,11,13,15,17,27,29
22020,2022-02-25,1,4,13,14,15,27,28
22021,2022-02-28,1,4,13,16,18,22,23
22022,2022-03-02,5,8,14,16,20,21,29
22023,2022-03-04,1,4,10,15,17,19,24
22024,2022-03-07,3,5,8,9,14,22,23
22025,2022-03-09,6,8,11,12,18,19,22
22026,2022-03-11,1,5,7,10,15,28,29
22027,2022-03-14,4,5,8,15,16,26,28
22028,2022-03-16,2,6,11,17,22,23,25
22029,2022-03-18,1,13,22,23,24,26,30
22030,2022-03-21,1,2,7,10,21,29,30
22031,2022-03-23,2,4,5,7,10,12,16
22032,2022-03-25,6,15,21,22,25,27,28
22033,2022-03-28,5,9,10,12,16,18,23
22034,2022-03-30,3,5,7,8,12,26,30
22035,2022-04-01,2,7,13,22,23,28,30
22036,2022-04-04,2,4,7,8,13,16,19
22037,2022-04-06,3,16,17,18,23,25,30
22038,2022-04-08,6,9,11,13,18,19,22
22039,2022-04-11,12,16,17,18,19,25,29
22040,2022-04-13,12,13,14,18,24,27,30
22041,2022-04-15,3,10,11,12,25,28,30
22042,2022-04-18,1,2,8,11,22,24,25
22043,2022-04-20,3,6,8,18,23,26,28
22044,2022-04-22,3,7,15,16,21,23,28
22045,2022-04-25,4,7,8,10,11,15,27
22046,2022-04-27,2,7,21,22,23,25,30
22047,2022-04-29,1,3,17,24,25,27,28
22048,2022-05-02,1,5,11,18,25,29,30
22049,2022-05-04,2,5,19,21,22,24,26
22050,2022-05-06,2,4,19,22,23,25,28
22051,2022-05-09,3,5,14,15,19,23,29
22052,2022-05-11,3,9,10,16,20,24,25
22053,2022-05-13,1,2,3,7,12,16,19
22054,2022-05-16,4,5,10,11,16,19,28
22055,2022-05-18,5,7,15,21,22,23,27
22056,2022-05-20,4,7,12,14,18,28,30
22057,2022-05-23,2,7,9,12,19,23,27
22058,2022-05-25,8,10,14,17,18,24,30
22059,2022-05-27,5,10,13,15,16,21,26
22060,2022-05-30,1,3,5,11,13,19,23
22061,2022-06-01,3,10,16,23,25,28,29
22062,2022-06-03,2,3,4,5,10,14,23
22063,2022-06-06,5,7,9,11,17,22,24
22064,2022-06-08,2,6,8,11,18,19,27
22065,2022-06-10,1,2,6,15,16,26,29
22066,2022-06-13,4,6,9,10,16,24,26
22067,2022-06-15,2,4,11,17,20,22,27
22068,2022-06-17,3,5,6,15,18,21,27
22069,2022-06-20,6,7,13,19,20,28,29
22070,2022-06-22,2,7,9,13,16,17,18
22071,2022-06-24,2,4,7,9,19,24,27
22072,2022-06-27,2,12,17,21,25,26,27
22073,2022-06-29,9,13,15,17,24,25,29
22074,2022-07-01,1,8,23,26,28,29,30
22075,2022-07-04,1,4,18,22,24,27,30
22076,2022-07-06,1,5,7,12,18,20,24
22077,2022-07-08,3,9,11,13,14,22,24
22078,2022-07-11,5,8,11,15,19,20,21
22079,2022-07-13,1,5,8,13,14,16,30
22080,2022-07-15,8,9,13,16,19,24,27
22081,2022-07-18,7,9,15,20,21,25,29
22082,2022-07-20,3,4,8,14,18,21,25
22083,2022-07-22,9,14,17,20,21,24,29
22084,2022-07-25,1,8,9,21,25,28,30
22085,2022-07-27,5,7,11,12,13,19,25
22086,2022-07-29,4,11,12,13,16,28,30
22087,2022-08-01,7,9,13,15,19,21,24
22088,2022-08-03,1,3,4,14,24,28,30
22089,2022-08-05,1,7,10,11,21,24,28
22090,2022-08-08,4,6,11,15,18,19,23
22091,2022-08-10,5,10,14,17,18,24,26
22092,2022-08-12,2,5,11,14,17,24,25
22093,2022-08-15,3,5,9,12,15,19,29
22094,2022-08-17,1,2,5,10,12,19,23
22095,2022-08-19,3,6,11,14,21,25,27
22096,2022-08-22,1,3,8,10,16,19,29
22097,2022-08-24,1,2,9,22,23,24,25
22098,2022-08-26,10,16,17,19,21,28,29
22099,2022-08-29,1,11,13,16,21,22,26
22100,2022-08-31,1,3,8,9,16,26,28
22101,2022-09-02,2,3,4,5,8,24,25
22102,2022-09-05,1,7,8,15,26,29,30
22103,2022-09-07,2,5,7,9,13,20,25
22104,2022-09-09,3,6,13,14,15,17,28
22105,2022-09-12,5,9,11,20,21,23,28
22106,2022-09-14,5,10,14,16,21,24,26
22107,2022-09-16,6,7,8,9,19,21,28
22108,2022-09-19,4,7,9,13,14,15,20
22109,2022-09-21,7,13,14,15,19,20,23
22110,2022-09-23,1,2,7,13,22,25,28
22111,2022-09-26,2,4,7,9,10,12,20
22112,2022-09-28,2,7,8,13,20,21,28
22113,2022-09-30,4,6,8,13,18,23,24
22114,2022-10-05,10,12,13,18,23,24,26
22115,2022-10-07,3,11,13,16,17,29,30
22116,2022-10-10,1,3,6,8,10,17,18
22117,2022-10-12,1,17,19,22,26,29,30
22118,2022-10-14,1,5,7,9,17,21,27
22119,2022-10-17,1,10,12,13,14,25,29
22120,2022-10-19,2,6,14,17,19,27,28
22121,2022-10-21,8,15,19,21,27,28,30
22122,2022-10-24,1,6,14,18,19,23,26
22123,2022-10-26,4,6,16,21,23,24,28
22124,2022-10-28,4,12,14,16,23,26,30
22125,2022-10-31,6,8,10,18,20,21,22
22126,2022-11-02,5,7,10,18,19,23,28
22127,2022-11-04,2,8,13,18,24,28,29
22128,2022-11-07,3,8,9,10,12,16,24
22129,2022-11-09,6,15,18,19,21,24,30
22130,2022-11-11,2,5,6,9,11,26,27
22131,2022-11-14,7,10,15,19,20,22,28
22132,2022-11-16,2,14,16,17,26,27,28
22133,2022-11-18,1,3,8,21,22,27,30
22134,2022-11-21,2,9,10,21,22,24,29
22135,2022-11-23,4,7,9,10,22,24,28
22136,2022-11-25,3,5,8,13,14,24,26
22137,2022-11-28,2,5,11,12,22,23,24
22138,2022-11-30,1,3,7,11,19,23,26
22139,2022-12-02,4,6,11,14,21,23,30
22140,2022-12-05,10,13,19,23,25,28,30
22141,2022-12-07,7,8,11,18,19,21,29
22142,2022-12-09,5,12,14,17,19,21,26
22143,2022-12-12,2,4,12,14,16,18,27
22144,2022-12-14,3,4,9,10,13,17,23
22145,2022-12-16,1,2,13,15,16,18,26
22146,2022-12-19,16,17,21,22,25,27,28
22147,2022-12-21,2,3,6,13,18,19,26
22148,2022-12-23,1,2,7,9,10,15,25
22149,2022-12-26,6,8,10,11,12,24,27
22150,2022-12-28,2,3,5,6,11,14,22
22151,2022-12-30,1,6,17,21,22,25,29
23001,2023-01-02,3,4,9,18,23,28,30
23002,2023-01-04,1,6,10,16,22,26,28
23003,2023-01-06,1,11,17,20,22,23,27
23004,2023-01-09,3,7,11,13,17,22,27
23005,2023-01-11,2,3,4,8,15,26,27
23006,2023-01-13,4,14,19,22,25,28,30
23007,2023-01-16,2,4,15,16,17,26,27
23008,2023-01-18,2,7,16,22,23,26,29
23009,2023-01-30,7,9,15,17,20,25,29
23010,2023-02-01,6,12,20,21,22,28,29
23011,2023-02-03,8,10,13,14,22,24,30
23012,2023-02-06,1,2,9,11,13,27,29
23013,2023-02-08,1,8,10,11,12,13,17
23014,2023-02-10,2,3,4,8,17,25,26
23015,2023-02-13,17,18,21,23,24,25,28
23016,2023-02-15,11,17,18,20,23,25,29
23017,2023-02-17,2,5,7,14,16,21,23
23018,2023-02-20,3,12,18,20,25,26,29
23019,2023-02-22,2,3,4,11,18,21,28
23020,2023-02-24,3,5,6,15,22,24,28
23021,2023-02-27,2,7,15,17,23,24,29
23022,2023-03-01,9,17,19,22,24,25,28
23023,2023-03-03,2,3,9,19,23,25,27
23024,2023-03-06,6,7,10,11,15,21,23
23025,2023-03-08,12,15,17,21,27,28,30
23026,2023-03-10,2,5,15,17,20,22,28
23027,2023-03-13,3,12,14,24,25,26,28
23028,2023-03-15,8,12,13,15,17,20,21
23029,2023-03-17,2,10,14,16,25,26,29
23030,2023-03-20,1,6,10,11,12,13,29
23031,2023-03-22,9,15,21,22,28,29,30
23032,2023-03-24,8,10,14,24,26,28,30
23033,2023-03-27,1,4,5,11,15,17,27
23034,2023-03-29,6,8,10,13,18,20,27
23035,2023-03-31,2,11,18,19,21,26,30
23036,2023-04-03,6,14,15,18,21,23,25
23037,2023-04-05,2,3,13,14,18,25,30
23038,2023-04-07,1,4,5,6,9,10,16
23039,2023-04-10,3,9,11,15,18,23,25
23040,2023-04-12,1,4,5,7,10,13,26
23041,2023-04-14,1,4,7,8,10,21,23
23042,2023-04-17,3,11,15,19,20,22,25
23043,2023-04-19,1,2,11,20,21,22,27
23044,2023-04-21,1,4,7,8,11,13,20
23045,2023-04-24,1,3,13,20,24,25,28
23046,2023-04-26,5,10,14,20,23,25,26
23047,2023-04-28,4,5,9,15,22,23,27
23048,2023-05-01,9,11,15,16,17,18,21
23049,2023-05-03,4,5,7,9,19,24,29
23050,2023-05-05,4,9,12,17,18,23,27
23051,2023-05-08,1,4,5,15,18,20,21
23052,2023-05-10,11,14,17,20,22,25,26
23053,2023-05-12,3,8,9,13,23,25,30
23054,2023-05-15,12,17,18,19,20,26,29
23055,2023-05-17,3,12,16,23,26,28,29
23056,2023-05-19,3,4,9,11,18,27,29
23057,2023-05-22,3,4,12,14,18,25,28
23058,2023-05-24,1,3,7,15,17,22,26
23059,2023-05-26,2,12,18,19,22,23,24
23060,2023-05-29,1,11,13,15,16,19,21
23061,2023-05-31,4,5,17,18,19,20,25
23062,2023-06-02,1,4,11,18,19,22,26
23063,2023-06-05,2,6,9,14,19,21,28
23064,2023-06-07,4,17,20,25,28,29,30
23065,2023-06-09,1,4,7,9,11,17,28
23066,2023-06-12,4,6,8,11,19,22,30
23067,2023-06-14,3,7,8,12,14,21,28
23068,2023-06-16,3,5,9,11,12,25,27
23069,2023-06-19,6,7,13,15,18,22,25
23070,2023-06-21,1,4,5,11,16,17,28
23071,2023-06-23,4,5,8,21,24,29,30
23072,2023-06-26,9,10,16,21,27,28,29
23073,2023-06-28,5,6,7,8,12,15,28
23074,2023-06-30,4,6,7,8,14,15,23
23075,2023-07-03,3,5,9,11,15,21,25
23076,2023-07-05,4,5,19,20,26,27,29
23077,2023-07-07,11,13,15,20,23,27,30
23078,2023-07-10,1,2,9,10,11,17,21
23079,2023-07-12,5,7,8,16,18,21,25
23080,2023-07-14,10,13,14,18,21,24,30
23081,2023-07-17,5,9,11,13,15,19,29
23082,2023-07-19,8,11,15,20,23,27,29
23083,2023-07-21,1,8,11,16,21,22,30
23084,2023-07-24,3,4,6,8,10,11,16
23085,2023-07-26,7,9,13,14,19,21,22
23086,2023-07-28,2,10,11,12,15,20,25
23087,2023-07-31,2,5,10,11,18,24,28
23088,2023-08-02,7,8,12,13,16,23,28
23089,2023-08-04,5,7,9,12,14,17,24
23090,2023-08-07,1,2,12,17,19,21,28
23091,2023-08-09,1,2,7,10,13,14,19
23092,2023-08-11,1,3,21,27,28,29,30
23093,2023-08-14,5,7,11,12,13,20,26
23094,2023-08-16,4,7,11,13,16,18,30
23095,2023-08-18,1,2,4,10,11,13,14
23096,2023-08-21,6,8,12,15,18,20,21
23097,2023-08-23,3,6,7,9,15,16,29
23098,2023-08-25,1,4,16,17,19,23,26
23099,2023-08-28,2,6,13,18,23,28,29
23100,2023-08-30,1,6,13,21,22,25,29
23101,2023-09-01,3,6,9,13,14,23,29
23102,2023-09-04,1,12,13,14,26,27,30
23103,2023-09-06,1,17,18,20,23,26,29
23104,2023-09-08,4,8,15,17,20,25,26
23105,2023-09-11,1,4,13,19,25,26,28
23106,2023-09-13,1,5,10,11,16,22,25
23107,2023-09-15,2,5,11,13,21,23,28
23108,2023-09-18,1,6,7,8,9,12,20
23109,2023-09-20,8,11,13,21,24,26,28
23110,2023-09-22,6,7,8,10,11,17,22
23111,2023-09-25,4,5,15,19,20,29,30
23112,2023-09-27,3,6,8,13,14,17,22
23113,2023-09-29,1,2,6,19,23,25,30
23114,2023-10-06,2,9,16,18,20,23,28
23115,2023-10-09,4,6,7,12,14,17,22
23116,2023-10-11,5,11,18,19,21,29,30
23117,2023-10-13,5,10,23,24,25,27,29
23118,2023-10-16,1,7,9,10,14,17,22
23119,2023-10-18,11,13,17,20,23,24,29
23120,2023-10-20,1,2,6,7,10,21,28
23121,2023-10-23,11,12,15,17,19,28,30
23122,2023-10-25,1,10,12,13,16,17,23
23123,2023-10-27,1,10,13,14,18,22,25
23124,2023-10-30,1,3,9,12,22,28,30
23125,2023-11-01,13,14,15,17,18,22,30
23126,2023-11-03,3,6,13,19,20,22,23
23127,2023-11-06,5,11,12,15,17,22,27
23128,2023-11-08,6,8,14,16,19,21,23
23129,2023-11-10,4,7,12,18,25,29,30
23130,2023-11-13,1,4,10,12,15,25,28
23131,2023-11-15,2,6,7,9,18,26,30
23132,2023-11-17,6,14,16,20,22,25,29
23133,2023-11-20,6,8,12,16,22,24,25
23134,2023-11-22,4,11,17,18,19,24,29
23135,2023-11-24,1,5,8,11,19,23,26
23136,2023-11-27,10,11,13,17,25,26,27
23137,2023-11-29,6,11,13,18,26,27,30
23138,2023-12-01,4,7,14,16,19,20,25
23139,2023-12-04,2,8,10,11,16,19,28
23140,2023-12-06,4,6,8,13,22,24,29
23141,2023-12-08,8,9,10,19,20,21,25
23142,2023-12-11,1,17,20,22,25,26,27
23143,2023-12-13,2,3,6,8,9,18,30
23144,2023-12-15,1,8,14,17,21,22,24
23145,2023-12-18,2,3,4,9,28,29,30
23146,2023-12-20,4,5,9,13,21,24,27
23147,2023-12-22,4,8,9,15,18,20,25
23148,2023-12-25,2,13,17,19,20,21,22
23149,2023-12-27,3,7,13,17,18,21,28
23150,2023-12-29,2,5,16,17,20,25,26
24001,2024-01-01,6,7,10,13,17,23,27
24002,2024-01-03,6,11,17,19,21,23,26
24003,2024-01-05,2,3,4,7,22,27,30
24004,2024-01-08,1,5,6,7,8,21,23
24005,2024-01-10,2,5,10,13,14,15,19
24006,2024-01-12,1,3,6,8,15,23,25
24007,2024-01-15,6,8,12,17,22,28,30
24008,2024-01-17,6,8,12,15,24,27,28
24009,2024-01-19,4,8,18,21,25,28,29
24010,2024-01-22,2,3,8,16,24,25,26
24011,2024-01-24,1,11,14,18,19,21,27
24012,2024-01-26,8,17,20,22,23,26,29
24013,2024-01-29,1,9,11,22,24,25,28
24014,2024-01-31,10,14,15,17,18,23,25
24015,2024-02-02,8,16,18,20,21,22,30
24016,2024-02-05,4,12,16,18,19,26,30
24017,2024-02-07,6,9,11,12,13,17,24
24018,2024-02-19,4,6,19,21,28,29,30
24019,2024-02-21,2,4,6,15,22,29,30
24020,2024-02-23,4,15,18,19,20,25,27
24021,2024-02-26,4,5,11,13,16,29,30
24022,2024-02-28,3,7,10,15,16,27,28
24023,2024-03-01,1,10,12,16,17,19,27
24024,2024-03-04,1,8,14,16,20,21,23
24025,2024-03-06,3,5,11,12,22,27,29
24026,2024-03-08,3,5,7,14,17,19,30
24027,2024-03-11,3,15,18,21,23,29,30
24028,2024-03-13,1,3,15,17,21,24,30
24029,2024-03-15,1,5,8,13,19,24,30
24030,2024-03-18,4,7,10,14,20,23,27
24031,2024-03-20,1,6,8,11,12,17,27
24032,2024-03-22,5,8,9,15,17,20,24
24033,2024-03-25,1,8,12,19,23,26,27
24034,2024-03-27,3,5,18,22,23,25,29
24035,2024-03-29,4,5,8,19,23,28,29
24036,2024-04-01,7,8,18,19,22,28,29
24037,2024-04-03,1,9,11,14,25,28,29
24038,2024-04-05,1,7,10,16,18,23,26
24039,2024-04-08,2,10,17,18,21,24,25
24040,2024-04-10,5,8,9,13,14,19,21
24041,2024-04-12,2,6,9,16,21,23,25
24042,2024-04-15,9,12,16,20,21,23,26
24043,2024-04-17,6,10,12,13,18,24,27
24044,2024-04-19,2,3,12,15,18,22,25
24045,2024-04-22,3,10,12,17,18,23,25
24046,2024-04-24,6,13,14,18,19,22,29
24047,2024-04-26,5,8,11,13,15,22,27
24048,2024-04-29,3,5,9,14,21,23,27
24049,2024-05-01,1,21,23,25,26,28,30
24050,2024-05-03,2,9,14,20,26,29,30
24051,2024-05-06,1,2,16,18,20,25,26
24052,2024-05-08,7,11,13,17,18,19,25
24053,2024-05-10,2,10,13,24,27,28,29
24054,2024-05-13,3,6,11,12,16,26,28
24055,2024-05-15,1,12,14,23,26,27,28
24056,2024-05-17,2,3,4,9,16,17,24
24057,2024-05-20,4,5,10,16,17,20,27
24058,2024-05-22,4,7,11,13,19,21,29
24059,2024-05-24,2,4,5,8,10,22,24
24060,2024-05-27,1,4,10,18,20,24,25
24061,2024-05-29,5,6,12,18,19,21,29
24062,2024-05-31,2,8,9,11,12,18,27
24063,2024-06-03,3,4,13,14,18,25,30
24064,2024-06-05,5,7,17,18,20,23,24
24065,2024-06-07,2,10,15,16,23,28,30
24066,2024-06-10,3,6,8,17,20,25,27
24067,2024-06-12,10,12,13,23,24,25,30
24068,2024-06-14,2,5,9,15,20,22,23
24069,2024-06-17,4,6,11,18,22,25,26
24070,2024-06-19,2,3,16,20,23,27,29
24071,2024-06-21,4,5,13,21,23,24,27
24072,2024-06-24,8,16,19,21,23,27,28
24073,2024-06-26,3,4,6,7,20,24,29
24074,2024-06-28,8,12,17,19,23,25,30
24075,2024-07-01,4,7,11,16,22,27,30
24076,2024-07-03,4,5,8,15,16,19,23
24077,2024-07-05,3,10,11,13,20,22,29
24078,2024-07-08,3,4,5,8,12,22,30
24079,2024-07-10,4,9,11,14,15,24,25
24080,2024-07-12,13,14,15,17,20,24,30
24081,2024-07-15,4,8,9,12,19,22,27
24082,2024-07-17,11,12,13,15,19,20,27
24083,2024-07-19,8,9,10,20,21,22,25
24084,2024-07-22,2,13,16,18,20,25,30
24085,2024-07-24,1,9,11,12,23,27,28
24086,2024-07-26,8,10,11,14,19,23,25
24087,2024-07-29,2,3,4,17,18,20,30
24088,2024-07-31,2,4,7,17,21,24,30
24089,2024-08-02,1,7,12,13,16,29,30
24090,2024-08-05,2,5,8,14,20,29,30
24091,2024-08-07,12,13,14,15,23,24,25
24092,2024-08-09,6,7,10,17,19,21,23
24093,2024-08-12,3,5,11,19,20,21,30
24094,2024-08-14,3,10,13,14,16,17,18
24095,2024-08-16,3,6,10,16,18,24,30
24096,2024-08-19,2,4,7,8,9,14,29
24097,2024-08-21,2,12,13,15,18,28,29
24098,2024-08-23,12,13,15,17,23,28,30
24099,2024-08-26,3,6,13,14,22,25,28
24100,2024-08-28,2,6,9,13,17,21,25
24101,2024-08-30,2,4,7,10,25,26,27
24102,2024-09-02,1,3,9,12,21,22,25
24103,2024-09-04,1,6,13,15,18,26,27
24104,2024-09-06,4,5,13,23,24,28,30
24105,2024-09-09,2,6,9,11,13,20,28
24106,2024-09-11,1,11,14,23,27,29,30
24107,2024-09-13,1,5,15,20,24,27,29
24108,2024-09-16,4,6,8,13,21,25,28
24109,2024-09-18,9,12,16,18,22,28,29
24110,2024-09-20,2,3,10,13,20,21,23
24111,2024-09-23,1,2,5,14,19,22,26
24112,2024-09-25,6,10,16,20,23,27,29
24113,2024-09-27,6,9,16,17,19,22,26
24114,2024-09-30,4,8,14,17,24,26,30
24115,2024-10-07,8,11,16,17,18,25,26
24116,2024-10-09,5,7,14,16,19,21,27
24117,2024-10-11,9,14,15,20,24,25,27
24118,2024-10-14,4,5,6,13,15,25,27
24119,2024-10-16,5,6,10,12,18,20,29
24120,2024-10-18,6,9,11,18,21,25,28
24121,2024-10-21,2,5,6,8,19,25,30
24122,2024-10-23,1,7,9,12,17,26,30
24123,2024-10-25,1,10,17,20,23,25,27
24124,2024-10-28,6,14,15,19,21,24,25
24125,2024-10-30,1,2,7,13,26,27,30
24126,2024-11-01,1,2,15,16,20,21,30
24127,2024-11-04,2,4,5,6,7,10,24
24128,2024-11-06,3,8,11,15,18,27,29
24129,2024-11-08,3,5,10,14,16,21,23
24130,2024-11-11,1,2,6,8,18,26,27
24131,2024-11-13,3,4,8,16,17,26,28
24132,2024-11-15,2,5,6,13,14,18,23
24133,2024-11-18,1,5,11,23,27,28,30
24134,2024-11-20,2,8,10,14,18,25,27
24135,2024-11-22,6,12,15,17,23,27,29
24136,2024-11-25,2,7,8,13,15,25,29
24137,2024-11-27,2,3,9,14,17,22,24
24138,2024-11-29,5,7,13,15,17,21,22
24139,2024-12-02,3,6,9,13,24,26,28
24140,2024-12-04,12,16,19,25,26,27,29
24141,2024-12-06,1,3,6,7,23,27,28
24142,2024-12-09,7,8,11,13,15,16,29
24143,2024-12-11,2,5,13,14,20,26,29
24144,2024-12-13,1,6,12,17,19,20,25
24145,2024-12-16,2,3,5,8,18,25,28
24146,2024-12-18,1,3,5,11,16,18,24
24147,2024-12-20,1,5,9,13,14,16,24
24148,2024-12-23,3,10,14,15,19,23,25
24149,2024-12-25,2,3,4,18,21,24,25
24150,2024-12-27,4,5,8,10,16,27,28
24151,2024-12-30,8,16,18,20,23,24,29
25001,2025-01-01,7,8,9,13,21,26,28
25002,2025-01-03,4,7,12,15,20,22,27
25003,2025-01-06,2,3,6,7,18,24,26
25004,2025-01-08,9,21,24,26,27,28,30
25005,2025-01-10,2,6,9,13,15,21,23
25006,2025-01-13,1,9,14,21,24,26,30
25007,2025-01-15,7,10,12,20,22,25,29
25008,2025-01-17,10,11,14,17,21,22,28
25009,2025-01-20,1,7,10,12,18,26,29
25010,2025-01-22,2,9,10,12,13,20,25
25011,2025-01-24,3,11,12,19,22,27,29
25012,2025-02-07,3,8,10,11,13,24,25
25013,2025-02-10,2,3,18,20,25,26,29
25014,2025-02-12,4,7,19,20,21,26,29
25015,2025-02-14,1,6,8,22,25,27,29
25016,2025-02-17,7,12,13,15,17,20,30
25017,2025-02-19,5,6,18,20,21,23,30
25018,2025-02-21,4,5,8,12,19,22,26
25019,2025-02-24,5,11,14,16,21,23,26
25020,2025-02-26,1,2,3,5,13,17,18
25021,2025-02-28,2,3,5,6,11,13,24
25022,2025-03-03,2,4,8,12,15,18,27
25023,2025-03-05,6,8,16,20,21,26,30
25024,2025-03-07,2,6,11,12,27,28,29
25025,2025-03-10,1,7,11,15,17,19,22
25026,2025-03-12,7,9,11,18,19,20,22
25027,2025-03-14,6,9,15,22,23,26,30
25028,2025-03-17,5,8,9,14,16,22,28
25029,2025-03-19,2,5,9,13,14,17,29
25030,2025-03-21,6,11,16,18,19,23,30
25031,2025-03-24,5,11,13,17,19,20,23
25032,2025-03-26,1,10,17,20,22,27,30
25033,2025-03-28,3,9,12,15,17,20,24
25034,2025-03-31,4,14,17,20,22,23,25
25035,2025-04-02,1,8,12,13,21,28,30
25036,2025-04-04,8,13,15,22,28,29,30
25037,2025-04-07,1,3,7,21,22,23,26
25038,2025-04-09,3,7,9,12,14,15,18
25039,2025-04-11,2,6,14,16,22,23,24
25040,2025-04-14,2,8,12,14,16,21,24
25041,2025-04-16,4,13,14,15,16,18,26
25042,2025-04-18,3,9,10,14,27,28,30
25043,2025-04-21,4,10,13,19,23,27,28
25044,2025-04-23,2,3,13,14,18,28,29
25045,2025-04-25,1,8,19,21,23,26,27
25046,2025-04-28,1,4,5,11,16,17,25
25047,2025-04-30,8,15,19,23,25,26,27
25048,2025-05-02,11,12,13,17,21,24,30
25049,2025-05-05,2,9,12,13,15,16,20
25050,2025-05-07,4,6,15,17,19,23,28
25051,2025-05-09,10,18,19,20,21,22,24
25052,2025-05-12,1,3,14,16,18,29,30
25053,2025-05-14,5,6,9,10,12,19,26
25054,2025-05-16,1,5,9,14,19,23,25
25055,2025-05-19,3,4,7,16,20,22,27
25056,2025-05-21,2,3,8,12,14,24,27
25057,2025-05-23,3,7,10,11,16,22,25
25058,2025-05-26,1,2,8,13,14,25,28
25059,2025-05-28,1,3,5,6,11,20,21
25060,2025-05-30,3,8,21,22,24,27,29
25061,2025-06-02,4,6,10,16,17,23,30
25062,2025-06-04,2,5,9,15,19,26,28
25063,2025-06-06,1,3,8,14,19,24,26
25064,2025-06-09,2,5,6,8,16,20,30
25065,2025-06-11,3,5,7,11,13,22,26
25066,2025-06-13,1,8,9,13,15,23,26
25067,2025-06-16,2,3,4,18,26,28,30
25068,2025-06-18,9,14,16,21,22,23,29
25069,2025-06-20,2,4,7,8,10,12,16
25070,2025-06-23,14,16,17,19,20,25,30
25071,2025-06-25,11,15,18,21,22,27,28
25072,2025-06-27,9,14,16,17,21,25,28
25073,2025-06-30,5,12,15,17,20,22,27
25074,2025-07-02,1,7,8,19,22,23,24
25075,2025-07-04,2,3,10,11,13,16,22
25076,2025-07-07,1,8,15,16,20,23,25
25077,2025-07-09,1,5,12,17,26,27,28
25078,2025-07-11,1,3,6,11,16,17,20
25079,2025-07-14,4,7,10,11,12,28,29
25080,2025-07-16,3,16,17,19,21,22,23
25081,2025-07-18,5,8,18,20,22,27,29
25082,2025-07-21,5,7,8,10,13,27,29
25083,2025-07-23,1,3,9,12,20,23,27
25084,2025-07-25,2,6,15,18,20,28,29
25085,2025-07-28,3,5,14,17,20,23,25
25086,2025-07-30,9,11,13,15,19,25,28
25087,2025-08-01,2,5,8,11,26,29,30
25088,2025-08-04,2,4,6,13,18,26,27
25089,2025-08-06,1,6,7,16,20,24,26
25090,2025-08-08,4,5,7,10,14,26,30
25091,2025-08-11,4,9,10,19,21,28,30
25092,2025-08-13,1,5,12,14,21,23,24
25093,2025-08-15,4,11,14,24,25,26,27
25094,2025-08-18,6,7,8,9,18,21,25
25095,2025-08-20,3,5,9,13,24,28,29
25096,2025-08-22,4,5,8,11,18,23,25
25097,2025-08-25,1,6,8,9,19,20,21
25098,2025-08-27,1,6,9,17,23,24,25
25099,2025-08-29,3,9,10,11,15,20,24
25100,2025-09-01,9,12,15,20,27,28,29
25101,2025-09-03,2,3,7,8,14,26,27
25102,2025-09-05,6,18,19,21,26,29,30
25103,2025-09-08,1,8,9,12,18,22,23
25104,2025-09-10,1,4,6,9,11,13,14
25105,2025-09-12,1,2,10,16,18,23,26
25106,2025-09-15,5,13,14,18,26,27,28
25107,2025-09-17,6,13,22,23,24,28,29
25108,2025-09-19,4,13,14,19,22,25,28
25109,2025-09-22,4,5,6,13,18,25,27
25110,2025-09-24,7,8,9,10,13,14,27
25111,2025-09-26,1,5,6,9,11,19,28
25112,2025-09-29,3,8,9,11,13,15,25
25113,2025-10-06,1,6,8,14,17,20,26
25114,2025-10-08,5,6,13,16,21,25,30
25115,2025-10-10,1,5,6,8,9,10,29
25116,2025-10-13,2,5,16,19,20,26,30
25117,2025-10-15,1,3,9,22,25,29,30
25118,2025-10-17,7,11,12,25,26,29,30
25119,2025-10-20,4,10,11,22,23,25,30
25120,2025-10-22,1,4,6,9,12,14,21
25121,2025-10-24,3,5,11,15,22,26,28
25122,2025-10-27,1,5,6,13,22,26,29
25123,2025-10-29,1,3,8,10,16,21,29
25124,2025-10-31,5,10,14,15,16,18,23
25125,2025-11-03,4,9,23,25,26,29,30
25126,2025-11-05,14,15,17,20,22,26,29
25127,2025-11-07,4,12,19,20,22,24,29
25128,2025-11-10,1,3,7,11,13,22,28
25129,2025-11-12,1,3,7,20,22,26,29
25130,2025-11-14,2,3,9,11,14,23,27
25131,2025-11-17,3,7,9,13,15,19,25
25132,2025-11-19,4,9,15,20,23,25,27
25133,2025-11-21,2,5,10,11,12,22,24
25134,2025-11-24,1,2,7,13,22,25,29
25135,2025-11-26,5,6,12,22,26,27,29
25136,2025-11-28,2,4,6,10,24,27,30
25137,2025-12-01,2,5,10,12,15,20,25
25138,2025-12-03,7,9,10,12,22,23,24
25139,2025-12-05,1,2,19,20,26,27,28
25140,2025-12-08,1,6,7,9,13,20,27
25141,2025-12-10,1,3,5,14,24,25,28
25142,2025-12-12,7,9,20,21,24,27,29
25143,2025-12-15,5,11,18,21,27,28,30
25144,2025-12-17,1,3,9,19,24,27,28
25145,2025-12-19,2,8,10,20,26,27,28
25146,2025-12-22,4,14,18,22,24,28,30
25147,2025-12-24,1,4,8,12,13,25,27
25148,2025-12-26,4,5,7,13,14,23,30
25149,2025-12-29,1,3,4,5,7,11,12
25150,2025-12-31,3,9,16,17,20,26,28
26001,2026-01-02,5,7,13,15,20,22,29
26002,2026-01-05,5,7,8,14,17,23,27
26003,2026-01-07,1,15,18,19,28,29,30
26004,2026-01-09,7,14,17,21,23,24,25
26005,2026-01-12,9,11,18,19,22,25,26
26006,2026-01-14,5,6,14,21,22,25,29
26007,2026-01-16,4,6,14,19,20,25,27
26008,2026-01-19,1,3,12,14,24,29,30
26009,2026-01-21,1,4,7,17,20,29,30
26010,2026-01-23,1,14,15,18,21,28,29
26011,2026-01-26,5,8,9,13,18,25,26
26012,2026-01-28,16,18,22,23,24,25,29
26013,2026-01-30,9,12,14,20,26,28,30
26014,2026-02-02,1,9,10,13,21,28,30
26015,2026-02-04,1,5,9,17,23,27,28
26016,2026-02-06,2,6,10,14,18,19,23
26017,2026-02-09,4,13,15,16,19,26,27
26018,2026-02-11,12,15,16,18,19,23,29
26019,2026-02-13,2,7,9,17,24,27,30
26020,2026-02-25,2,4,12,16,21,22,24
26021,2026-02-27,2,8,13,14,15,18,23
26022,2026-03-02,1,10,11,13,16,23,24
26023,2026-03-04,3,6,7,8,14,23,26
26024,2026-03-06,3,6,9,11,14,19,28
26025,2026-03-09,4,11,14,15,19,25,26
26026,2026-03-11,6,13,17,19,24,26,30
26027,2026-03-13,7,11,13,17,21,24,28
26028,2026-03-16,6,15,17,18,21,26,29
26029,2026-03-18,9,12,16,18,21,23,24
26030,2026-03-20,7,9,12,14,15,18,27
26031,2026-03-23,4,8,13,24,28,29,30
26032,2026-03-25,5,6,15,18,23,27,28
26033,2026-03-27,11,18,21,22,23,26,27
26034,2026-03-30,10,11,12,14,16,22,25
26035,2026-04-01,2,3,9,24,26,27,29
26036,2026-04-03,9,12,15,19,22,24,28
26037,2026-04-06,5,7,12,15,20,25,26
26038,2026-04-08,6,8,13,14,20,23,27
26039,2026-04-10,2,3,10,11,12,24,25
26040,2026-04-13,3,6,9,10,13,17,27
26041,2026-04-15,2,6,11,16,17,29,30
26042,2026-04-17,2,7,9,11,17,20,29
26043,2026-04-20,7,9,11,13,22,23,30
26044,2026-04-22,3,14,15,16,26,27,29
26045,2026-04-24,3,15,17,18,21,22,24
26046,2026-04-27,1,13,18,21,24,25,29
26047,2026-04-29,2,10,15,17,21,22,24
26048,2026-05-01,13,14,15,16,17,18,26
26049,2026-05-04,16,19,20,23,25,28,30
26050,2026-05-06,5,7,9,14,20,26,30
26051,2026-05-08,13,16,18,22,23,28,30
26052,2026-05-11,1,2,10,21,25,26,29
26053,2026-05-13,4,11,12,14,19,25,27
26054,2026-05-15,7,8,9,10,15,23,28
26055,2026-05-18,5,6,11,14,17,19,20
26056,2026-05-20,2,3,4,8,12,15,26
26057,2026-05-22,5,8,14,15,18,22,27
26058,2026-05-25,6,9,10,14,16,18,30
26059,2026-05-27,7,8,9,17,26,28,30
26060,2026-05-29,2,9,16,19,22,28,29
26061,2026-06-01,10,16,18,19,20,25,27
26062,2026-06-03,2,7,24,25,27,29,30
26063,2026-06-05,3,7,8,11,14,21,30
26064,2026-06-08,4,6,10,13,16,18,26
26065,2026-06-10,4,9,17,18,24,27,29
26066,2026-06-12,10,11,12,13,14,15,17
26067,2026-06-15,2,5,15,17,23,25,30
26068,2026-06-17,6,7,12,13,22,25,26
26069,2026-06-19,3,4,12,14,15,27,30
26070,2026-06-22,2,4,7,8,14,24,27
26071,2026-06-24,10,12,14,20,25,26,30
26072,2026-06-26,14,16,17,24,25,27,28
26073,2026-06-29,1,3,6,16,25,27,29
26074,2026-07-01,8,14,17,22,28,29,30
26075,2026-07-03,4,6,7,10,12,15,19
26076,2026-07-06,1,2,7,13,16,19,22
26077,2026-07-08,2,7,10,13,14,17,26
26078,2026-07-10,5,10,12,14,19,20,27
26079,2026-07-13,3,7,12,23,24,28,30
26080,2026-07-15,3,6,8,20,25,26,30
26081,2026-07-17,1,6,8,12,18,21,24
26082,2026-07-20,4,5,6,12,16,29,30
26083,2026-07-22,1,3,21,22,25,26,28
26084,2026-07-24,4,9,14,16,18,22,23
26085,2026-07-27,10,14,15,24,27,29,30
26086,2026-07-29,2,5,19,23,26,27,30
26087,2026-07-31,5,8,12,19,21,29,30
26088,2026-08-03,5,6,9,11,15,16,24
26089,2026-08-05,1,3,6,15,20,21,22
26090,2026-08-07,2,4,6,7,8,17,19
26091,2026-08-10,1,6,7,8,15,26,30
26092,2026-08-12,2,10,12,14,22,27,28
26093,2026-08-14,6,7,8,12,21,27,29
26094,2026-08-17,2,3,10,21,22,24,26
26095,2026-08-19,13,15,17,18,20,22,25
26096,2026-08-21,5,14,17,24,26,28,29
26097,2026-08-24,1,12,19,21,23,25,29
26098,2026-08-26,6,7,9,14,16,24,30
