期号,日期,位1,位2,位3,位4,位5,位6,位7,和值,跨度
04101,2004-05-21,8,5,5,8,5,1,1,33,7
04102,2004-05-23,4,1,7,6,9,3,6,36,8
04103,2004-05-25,8,7,0,5,4,2,6,32,8
04104,2004-05-28,1,2,1,9,9,4,6,32,8
04105,2004-05-30,2,7,1,9,2,4,4,29,8
04106,2004-06-01,0,7,2,1,0,1,1,12,7
04107,2004-06-04,4,7,4,3,2,6,9,35,7
04108,2004-06-06,0,7,2,4,6,8,2,29,8
04109,2004-06-08,4,3,9,1,3,3,0,23,9
04110,2004-06-11,3,9,9,5,7,1,3,37,8
04111,2004-06-13,3,8,7,6,4,5,6,39,5
04112,2004-06-15,7,1,1,4,5,3,2,23,6
04113,2004-06-18,3,2,5,7,4,6,5,32,5
04114,2004-06-20,1,1,2,5,4,3,6,22,5
04115,2004-06-22,0,7,4,0,2,6,0,19,7
04116,2004-06-25,3,0,3,9,8,1,6,30,9
04117,2004-06-27,9,5,9,1,5,4,4,37,8
04118,2004-06-29,3,8,9,2,9,9,4,44,7
04119,2004-07-02,2,6,3,8,7,1,9,36,8
04120,2004-07-04,8,8,9,4,3,4,1,37,8
04121,2004-07-06,2,6,7,8,0,5,9,37,9
04122,2004-07-09,7,5,4,6,9,6,7,44,5
04123,2004-07-11,7,3,6,2,9,5,5,37,7
04124,2004-07-13,6,9,6,9,5,0,8,43,9
04125,2004-07-16,7,6,8,7,4,7,6,45,4
04126,2004-07-18,1,2,5,3,3,1,6,21,5
04127,2004-07-20,7,6,1,4,0,7,7,32,7
04128,2004-07-23,2,1,4,2,5,8,4,26,7
04129,2004-07-25,7,8,2,2,7,0,2,28,8
04130,2004-07-27,7,6,9,2,8,0,1,33,9
04131,2004-07-30,8,1,1,1,5,1,6,23,7
04132,2004-08-01,2,3,0,5,5,0,0,15,5
04133,2004-08-03,1,4,3,0,4,8,2,22,8
04134,2004-08-06,7,8,0,0,1,5,3,24,8
04135,2004-08-08,5,2,4,9,4,4,9,37,7
04136,2004-08-10,4,3,6,0,0,9,2,24,9
04137,2004-08-13,0,8,3,4,9,6,9,39,9
04138,2004-08-15,8,0,2,7,6,6,2,31,8
04139,2004-08-17,6,5,7,7,0,6,2,33,7
04140,2004-08-20,4,8,2,1,2,6,3,26,7
04141,2004-08-22,4,2,1,0,5,8,6,26,8
04142,2004-08-24,3,3,2,0,5,0,1,14,5
04143,2004-08-27,3,3,1,6,3,3,4,23,5
04144,2004-08-29,3,9,1,5,8,7,9,42,8
04145,2004-08-31,0,7,8,4,1,2,1,23,8
04146,2004-09-03,4,9,6,6,5,2,3,35,7
04147,2004-09-05,6,0,0,9,6,5,5,31,9
04148,2004-09-07,2,2,9,8,6,0,7,34,9
04149,2004-09-10,6,3,1,2,5,6,2,25,5
04150,2004-09-12,3,9,6,6,1,1,8,34,8
04151,2004-09-14,3,5,1,7,6,4,9,35,8
04152,2004-09-17,3,7,0,8,4,6,8,36,8
04153,2004-09-19,4,5,3,4,9,2,5,32,7
04154,2004-09-21,9,4,0,7,3,2,5,30,9
04155,2004-09-24,5,6,2,2,4,6,7,32,5
04156,2004-09-26,9,8,0,9,9,3,1,39,9
04157,2004-09-28,2,8,2,4,0,5,5,26,8
04158,2004-10-01,2,5,1,4,9,4,8,33,8
04159,2004-10-03,9,2,3,4,3,9,5,35,7
04160,2004-10-05,7,0,4,3,5,4,3,26,7
04161,2004-10-08,8,8,5,0,1,3,4,29,8
04162,2004-10-10,0,7,7,5,9,1,6,35,9
04163,2004-10-12,0,0,8,8,3,5,5,29,8
04164,2004-10-15,7,3,5,9,1,4,7,36,8
04165,2004-10-17,6,3,6,1,8,4,9,37,8
04166,2004-10-19,0,5,6,3,6,9,1,30,9
04167,2004-10-22,4,0,6,5,0,7,1,23,7
04168,2004-10-24,9,9,1,2,9,5,3,38,8
04169,2004-10-26,5,3,3,4,6,3,0,24,6
04170,2004-10-29,0,9,6,8,5,6,5,39,9
04171,2004-10-31,8,6,2,2,1,0,5,24,8
04172,2004-11-02,0,0,8,6,1,3,7,25,8
04173,2004-11-05,4,7,3,0,4,3,7,28,7
04174,2004-11-07,0,7,1,1,3,2,0,14,7
04175,2004-11-09,4,1,5,2,4,0,3,19,5
04176,2004-11-12,1,5,0,6,8,0,0,20,8
04177,2004-11-15,1,9,2,8,8,2,7,37,8
04178,2004-11-16,3,1,7,3,8,7,5,34,7
04179,2004-11-19,7,1,8,3,2,8,0,29,8
04180,2004-11-21,4,4,3,2,4,8,7,32,6
04181,2004-11-23,5,2,6,2,2,5,4,26,4
04182,2004-11-26,4,4,1,8,0,9,0,26,9
04183,2004-11-28,4,3,6,4,1,6,6,30,5
04184,2004-11-30,0,0,3,2,3,2,2,12,3
04185,2004-12-03,4,4,4,5,1,7,7,32,6
04186,2004-12-05,6,1,2,9,9,8,7,42,8
04187,2004-12-07,8,1,0,9,3,1,8,30,9
04188,2004-12-10,9,1,4,8,3,8,3,36,8
04189,2004-12-12,4,8,1,6,8,2,7,36,7
04190,2004-12-14,7,5,4,5,8,1,9,39,8
04191,2004-12-17,2,9,4,7,6,9,9,46,7
04192,2004-12-19,3,1,7,0,8,2,4,25,8
04193,2004-12-21,8,1,3,9,5,8,6,40,8
04194,2004-12-24,0,0,4,1,5,4,2,16,5
04195,2004-12-27,8,1,3,0,7,4,1,24,8
04196,2004-12-28,2,4,8,4,4,6,5,33,6
04197,2004-12-31,2,0,3,4,3,3,0,15,4
05001,2005-01-02,1,1,4,5,5,4,4,24,4
05002,2005-01-04,8,2,4,7,6,2,1,30,7
05003,2005-01-07,8,5,2,8,2,3,2,30,6
05004,2005-01-09,8,7,3,7,7,8,9,49,6
05005,2005-01-11,4,3,3,5,6,7,9,37,6
05006,2005-01-14,7,0,0,3,1,2,8,21,8
05007,2005-01-16,1,9,9,0,1,3,3,26,9
05008,2005-01-18,9,5,8,2,0,6,9,39,9
05009,2005-01-21,4,8,2,2,6,6,1,29,7
05010,2005-01-23,6,1,9,7,1,1,0,25,9
05011,2005-01-25,7,3,7,2,7,4,9,39,7
05012,2005-01-28,2,4,3,1,9,4,6,29,8
05013,2005-01-30,8,8,7,1,9,8,2,43,8
05014,2005-02-01,6,1,4,5,0,2,3,21,6
05015,2005-02-04,1,0,0,8,8,3,2,22,8
05016,2005-02-06,5,0,0,7,3,3,2,20,7
05017,2005-02-08,6,0,2,1,3,6,1,19,6
05018,2005-02-18,8,1,3,3,8,7,9,39,8
05019,2005-02-20,6,9,9,0,1,5,1,31,9
05020,2005-02-22,8,0,8,3,0,9,3,31,9
05021,2005-02-25,9,8,8,7,8,6,0,46,9
05022,2005-02-27,0,7,1,4,3,2,6,23,7
05023,2005-03-01,4,9,7,7,8,8,8,51,5
05024,2005-03-04,6,2,0,5,1,2,9,25,9
05025,2005-03-06,3,3,1,9,4,7,6,33,8
05026,2005-03-08,6,9,7,1,5,2,8,38,8
05027,2005-03-11,3,5,6,7,5,2,4,32,5
05028,2005-03-13,5,9,9,4,5,6,5,43,5
05029,2005-03-15,2,7,6,0,2,7,1,25,7
05030,2005-03-18,6,1,7,5,8,4,1,32,7
05031,2005-03-20,0,6,0,3,2,2,1,14,6
05032,2005-03-22,0,9,9,2,3,3,7,33,9
05033,2005-03-25,7,4,1,8,9,4,7,40,8
05034,2005-03-27,1,2,9,2,8,4,0,26,9
05035,2005-03-29,3,1,6,1,5,5,8,29,7
05036,2005-04-01,6,3,0,0,8,8,6,31,8
05037,2005-04-03,4,3,0,9,0,7,1,24,9
05038,2005-04-05,1,7,2,1,7,4,7,29,6
05039,2005-04-08,7,0,9,7,1,3,0,27,9
05040,2005-04-10,6,6,1,9,5,4,6,37,8
05041,2005-04-12,1,0,5,6,3,5,3,23,6
05042,2005-04-15,6,5,0,7,0,3,6,27,7
05043,2005-04-17,3,3,4,1,2,1,8,22,7
05044,2005-04-19,6,5,8,0,4,4,4,31,8
05045,2005-04-22,6,2,4,2,8,5,5,32,6
05046,2005-04-24,9,2,3,1,2,3,3,23,8
05047,2005-04-26,0,1,4,3,3,2,8,21,8
05048,2005-04-29,3,0,7,9,0,3,0,22,9
05049,2005-05-01,6,8,1,4,3,4,1,27,7
05050,2005-05-03,8,7,2,2,5,2,9,35,7
05051,2005-05-06,1,9,5,6,4,4,1,30,8
05052,2005-05-08,8,2,0,0,2,4,3,19,8
05053,2005-05-10,2,1,2,4,7,7,4,27,6
05054,2005-05-13,7,8,8,1,8,4,1,37,7
05055,2005-05-15,5,0,5,4,4,4,9,31,9
05056,2005-05-17,8,8,4,9,9,6,3,47,6
05057,2005-05-20,7,6,4,9,1,4,7,38,8
05058,2005-05-22,1,7,6,5,2,8,6,35,7
05059,2005-05-24,0,1,7,6,8,6,9,37,9
05060,2005-05-27,0,1,9,3,2,9,0,24,9
05061,2005-05-29,6,5,6,6,4,7,0,34,7
05062,2005-05-31,4,3,3,6,7,1,7,31,6
05063,2005-06-03,9,7,1,3,4,7,3,34,8
05064,2005-06-05,8,3,6,4,5,3,0,29,8
05065,2005-06-07,9,9,3,1,0,6,9,37,9
05066,2005-06-10,5,1,9,2,0,1,5,23,9
05067,2005-06-12,8,6,1,0,2,8,7,32,8
05068,2005-06-14,4,8,5,4,9,8,6,44,5
05069,2005-06-17,3,9,0,5,0,2,7,26,9
05070,2005-06-19,6,6,4,3,9,2,3,33,7
05071,2005-06-21,9,6,7,4,9,6,1,42,8
05072,2005-06-24,8,6,0,6,1,3,6,30,8
05073,2005-06-26,7,1,6,9,3,3,3,32,8
05074,2005-06-28,8,8,0,3,2,2,7,30,8
05075,2005-07-01,2,4,1,6,5,0,6,24,6
05076,2005-07-03,1,6,5,5,8,7,3,35,7
05077,2005-07-05,9,7,1,7,9,2,7,42,8
05078,2005-07-08,7,2,9,1,6,8,0,33,9
05079,2005-07-10,3,7,1,8,2,7,3,31,7
05080,2005-07-12,2,2,9,7,2,8,0,30,9
05081,2005-07-15,4,1,9,7,5,1,9,36,8
05082,2005-07-17,5,1,9,7,9,7,0,38,9
05083,2005-07-19,4,6,8,4,9,5,2,38,7
05084,2005-07-22,8,3,6,9,7,9,0,42,9
05085,2005-07-24,6,1,3,4,6,6,5,31,5
05086,2005-07-26,1,7,8,6,5,4,4,35,7
05087,2005-07-29,0,7,9,4,5,1,2,28,9
05088,2005-07-31,3,3,3,8,7,6,2,32,6
05089,2005-08-02,3,2,6,9,9,5,8,42,7
05090,2005-08-05,2,3,0,2,8,5,9,29,9
05091,2005-08-07,5,2,4,5,6,6,2,30,4
05092,2005-08-09,1,8,4,9,5,4,4,35,8
05093,2005-08-12,1,3,9,9,0,5,9,36,9
05094,2005-08-14,1,4,6,6,2,7,0,26,7
05095,2005-08-16,7,9,3,5,3,4,7,38,6
05096,2005-08-19,0,3,4,7,9,0,0,23,9
05097,2005-08-21,5,5,6,1,5,0,0,22,6
05098,2005-08-23,2,9,3,4,5,4,7,34,7
05099,2005-08-26,3,5,5,2,5,1,6,27,5
05100,2005-08-28,9,0,4,4,2,5,1,25,9
05101,2005-08-30,1,8,3,8,7,0,2,29,8
05102,2005-09-02,5,8,5,2,8,7,4,39,6
05103,2005-09-04,6,7,2,4,3,2,8,32,6
05104,2005-09-06,8,3,2,0,7,6,7,33,8
05105,2005-09-09,7,8,8,0,5,4,0,32,8
05106,2005-09-11,6,2,7,1,4,8,2,30,7
05107,2005-09-13,2,9,5,9,2,6,2,35,7
05108,2005-09-16,5,3,9,9,1,2,9,38,8
05109,2005-09-18,3,1,3,9,4,0,6,26,9
05110,2005-09-20,5,1,3,1,4,8,5,27,7
05111,2005-09-23,9,6,6,1,3,5,9,39,8
05112,2005-09-25,3,4,2,6,3,3,6,27,4
05113,2005-09-27,5,2,5,2,0,3,9,26,9
05114,2005-09-30,8,5,2,2,7,6,0,30,8
05115,2005-10-02,8,6,0,9,4,7,0,34,9
05116,2005-10-04,1,4,4,5,9,4,8,35,8
05117,2005-10-07,7,7,9,9,0,7,6,45,9
05118,2005-10-09,9,3,1,7,2,3,2,27,8
05119,2005-10-11,7,5,1,7,9,5,2,36,8
05120,2005-10-14,7,4,9,3,9,9,0,41,9
05121,2005-10-16,7,2,4,3,5,8,2,31,6
05122,2005-10-18,2,9,4,8,3,9,4,39,7
05123,2005-10-21,5,5,6,6,0,8,9,39,9
05124,2005-10-23,5,7,1,1,9,0,9,32,9
05125,2005-10-25,0,8,2,2,5,0,3,20,8
05126,2005-10-28,4,0,4,1,3,6,5,23,6
05127,2005-10-30,8,6,3,6,3,7,2,35,6
05128,2005-11-01,7,0,9,2,4,9,6,37,9
05129,2005-11-04,8,8,8,7,0,2,1,34,8
05130,2005-11-06,5,8,5,0,2,5,2,27,8
05131,2005-11-08,2,1,4,1,3,8,9,28,8
05132,2005-11-11,1,1,6,1,7,2,5,23,6
05133,2005-11-13,3,0,1,3,9,5,7,28,9
05134,2005-11-15,5,0,5,7,1,7,1,26,7
05135,2005-11-18,8,1,4,9,8,1,8,39,8
05136,2005-11-20,2,9,2,5,8,1,7,34,8
05137,2005-11-22,9,0,2,6,8,7,1,33,9
05138,2005-11-25,5,2,2,8,7,2,2,28,6
05139,2005-11-27,9,2,1,4,1,9,5,31,8
05140,2005-11-29,0,4,9,8,5,5,2,33,9
05141,2005-12-02,0,1,7,8,7,8,7,38,8
05142,2005-12-04,0,1,8,7,0,2,7,25,8
05143,2005-12-06,9,7,0,7,7,1,7,38,9
05144,2005-12-09,8,9,9,6,4,3,8,47,6
05145,2005-12-11,5,0,6,3,9,6,8,37,9
05146,2005-12-13,8,7,9,9,7,9,6,55,3
05147,2005-12-16,9,1,1,1,6,9,6,33,8
05148,2005-12-18,3,0,8,1,5,3,1,21,8
05149,2005-12-20,4,8,7,7,5,2,8,41,6
05150,2005-12-23,9,6,8,1,3,6,2,35,8
05151,2005-12-25,7,5,8,5,1,0,8,34,8
05152,2005-12-27,0,9,4,9,8,8,3,41,9
05153,2005-12-30,1,9,2,7,9,4,6,38,8
06001,2006-01-01,6,6,5,9,0,5,2,33,9
06002,2006-01-03,6,7,2,5,8,1,4,33,7
06003,2006-01-06,4,5,3,5,7,6,2,32,5
06004,2006-01-08,8,1,5,8,1,1,8,32,7
06005,2006-01-10,5,6,3,5,7,5,8,39,5
06006,2006-01-13,2,5,7,8,2,2,7,33,6
06007,2006-01-15,7,2,1,9,8,6,6,39,8
06008,2006-01-17,0,7,6,2,3,9,1,28,9
06009,2006-01-20,2,8,1,0,2,4,0,17,8
06010,2006-01-22,1,3,6,0,5,0,2,17,6
06011,2006-01-24,2,1,9,4,0,0,2,18,9
06012,2006-01-27,2,4,9,3,7,6,0,31,9
06013,2006-02-05,2,3,0,6,6,0,0,17,6
06014,2006-02-07,7,0,4,7,6,8,3,35,8
06015,2006-02-10,2,1,8,2,5,8,6,32,7
06016,2006-02-12,9,8,8,2,0,5,7,39,9
06017,2006-02-14,3,8,7,8,9,6,9,50,6
06018,2006-02-17,4,6,9,3,3,5,4,34,6
06019,2006-02-19,0,0,6,7,9,9,2,33,9
06020,2006-02-21,3,0,2,4,1,2,9,21,9
06021,2006-02-24,3,5,0,0,7,1,4,20,7
06022,2006-02-26,2,5,2,3,6,0,7,25,7
06023,2006-02-28,9,9,0,6,8,7,6,45,9
06024,2006-03-03,9,0,6,2,2,9,0,28,9
06025,2006-03-05,0,3,3,1,9,7,4,27,9
06026,2006-03-07,8,1,5,7,6,6,0,33,8
06027,2006-03-10,2,1,8,8,2,7,7,35,7
06028,2006-03-12,0,4,4,8,5,3,1,25,8
06029,2006-03-14,0,6,6,7,2,8,9,38,9
06030,2006-03-17,8,8,0,5,8,1,4,34,8
06031,2006-03-19,6,7,0,5,3,3,0,24,7
06032,2006-03-21,7,3,2,6,8,8,1,35,7
06033,2006-03-24,5,8,2,8,6,4,6,39,6
06034,2006-03-26,0,1,3,3,2,7,5,21,7
06035,2006-03-28,1,5,0,1,3,9,3,22,9
06036,2006-03-31,7,4,4,5,1,7,5,33,6
06037,2006-04-02,1,6,7,6,2,4,3,29,6
06038,2006-04-04,1,3,6,6,8,7,0,31,8
06039,2006-04-07,1,6,1,8,9,2,3,30,8
06040,2006-04-09,5,6,1,8,0,7,3,30,8
06041,2006-04-11,6,3,9,7,9,5,4,43,6
06042,2006-04-14,9,1,8,4,8,7,0,37,9
06043,2006-04-16,8,1,2,3,9,5,2,30,8
06044,2006-04-18,2,7,3,9,0,3,3,27,9
06045,2006-04-21,8,5,1,0,1,6,5,26,8
06046,2006-04-23,1,0,7,4,5,2,5,24,7
06047,2006-04-25,9,6,4,6,1,7,4,37,8
06048,2006-04-28,4,3,7,6,0,3,9,32,9
06049,2006-04-30,9,7,6,0,5,3,6,36,9
06050,2006-05-02,4,5,3,8,1,3,3,27,7
06051,2006-05-05,6,9,7,4,8,6,5,45,5
06052,2006-05-07,5,2,5,0,8,0,7,27,8
06053,2006-05-09,0,6,5,6,8,8,6,39,8
06054,2006-05-12,7,6,5,6,8,8,5,45,3
06055,2006-05-14,2,2,2,1,7,1,1,16,6
06056,2006-05-16,5,9,3,3,8,8,2,38,7
06057,2006-05-19,4,7,2,9,0,6,7,35,9
06058,2006-05-21,8,2,3,6,2,4,1,26,7
06059,2006-05-23,0,5,7,5,2,9,5,33,9
06060,2006-05-26,9,1,1,8,8,9,1,37,8
06061,2006-05-28,3,1,3,9,7,9,4,36,8
06062,2006-05-30,0,2,1,3,4,5,1,16,5
06063,2006-06-02,3,1,2,2,6,3,3,20,5
06064,2006-06-04,7,9,2,2,2,6,0,28,9
06065,2006-06-06,3,6,8,7,4,6,5,39,5
06066,2006-06-09,3,2,7,9,9,1,0,31,9
06067,2006-06-11,9,6,3,0,5,4,9,36,9
06068,2006-06-13,2,4,5,0,1,8,3,23,8
06069,2006-06-16,1,0,5,8,4,6,3,27,8
06070,2006-06-18,2,4,7,0,1,1,1,16,7
06071,2006-06-20,0,8,6,8,1,8,0,31,8
06072,2006-06-23,3,8,4,4,4,9,0,32,9
06073,2006-06-25,4,3,1,5,0,0,5,18,5
06074,2006-06-27,1,1,4,0,0,6,9,21,9
06075,2006-06-30,2,3,4,3,9,0,0,21,9
06076,2006-07-02,2,3,0,9,8,6,7,35,9
06077,2006-07-04,4,6,5,1,6,5,1,28,5
06078,2006-07-07,4,8,3,0,6,1,5,27,8
06079,2006-07-09,3,4,1,2,6,2,1,19,5
06080,2006-07-11,1,0,9,8,4,2,5,29,9
06081,2006-07-14,0,1,2,1,2,1,4,11,4
06082,2006-07-16,4,5,7,5,4,5,6,36,3
06083,2006-07-18,4,0,4,7,0,6,8,29,8
06084,2006-07-21,7,9,5,0,8,6,7,42,9
06085,2006-07-23,1,9,3,3,9,7,9,41,8
06086,2006-07-25,1,7,9,5,0,4,2,28,9
06087,2006-07-28,6,4,5,2,8,5,9,39,7
06088,2006-07-30,2,1,2,0,5,1,6,17,6
06089,2006-08-01,9,0,5,0,1,3,3,21,9
06090,2006-08-04,2,4,4,6,5,3,5,29,4
06091,2006-08-06,7,3,1,2,1,4,2,20,6
06092,2006-08-08,7,7,4,8,1,2,9,38,8
06093,2006-08-11,8,4,4,1,1,9,9,36,8
06094,2006-08-13,0,7,5,8,4,9,3,36,9
06095,2006-08-15,6,1,6,8,8,3,4,36,7
06096,2006-08-18,0,6,1,3,3,3,4,20,6
06097,2006-08-20,8,5,4,3,9,4,4,37,6
06098,2006-08-22,8,8,7,0,3,5,1,32,8
06099,2006-08-25,8,4,3,9,2,6,8,40,7
06100,2006-08-27,1,7,1,5,0,0,4,18,7
06101,2006-08-29,3,2,3,9,6,7,7,37,7
06102,2006-09-01,9,7,2,6,6,3,4,37,7
06103,2006-09-03,2,7,9,4,8,7,3,40,7
06104,2006-09-05,9,5,7,2,0,8,8,39,9
06105,2006-09-08,5,7,4,8,3,8,4,39,5
06106,2006-09-10,4,5,3,2,5,7,4,30,5
06107,2006-09-12,1,1,0,7,4,8,8,29,8
06108,2006-09-15,7,0,1,8,3,1,8,28,8
06109,2006-09-17,5,7,4,1,8,2,6,33,7
06110,2006-09-19,1,2,9,1,3,2,6,24,8
06111,2006-09-22,9,3,1,1,0,1,0,15,9
06112,2006-09-24,8,1,2,4,4,5,4,28,7
06113,2006-09-26,2,5,9,9,2,1,2,30,8
06114,2006-09-29,6,4,0,2,1,5,4,22,6
06115,2006-10-01,3,8,4,2,7,8,9,41,7
06116,2006-10-03,9,3,2,9,2,8,6,39,7
06117,2006-10-06,5,1,3,4,9,2,8,32,8
06118,2006-10-08,9,8,6,3,3,8,3,40,6
06119,2006-10-10,2,1,9,3,2,3,8,28,8
06120,2006-10-13,1,8,3,6,9,7,8,42,8
06121,2006-10-15,9,4,0,9,2,1,0,25,9
06122,2006-10-17,5,4,0,8,7,0,6,30,8
06123,2006-10-20,3,7,7,0,4,3,6,30,7
06124,2006-10-22,5,3,8,1,3,1,5,26,7
06125,2006-10-24,2,3,6,1,4,4,7,27,6
06126,2006-10-27,6,2,4,1,6,2,8,29,7
06127,2006-10-29,3,7,8,9,9,1,9,46,8
06128,2006-10-31,2,1,4,1,3,8,9,28,8
06129,2006-11-03,1,8,6,6,2,2,1,26,7
06130,2006-11-05,7,8,6,7,7,6,2,43,6
06131,2006-11-07,5,1,8,4,4,9,0,31,9
06132,2006-11-10,6,0,1,7,2,2,0,18,7
06133,2006-11-12,1,3,4,3,3,0,6,20,6
06134,2006-11-14,7,9,9,4,6,2,3,40,7
06135,2006-11-17,8,9,4,1,1,4,5,32,8
06136,2006-11-19,4,8,1,4,3,4,5,29,7
06137,2006-11-21,0,3,8,7,7,2,1,28,8
06138,2006-11-24,4,2,7,2,1,6,4,26,6
06139,2006-11-26,3,3,9,9,2,1,3,30,8
06140,2006-11-28,6,8,9,9,0,4,9,45,9
06141,2006-12-01,1,5,3,2,0,2,0,13,5
06142,2006-12-03,2,3,9,2,3,8,4,31,7
06143,2006-12-05,2,5,3,4,3,2,5,24,3
06144,2006-12-08,8,8,9,6,8,8,0,47,9
06145,2006-12-10,4,8,6,4,6,9,7,44,5
06146,2006-12-12,1,9,1,5,7,7,9,39,8
06147,2006-12-15,1,8,5,7,5,5,4,35,7
06148,2006-12-17,0,9,2,2,7,4,8,32,9
06149,2006-12-19,4,0,3,9,8,5,2,31,9
06150,2006-12-22,9,8,6,6,5,0,9,43,9
06151,2006-12-24,0,4,6,3,1,6,2,22,6
06152,2006-12-26,1,1,7,9,8,1,9,36,8
06153,2006-12-29,5,9,7,0,7,8,4,40,9
06154,2006-12-31,1,7,4,2,9,6,0,29,9
07001,2007-01-02,3,9,5,5,5,3,6,36,6
07002,2007-01-05,8,3,3,5,8,8,2,37,6
07003,2007-01-07,5,7,5,8,6,8,7,46,3
07004,2007-01-09,6,4,3,1,9,9,7,39,8
07005,2007-01-12,4,6,4,0,2,0,4,20,6
07006,2007-01-14,0,3,5,3,6,1,0,18,6
07007,2007-01-16,5,1,8,9,6,9,4,42,8
07008,2007-01-19,2,1,6,6,7,3,5,30,6
07009,2007-01-21,5,3,8,7,2,0,8,33,8
07010,2007-01-23,1,6,0,9,8,7,7,38,9
07011,2007-01-26,3,9,2,3,1,9,3,30,8
07012,2007-01-28,5,2,6,3,4,6,1,27,5
07013,2007-01-30,0,8,6,6,0,0,8,28,8
07014,2007-02-02,3,4,1,5,3,1,4,21,4
07015,2007-02-04,3,1,7,9,5,8,5,38,8
07016,2007-02-06,2,5,0,4,5,5,7,28,7
07017,2007-02-09,9,0,8,5,4,7,8,41,9
07018,2007-02-11,0,9,9,1,8,4,5,36,9
07019,2007-02-13,1,2,8,6,2,7,8,34,7
07020,2007-02-16,3,6,7,0,9,2,5,32,9
07021,2007-02-25,0,3,4,6,7,5,6,31,7
07022,2007-02-27,6,1,1,0,3,9,6,26,9
07023,2007-03-02,5,8,6,2,3,5,4,33,6
07024,2007-03-04,9,3,9,8,5,4,6,44,6
07025,2007-03-06,6,1,3,0,0,0,0,10,6
07026,2007-03-09,0,4,9,7,4,5,2,31,9
07027,2007-03-11,2,0,0,5,7,9,6,29,9
07028,2007-03-13,1,7,6,7,5,0,3,29,7
07029,2007-03-16,9,1,4,0,2,0,0,16,9
07030,2007-03-18,5,8,1,1,3,0,2,20,8
07031,2007-03-20,9,6,1,6,3,5,2,32,8
07032,2007-03-23,3,1,2,1,2,9,9,27,8
07033,2007-03-25,4,7,5,2,2,8,8,36,6
07034,2007-03-27,2,4,2,4,1,9,8,30,8
07035,2007-03-30,8,8,8,5,1,1,6,37,7
07036,2007-04-01,7,5,6,5,3,1,7,34,6
07037,2007-04-03,4,2,3,5,7,4,4,29,5
07038,2007-04-06,3,1,1,1,3,8,3,20,7
07039,2007-04-08,1,6,2,6,4,7,3,29,6
07040,2007-04-10,2,2,5,5,3,9,6,32,7
07041,2007-04-13,9,8,2,7,2,7,2,37,7
07042,2007-04-15,0,0,9,7,3,4,2,25,9
07043,2007-04-17,8,1,9,4,9,5,7,43,8
07044,2007-04-20,8,5,7,6,2,5,8,41,6
07045,2007-04-22,7,8,3,0,9,1,4,32,9
07046,2007-04-24,2,0,9,9,9,6,0,35,9
07047,2007-04-27,2,4,1,2,1,6,0,16,6
07048,2007-04-29,9,3,9,4,5,1,9,40,8
07049,2007-05-01,2,4,7,7,5,5,4,34,5
07050,2007-05-04,8,4,1,6,9,6,0,34,9
07051,2007-05-06,4,3,5,3,1,4,0,20,5
07052,2007-05-08,4,5,0,7,8,0,4,28,8
07053,2007-05-11,1,6,8,7,2,9,9,42,8
07054,2007-05-13,1,5,4,3,2,1,7,23,6
07055,2007-05-15,6,8,3,5,9,5,3,39,6
07056,2007-05-18,2,0,8,1,5,8,2,26,8
07057,2007-05-20,5,1,3,8,2,0,7,26,8
07058,2007-05-22,5,5,1,9,8,3,7,38,8
07059,2007-05-25,4,2,0,7,3,1,9,26,9
07060,2007-05-27,8,9,8,3,3,0,0,31,9
07061,2007-05-29,1,2,0,1,9,3,3,19,9
07062,2007-06-01,8,7,6,0,0,2,3,26,8
07063,2007-06-03,1,4,9,4,4,2,0,24,9
07064,2007-06-05,4,2,7,3,9,8,3,36,7
07065,2007-06-08,4,1,9,1,9,1,7,32,8
07066,2007-06-10,7,5,0,7,3,7,9,38,9
07067,2007-06-12,6,2,8,0,3,3,5,27,8
07068,2007-06-15,6,8,4,7,0,7,3,35,8
07069,2007-06-17,8,6,0,9,2,6,9,40,9
07070,2007-06-19,2,8,5,7,8,9,0,39,9
07071,2007-06-22,8,8,3,2,3,5,6,35,6
07072,2007-06-24,0,7,6,0,4,2,7,26,7
07073,2007-06-26,1,7,6,3,2,7,0,26,7
07074,2007-06-29,1,8,3,6,6,7,3,34,7
07075,2007-07-01,4,6,2,0,9,5,4,30,9
07076,2007-07-03,8,5,4,6,9,8,9,49,5
07077,2007-07-06,6,9,6,0,3,1,3,28,9
07078,2007-07-08,5,3,8,3,3,5,2,29,6
07079,2007-07-10,5,4,6,8,4,6,9,42,5
07080,2007-07-13,5,5,8,7,0,2,6,33,8
07081,2007-07-15,8,0,0,2,3,6,5,24,8
07082,2007-07-17,1,6,9,0,0,0,3,19,9
07083,2007-07-20,5,0,9,0,4,1,4,23,9
07084,2007-07-22,3,0,4,3,7,8,6,31,8
07085,2007-07-24,1,2,1,6,7,7,5,29,6
07086,2007-07-27,1,7,0,5,4,3,1,21,7
07087,2007-07-29,0,3,5,2,6,1,1,18,6
07088,2007-07-31,7,0,9,8,4,9,3,40,9
07089,2007-08-03,0,5,2,5,5,4,9,30,9
07090,2007-08-05,7,9,2,1,1,0,3,23,9
07091,2007-08-07,4,1,5,7,1,0,7,25,7
07092,2007-08-10,9,1,0,4,8,2,6,30,9
07093,2007-08-12,6,3,0,1,4,9,7,30,9
07094,2007-08-14,4,6,5,2,1,6,8,32,7
07095,2007-08-17,6,9,5,8,0,6,0,34,9
07096,2007-08-19,6,9,4,6,0,4,6,35,9
07097,2007-08-21,4,7,2,9,9,8,6,45,7
07098,2007-08-24,3,9,5,4,7,0,9,37,9
07099,2007-08-26,8,4,8,6,9,7,9,51,5
07100,2007-08-28,4,4,1,0,2,5,7,23,7
07101,2007-08-31,2,8,8,5,5,6,7,41,6
07102,2007-09-02,6,0,9,0,0,7,1,23,9
07103,2007-09-04,9,4,5,3,7,2,5,35,7
07104,2007-09-07,3,8,8,0,0,4,3,26,8
07105,2007-09-09,8,7,6,8,1,1,4,35,7
07106,2007-09-11,5,1,9,8,8,1,3,35,8
07107,2007-09-14,3,9,7,7,5,9,0,40,9
07108,2007-09-16,4,7,2,8,5,3,4,33,6
07109,2007-09-18,9,4,0,2,9,9,5,38,9
07110,2007-09-21,6,7,1,9,3,4,7,37,8
07111,2007-09-23,2,9,0,1,1,6,6,25,9
07112,2007-09-25,8,5,1,8,9,4,0,35,9
07113,2007-09-28,7,5,8,1,8,3,3,35,7
07114,2007-09-30,9,2,9,8,6,1,2,37,8
07115,2007-10-02,0,0,2,8,2,5,2,19,8
07116,2007-10-05,4,1,1,1,9,9,1,26,8
07117,2007-10-07,2,1,1,1,5,6,4,20,5
07118,2007-10-09,6,5,7,6,7,6,8,45,3
07119,2007-10-12,9,8,9,9,4,0,3,42,9
07120,2007-10-14,1,4,3,6,9,1,7,31,8
07121,2007-10-16,7,7,2,5,8,6,0,35,8
07122,2007-10-19,3,3,4,1,7,4,7,29,6
07123,2007-10-21,5,1,4,6,0,1,2,19,6
07124,2007-10-23,5,7,8,1,5,2,4,32,7
07125,2007-10-26,4,4,0,3,3,8,0,22,8
07126,2007-10-28,1,7,5,7,8,8,7,43,7
07127,2007-10-30,6,8,4,9,4,0,8,39,9
07128,2007-11-02,6,7,4,7,9,5,1,39,8
07129,2007-11-04,7,7,7,8,8,4,6,47,4
07130,2007-11-06,5,4,3,9,4,9,1,35,8
07131,2007-11-09,7,7,3,5,6,3,9,40,6
07132,2007-11-11,1,5,7,2,6,4,0,25,7
07133,2007-11-13,9,6,5,2,0,7,3,32,9
07134,2007-11-16,6,9,9,8,8,5,1,46,8
07135,2007-11-18,9,6,5,2,8,7,0,37,9
07136,2007-11-20,5,8,2,0,8,8,3,34,8
07137,2007-11-23,4,0,2,1,0,5,6,18,6
07138,2007-11-25,4,9,4,2,7,1,9,36,8
07139,2007-11-27,8,4,8,8,4,4,6,42,4
07140,2007-11-30,9,4,1,5,8,9,7,43,8
07141,2007-12-02,8,5,0,2,0,5,9,29,9
07142,2007-12-04,6,0,4,0,6,6,9,31,9
07143,2007-12-07,0,5,3,1,2,7,3,21,7
07144,2007-12-09,4,1,5,8,1,3,4,26,7
07145,2007-12-11,9,6,7,2,4,9,8,45,7
07146,2007-12-14,7,0,5,3,7,3,1,26,7
07147,2007-12-16,2,2,0,0,0,7,0,11,7
07148,2007-12-18,2,1,4,6,3,3,0,19,6
07149,2007-12-21,0,4,3,9,9,6,8,39,9
07150,2007-12-23,1,4,1,7,4,1,1,19,6
07151,2007-12-25,4,1,2,5,2,4,2,20,4
07152,2007-12-28,7,4,3,8,0,1,8,31,8
07153,2007-12-30,4,3,5,7,9,1,8,37,8
08001,2008-01-01,1,9,5,8,3,6,8,40,8
08002,2008-01-04,5,3,5,7,8,1,3,32,7
08003,2008-01-06,4,0,4,8,3,2,4,25,8
08004,2008-01-08,4,8,5,1,1,1,7,27,7
08005,2008-01-11,7,1,1,0,6,7,3,25,7
08006,2008-01-13,2,5,6,4,6,3,9,35,7
08007,2008-01-15,6,6,8,2,9,6,9,46,7
08008,2008-01-18,7,9,2,9,9,1,2,39,8
08009,2008-01-20,0,5,0,2,5,0,4,16,5
08010,2008-01-22,0,6,0,5,7,9,5,32,9
08011,2008-01-25,8,7,6,9,8,4,2,44,7
08012,2008-01-27,8,9,8,9,5,3,9,51,6
08013,2008-01-29,8,7,6,3,6,6,6,42,5
08014,2008-02-01,4,3,1,3,8,7,9,35,8
08015,2008-02-03,6,3,7,1,8,4,0,29,8
08016,2008-02-05,8,4,5,4,8,2,3,34,6
08017,2008-02-15,4,3,0,5,9,1,5,27,9
08018,2008-02-17,9,2,8,3,6,6,9,43,7
08019,2008-02-19,9,6,0,9,1,2,5,32,9
08020,2008-02-22,3,8,1,2,5,0,1,20,8
08021,2008-02-24,6,4,8,7,2,3,1,31,7
08022,2008-02-26,6,9,6,1,1,4,0,27,9
08023,2008-02-29,9,1,8,8,0,0,1,27,9
08024,2008-03-02,1,1,7,2,4,7,2,24,6
08025,2008-03-04,3,7,6,0,2,3,9,30,9
08026,2008-03-07,8,3,3,9,0,2,7,32,9
08027,2008-03-09,2,0,4,1,3,1,0,11,4
08028,2008-03-11,3,3,2,6,6,3,1,24,5
08029,2008-03-14,3,7,9,8,6,5,6,44,6
08030,2008-03-16,3,8,9,0,4,3,6,33,9
08031,2008-03-18,0,7,4,1,4,2,1,19,7
08032,2008-03-21,2,2,5,3,5,2,7,26,5
08033,2008-03-23,3,8,5,3,0,1,7,27,8
08034,2008-03-25,9,1,5,2,6,6,9,38,8
08035,2008-03-28,6,8,9,0,3,3,8,37,9
08036,2008-03-30,3,7,0,9,5,4,2,30,9
08037,2008-04-01,5,0,9,9,2,3,6,34,9
08038,2008-04-04,3,9,3,2,8,8,6,39,7
08039,2008-04-06,8,8,2,3,2,0,0,23,8
08040,2008-04-08,5,9,0,5,8,2,5,34,9
08041,2008-04-11,6,0,5,4,1,9,5,30,9
08042,2008-04-13,7,3,8,1,1,1,0,21,8
08043,2008-04-15,7,9,8,5,2,0,9,40,9
08044,2008-04-18,9,6,5,1,8,5,3,37,8
08045,2008-04-20,1,8,0,9,5,5,2,30,9
08046,2008-04-22,2,1,6,0,8,7,0,24,8
08047,2008-04-25,8,9,8,4,9,0,8,46,9
08048,2008-04-27,4,6,4,1,3,8,3,29,7
08049,2008-04-29,6,2,7,8,5,5,6,39,6
08050,2008-05-02,7,1,4,6,6,6,9,39,8
08051,2008-05-04,8,6,9,5,6,5,0,39,9
08052,2008-05-06,9,6,1,9,6,6,7,44,8
08053,2008-05-09,8,5,1,7,0,7,2,30,8
08054,2008-05-11,9,6,7,5,0,3,2,32,9
08055,2008-05-13,3,5,2,6,3,6,1,26,5
08056,2008-05-16,4,1,3,0,4,1,8,21,8
08057,2008-05-18,3,5,9,7,7,1,6,38,8
08058,2008-05-20,5,4,6,9,5,4,5,38,5
08059,2008-05-23,2,1,0,7,6,9,7,32,9
08060,2008-05-25,1,5,6,8,4,9,2,35,8
08061,2008-05-27,9,0,0,0,8,1,8,26,9
08062,2008-05-30,6,5,5,2,0,2,2,22,6
08063,2008-06-01,0,0,9,3,7,5,9,33,9
08064,2008-06-03,8,0,3,0,0,8,9,28,9
08065,2008-06-06,7,5,8,0,9,3,9,41,9
08066,2008-06-08,1,2,4,1,8,2,4,22,7
08067,2008-06-10,7,3,4,0,3,2,7,26,7
08068,2008-06-13,0,1,4,3,8,9,6,31,9
08069,2008-06-15,4,2,3,8,6,9,1,33,8
08070,2008-06-17,2,0,6,0,0,3,5,16,6
08071,2008-06-20,0,0,2,4,9,8,0,23,9
08072,2008-06-22,7,1,1,1,7,4,1,22,6
08073,2008-06-24,7,5,2,3,3,8,4,32,6
08074,2008-06-27,9,4,6,5,5,2,2,33,7
08075,2008-06-29,5,4,6,2,5,7,7,36,5
08076,2008-07-01,7,9,6,5,8,4,9,48,5
08077,2008-07-04,3,9,8,3,6,9,8,46,6
08078,2008-07-06,4,2,6,9,0,0,6,27,9
08079,2008-07-08,7,2,6,3,5,8,7,38,6
08080,2008-07-11,9,4,7,9,2,2,5,38,7
08081,2008-07-13,4,5,7,0,1,1,5,23,7
08082,2008-07-15,7,1,3,2,8,2,4,27,7
08083,2008-07-18,5,2,1,4,5,7,7,31,6
08084,2008-07-20,4,8,9,6,8,9,5,49,5
08085,2008-07-22,9,9,1,7,4,1,4,35,8
08086,2008-07-25,4,4,6,2,1,3,1,21,5
08087,2008-07-27,1,6,8,2,5,6,9,37,8
08088,2008-07-29,8,1,3,1,9,8,5,35,8
08089,2008-08-01,3,4,7,9,2,2,7,34,7
08090,2008-08-03,7,6,5,9,1,6,8,42,8
08091,2008-08-05,3,6,9,7,0,2,5,32,9
08092,2008-08-08,9,6,9,5,1,0,5,35,9
08093,2008-08-10,2,9,0,6,9,0,1,27,9
08094,2008-08-12,6,6,0,4,3,4,4,27,6
08095,2008-08-15,2,8,0,2,2,8,8,30,8
08096,2008-08-17,2,9,9,4,9,6,7,46,7
08097,2008-08-19,7,7,5,9,2,4,8,42,7
08098,2008-08-22,8,9,0,2,8,9,2,38,9
08099,2008-08-24,5,0,5,5,6,1,6,28,6
08100,2008-08-26,2,3,3,1,9,7,4,29,8
08101,2008-08-29,0,8,3,4,0,2,5,22,8
08102,2008-08-31,1,3,3,3,5,3,7,25,6
08103,2008-09-02,3,1,4,5,1,0,5,19,5
08104,2008-09-05,1,9,8,1,0,0,0,19,9
08105,2008-09-07,3,5,1,2,2,5,4,22,4
08106,2008-09-09,1,7,2,7,9,7,4,37,8
08107,2008-09-12,5,7,3,3,2,4,9,33,7
08108,2008-09-14,1,3,9,7,8,8,7,43,8
08109,2008-09-16,3,1,5,9,9,4,5,36,8
08110,2008-09-19,2,9,3,3,1,7,8,33,8
08111,2008-09-21,7,1,5,9,7,7,9,45,8
08112,2008-09-23,8,3,3,5,6,0,9,34,9
08113,2008-09-26,7,8,1,4,8,8,7,43,7
08114,2008-09-28,9,9,1,8,7,5,5,44,8
08115,2008-09-30,8,9,7,1,5,4,9,43,8
08116,2008-10-03,7,5,4,9,3,7,7,42,6
08117,2008-10-05,8,3,2,3,8,5,4,33,6
08118,2008-10-07,6,5,4,4,9,6,8,42,5
08119,2008-10-10,2,2,3,6,4,1,1,19,5
08120,2008-10-12,1,1,6,5,0,5,5,23,6
08121,2008-10-14,6,6,1,8,4,1,7,33,7
08122,2008-10-17,4,9,9,7,0,0,7,36,9
08123,2008-10-19,8,2,6,0,9,4,0,29,9
08124,2008-10-21,2,7,3,7,0,2,4,25,7
08125,2008-10-24,9,2,3,9,4,1,8,36,8
08126,2008-10-26,2,2,4,4,9,3,3,27,7
08127,2008-10-28,9,0,4,0,0,1,0,14,9
08128,2008-10-31,5,7,2,4,2,0,8,28,8
08129,2008-11-02,2,0,0,6,8,6,7,29,8
08130,2008-11-04,2,8,8,9,7,0,3,37,9
08131,2008-11-07,7,1,5,7,6,3,7,36,6
08132,2008-11-09,2,4,9,8,2,7,5,37,7
08133,2008-11-11,9,1,8,6,5,9,8,46,8
08134,2008-11-14,3,5,4,0,7,9,7,35,9
08135,2008-11-16,8,5,0,8,1,9,3,34,9
08136,2008-11-18,1,4,0,1,9,5,2,22,9
08137,2008-11-21,4,0,3,8,9,6,1,31,9
08138,2008-11-23,7,3,1,5,8,4,6,34,7
08139,2008-11-25,9,7,6,6,3,7,3,41,6
08140,2008-11-28,9,3,5,1,0,1,8,27,9
08141,2008-11-30,9,1,5,2,5,7,5,34,8
08142,2008-12-02,4,3,9,7,3,7,2,35,7
08143,2008-12-05,6,3,8,1,1,9,2,30,8
08144,2008-12-07,2,0,4,8,8,2,5,29,8
08145,2008-12-09,4,3,3,5,6,3,4,28,3
08146,2008-12-12,1,2,0,7,1,9,0,20,9
08147,2008-12-14,4,1,7,5,6,0,5,28,7
08148,2008-12-16,3,1,6,3,3,1,4,21,5
08149,2008-12-19,4,2,6,0,1,1,3,17,6
08150,2008-12-21,9,6,7,0,7,6,1,36,9
08151,2008-12-23,5,6,6,6,3,4,1,31,5
08152,2008-12-26,6,3,9,4,5,6,5,38,6
08153,2008-12-28,8,2,1,0,4,6,3,24,8
08154,2008-12-30,2,5,2,4,8,0,7,28,8
09001,2009-01-02,2,9,1,0,3,7,4,26,9
09002,2009-01-04,4,8,8,5,7,4,0,36,8
09003,2009-01-06,4,2,1,5,9,1,0,22,9
09004,2009-01-09,3,2,2,1,8,1,5,22,7
09005,2009-01-11,6,8,6,1,7,7,7,42,7
09006,2009-01-13,3,6,1,2,5,3,7,27,6
09007,2009-01-16,0,6,4,8,7,9,1,35,9
09008,2009-01-18,8,6,6,1,3,4,6,34,7
09009,2009-01-20,8,9,3,9,3,8,2,42,7
09010,2009-01-23,0,3,2,5,2,8,1,21,8
09011,2009-02-01,4,1,4,9,8,8,9,43,8
09012,2009-02-03,2,7,6,6,2,9,0,32,9
09013,2009-02-06,6,3,7,3,9,5,5,38,6
09014,2009-02-08,7,2,9,5,9,8,6,46,7
09015,2009-02-10,6,6,6,7,2,8,8,43,6
09016,2009-02-13,1,6,7,8,2,2,6,32,7
09017,2009-02-15,4,6,2,2,3,4,4,25,4
09018,2009-02-17,2,2,6,3,2,1,3,19,5
09019,2009-02-20,1,1,9,0,5,3,6,25,9
09020,2009-02-22,2,2,2,8,8,7,6,35,6
09021,2009-02-24,7,4,0,1,6,9,1,28,9
09022,2009-02-27,3,3,7,7,1,9,7,37,8
09023,2009-03-01,2,1,9,6,1,3,2,24,8
09024,2009-03-03,9,8,2,4,9,9,6,47,7
09025,2009-03-06,5,1,1,3,8,9,0,27,9
09026,2009-03-08,3,9,0,2,8,8,8,38,9
09027,2009-03-10,9,4,8,7,7,5,1,41,8
09028,2009-03-13,0,3,3,8,1,9,7,31,9
09029,2009-03-15,2,3,2,6,9,8,3,33,7
09030,2009-03-17,6,6,2,8,9,4,4,39,7
09031,2009-03-20,3,6,2,9,9,7,3,39,7
09032,2009-03-22,5,5,5,9,9,3,3,39,6
09033,2009-03-24,7,3,2,4,3,1,2,22,6
09034,2009-03-27,4,1,7,5,0,6,9,32,9
09035,2009-03-29,3,5,7,4,8,5,6,38,5
09036,2009-03-31,5,1,8,6,9,0,6,35,9
09037,2009-04-03,6,8,9,4,7,6,3,43,6
09038,2009-04-05,9,6,8,1,9,2,6,41,8
09039,2009-04-07,4,1,9,4,2,2,9,31,8
09040,2009-04-10,1,0,2,7,5,7,5,27,7
09041,2009-04-12,1,7,3,8,2,6,6,33,7
09042,2009-04-14,3,9,7,0,5,0,6,30,9
09043,2009-04-17,3,8,7,2,4,9,7,40,7
09044,2009-04-19,8,8,5,0,4,9,7,41,9
09045,2009-04-21,8,7,4,0,1,3,1,24,8
09046,2009-04-24,3,7,0,1,4,4,5,24,7
09047,2009-04-26,3,5,1,1,5,8,7,30,7
09048,2009-04-28,8,1,2,3,5,5,8,32,7
09049,2009-05-01,4,3,5,0,6,5,0,23,6
09050,2009-05-03,2,2,8,2,0,2,8,24,8
09051,2009-05-05,5,3,1,0,0,4,9,22,9
09052,2009-05-08,1,7,2,4,5,3,3,25,6
09053,2009-05-10,2,1,8,9,4,0,0,24,9
09054,2009-05-12,6,7,2,5,3,1,2,26,6
09055,2009-05-15,9,1,6,8,9,1,2,36,8
09056,2009-05-17,1,8,5,6,5,9,7,41,8
09057,2009-05-19,8,6,9,9,0,6,3,41,9
09058,2009-05-22,9,3,6,1,2,4,8,33,8
09059,2009-05-24,2,1,5,3,2,5,0,18,5
09060,2009-05-26,4,7,2,7,8,5,1,34,7
09061,2009-05-29,3,3,6,7,5,5,2,31,5
09062,2009-05-31,2,8,1,4,9,2,8,34,8
09063,2009-06-02,6,8,1,3,6,6,5,35,7
09064,2009-06-05,5,7,3,6,4,5,1,31,6
09065,2009-06-07,6,6,7,7,1,1,1,29,6
09066,2009-06-09,4,6,2,7,9,2,1,31,8
09067,2009-06-12,7,8,6,9,4,4,5,43,5
09068,2009-06-14,4,1,2,0,1,1,0,9,4
09069,2009-06-16,7,6,2,1,5,4,3,28,6
09070,2009-06-19,7,9,7,2,5,8,8,46,7
09071,2009-06-21,2,6,9,7,3,0,4,31,9
09072,2009-06-23,7,6,6,9,9,4,4,45,5
09073,2009-06-26,0,9,9,8,8,6,0,40,9
09074,2009-06-28,6,9,0,7,8,2,4,36,9
09075,2009-06-30,3,9,0,6,5,3,5,31,9
09076,2009-07-03,2,3,7,3,1,0,0,16,7
09077,2009-07-05,5,6,5,5,1,4,7,33,6
09078,2009-07-07,8,9,3,3,0,0,8,31,9
09079,2009-07-10,3,9,4,0,6,5,9,36,9
09080,2009-07-12,4,5,1,0,0,8,0,18,8
09081,2009-07-14,5,4,9,6,3,5,8,40,6
09082,2009-07-17,9,4,4,5,9,1,3,35,8
09083,2009-07-19,4,1,4,5,8,4,5,31,7
09084,2009-07-21,5,4,5,1,6,6,6,33,5
09085,2009-07-24,4,7,9,8,7,7,0,42,9
09086,2009-07-26,9,3,1,0,2,7,3,25,9
09087,2009-07-28,3,6,7,1,2,2,6,27,6
09088,2009-07-31,0,3,6,1,9,6,3,28,9
09089,2009-08-02,0,9,4,2,5,2,1,23,9
09090,2009-08-04,7,6,7,5,1,7,2,35,6
09091,2009-08-07,0,8,2,4,6,5,5,30,8
09092,2009-08-09,8,6,0,3,4,9,5,35,9
09093,2009-08-11,4,6,6,2,7,0,3,28,7
09094,2009-08-14,7,2,2,0,5,6,0,22,7
09095,2009-08-16,3,3,1,3,9,7,2,28,8
09096,2009-08-18,6,4,1,2,2,8,5,28,7
09097,2009-08-21,1,4,8,3,9,8,6,39,8
09098,2009-08-23,1,6,7,2,5,6,7,34,6
09099,2009-08-25,7,7,0,0,0,6,3,23,7
09100,2009-08-28,7,2,2,9,4,0,1,25,9
09101,2009-08-30,2,1,2,5,5,9,2,26,8
09102,2009-09-01,7,1,3,1,5,2,0,19,7
09103,2009-09-04,9,6,4,9,9,5,3,45,6
09104,2009-09-06,8,4,5,8,4,9,4,42,5
09105,2009-09-08,9,0,4,3,7,9,6,38,9
09106,2009-09-11,4,6,8,6,3,8,9,44,6
09107,2009-09-13,7,0,4,2,7,2,1,23,7
09108,2009-09-15,8,4,0,9,8,7,8,44,9
09109,2009-09-18,4,3,1,4,0,6,4,22,6
09110,2009-09-20,4,7,8,4,3,2,0,28,8
09111,2009-09-22,0,7,9,4,2,7,3,32,9
09112,2009-09-25,2,8,3,2,4,3,2,24,6
09113,2009-09-27,8,0,1,9,8,4,1,31,9
09114,2009-09-29,5,9,7,9,6,8,4,48,5
09115,2009-10-02,0,8,6,3,3,6,5,31,8
09116,2009-10-04,5,3,3,1,9,6,0,27,9
09117,2009-10-06,2,4,3,3,2,4,3,21,2
09118,2009-10-09,2,1,0,2,9,4,7,25,9
09119,2009-10-11,6,8,8,0,9,5,9,45,9
09120,2009-10-13,3,5,6,3,2,7,9,35,7
09121,2009-10-16,5,5,4,7,5,7,1,34,6
09122,2009-10-18,6,5,3,0,5,7,6,32,7
09123,2009-10-20,8,7,1,9,6,8,0,39,9
09124,2009-10-23,9,8,7,2,9,3,4,42,7
09125,2009-10-25,8,0,9,1,4,2,2,26,9
09126,2009-10-27,3,9,1,5,3,4,1,26,8
09127,2009-10-30,7,2,1,1,5,8,8,32,7
09128,2009-11-01,2,4,4,1,0,1,7,19,7
09129,2009-11-03,5,0,7,4,4,6,1,27,7
09130,2009-11-06,2,7,5,2,6,8,3,33,6
09131,2009-11-08,5,8,5,0,1,7,8,34,8
09132,2009-11-10,9,2,5,5,2,5,9,37,7
09133,2009-11-13,5,4,4,2,7,4,7,33,5
09134,2009-11-15,7,4,4,8,7,6,8,44,4
09135,2009-11-17,9,8,4,6,8,9,0,44,9
09136,2009-11-20,1,1,6,0,0,5,9,22,9
09137,2009-11-22,5,1,1,2,8,0,2,19,8
09138,2009-11-24,6,5,5,7,8,4,4,39,4
09139,2009-11-27,8,3,6,3,9,9,0,38,9
09140,2009-11-29,3,7,3,8,1,4,3,29,7
09141,2009-12-01,0,8,8,9,6,9,7,47,9
09142,2009-12-04,2,7,5,0,4,9,7,34,9
09143,2009-12-06,4,0,4,7,3,7,0,25,7
09144,2009-12-08,8,7,9,7,1,8,6,46,8
09145,2009-12-11,9,6,0,3,1,1,8,28,9
09146,2009-12-13,0,7,8,0,4,9,0,28,9
09147,2009-12-15,3,0,2,9,9,8,1,32,9
09148,2009-12-18,2,3,7,2,6,2,6,28,5
09149,2009-12-20,1,4,4,4,5,5,1,24,4
09150,2009-12-22,2,8,4,5,5,6,2,32,6
09151,2009-12-25,6,2,5,1,6,4,2,26,5
09152,2009-12-27,0,0,8,4,4,0,2,18,8
09153,2009-12-29,4,3,5,2,3,6,5,28,4
10001,2010-01-01,2,9,0,1,4,4,4,24,9
10002,2010-01-03,3,9,8,5,5,0,4,34,9
10003,2010-01-05,1,4,5,6,7,8,0,31,8
10004,2010-01-08,4,0,6,0,9,1,0,20,9
10005,2010-01-10,3,5,0,1,1,5,8,23,8
10006,2010-01-12,1,6,4,3,9,9,0,32,9
10007,2010-01-15,7,0,5,8,3,4,7,34,8
10008,2010-01-17,5,2,8,5,3,9,1,33,8
10009,2010-01-19,6,1,4,9,7,0,2,29,9
10010,2010-01-22,3,3,0,5,6,8,8,33,8
10011,2010-01-24,8,8,7,2,1,9,5,40,8
10012,2010-01-26,5,1,6,1,3,3,5,24,5
10013,2010-01-29,9,5,5,7,7,2,0,35,9
10014,2010-01-31,2,5,0,9,1,0,6,23,9
10015,2010-02-02,2,5,2,2,1,3,9,24,8
10016,2010-02-05,6,6,6,9,5,1,7,40,8
10017,2010-02-07,9,1,3,2,2,6,8,31,8
10018,2010-02-09,0,0,6,2,6,2,5,21,6
10019,2010-02-12,7,7,7,9,2,6,9,47,7
10020,2010-02-21,9,6,0,8,0,8,8,39,9
10021,2010-02-23,9,5,4,2,2,4,4,30,7
10022,2010-02-26,9,8,0,5,7,9,4,42,9
10023,2010-02-28,4,4,8,3,7,4,3,33,5
10024,2010-03-02,9,6,6,7,9,5,8,50,4
10025,2010-03-05,4,4,4,2,0,6,5,25,6
10026,2010-03-07,6,5,8,8,1,0,6,34,8
10027,2010-03-09,0,9,4,7,2,3,8,33,9
10028,2010-03-12,5,1,7,0,6,9,9,37,9
10029,2010-03-14,7,6,6,8,3,8,3,41,5
10030,2010-03-16,7,6,9,5,8,9,0,44,9
10031,2010-03-19,4,8,5,0,9,2,8,36,9
10032,2010-03-21,9,2,8,7,7,2,7,42,7
10033,2010-03-23,9,1,5,5,0,2,0,22,9
10034,2010-03-26,3,3,8,1,4,0,3,22,8
10035,2010-03-28,9,8,9,5,7,6,9,53,4
10036,2010-03-30,3,7,9,3,7,4,4,37,6
10037,2010-04-02,4,9,6,7,3,4,7,40,6
10038,2010-04-04,8,7,1,8,1,2,7,34,7
10039,2010-04-06,3,1,0,8,7,8,0,27,8
10040,2010-04-09,8,5,9,4,1,0,4,31,9
10041,2010-04-11,6,6,7,7,3,0,6,35,7
10042,2010-04-13,8,3,2,1,9,4,9,36,8
10043,2010-04-16,6,8,2,2,6,6,5,35,6
10044,2010-04-18,1,4,2,5,6,6,6,30,5
10045,2010-04-20,8,7,2,0,0,1,3,21,8
10046,2010-04-23,4,1,3,1,2,4,0,15,4
10047,2010-04-25,0,3,1,6,6,5,5,26,6
10048,2010-04-27,6,7,7,4,6,4,6,40,3
10049,2010-04-30,5,4,6,4,8,3,7,37,5
10050,2010-05-02,6,3,8,7,8,2,3,37,6
10051,2010-05-04,7,5,4,7,8,9,5,45,5
10052,2010-05-07,8,0,3,9,2,2,2,26,9
10053,2010-05-09,9,5,0,7,2,5,3,31,9
10054,2010-05-11,4,0,3,6,5,1,6,25,6
10055,2010-05-14,3,4,6,1,2,2,9,27,8
10056,2010-05-16,8,1,9,5,3,9,4,39,8
10057,2010-05-18,1,5,7,4,1,4,3,25,6
10058,2010-05-21,8,0,8,6,7,1,9,39,9
10059,2010-05-23,8,4,1,5,7,3,6,34,7
10060,2010-05-25,0,6,5,3,1,8,9,32,9
10061,2010-05-28,6,5,4,0,7,2,4,28,7
10062,2010-05-30,4,9,2,2,6,0,7,30,9
10063,2010-06-01,5,8,8,5,4,0,6,36,8
10064,2010-06-04,0,0,7,5,2,2,0,16,7
10065,2010-06-06,5,5,0,9,8,9,3,39,9
10066,2010-06-08,8,9,9,0,9,3,6,44,9
10067,2010-06-11,8,0,1,7,4,2,2,24,8
10068,2010-06-13,9,0,7,7,1,9,5,38,9
10069,2010-06-15,1,5,1,4,1,0,9,21,9
10070,2010-06-18,9,5,8,4,1,1,5,33,8
10071,2010-06-20,4,8,4,1,6,0,5,28,8
10072,2010-06-22,3,1,6,5,3,8,1,27,7
10073,2010-06-25,6,5,2,1,7,3,4,28,6
10074,2010-06-27,3,8,2,3,4,2,7,29,6
10075,2010-06-29,8,6,2,2,3,3,0,24,8
10076,2010-07-02,8,0,3,2,2,9,3,27,9
10077,2010-07-04,3,3,4,4,3,8,0,25,8
10078,2010-07-06,1,7,8,1,1,8,9,35,8
10079,2010-07-09,3,9,2,4,2,5,6,31,7
10080,2010-07-11,1,1,1,1,5,7,1,17,6
10081,2010-07-13,0,1,7,6,2,3,1,20,7
10082,2010-07-16,5,7,2,6,3,1,6,30,6
10083,2010-07-18,6,0,4,0,3,3,0,16,6
10084,2010-07-20,8,0,1,6,5,3,2,25,8
10085,2010-07-23,7,9,1,4,0,7,0,28,9
10086,2010-07-25,5,4,5,7,8,7,4,40,4
10087,2010-07-27,0,6,5,5,8,8,1,33,8
10088,2010-07-30,4,4,3,4,7,2,5,29,5
10089,2010-08-01,9,1,8,8,6,3,1,36,8
10090,2010-08-03,5,6,1,8,4,6,6,36,7
10091,2010-08-06,6,7,2,6,0,0,2,23,7
10092,2010-08-08,1,1,9,9,1,0,2,23,9
10093,2010-08-10,4,6,1,6,3,6,3,29,5
10094,2010-08-13,5,5,6,4,6,1,3,30,5
10095,2010-08-15,8,3,8,7,8,5,8,47,5
10096,2010-08-17,5,0,6,8,8,6,4,37,8
10097,2010-08-20,3,4,9,0,6,7,1,30,9
10098,2010-08-22,5,6,6,7,5,7,9,45,4
10099,2010-08-24,2,7,7,7,9,2,8,42,7
10100,2010-08-27,5,5,6,6,7,4,0,33,7
10101,2010-08-29,3,7,5,9,1,8,8,41,8
10102,2010-08-31,7,5,4,0,6,6,2,30,7
10103,2010-09-03,0,7,2,9,6,0,3,27,9
10104,2010-09-05,5,5,3,1,9,7,9,39,8
10105,2010-09-07,7,7,6,0,9,9,9,47,9
10106,2010-09-10,9,3,8,2,1,9,4,36,8
10107,2010-09-12,2,5,9,4,4,4,8,36,7
10108,2010-09-14,6,4,6,5,4,9,0,34,9
10109,2010-09-17,5,3,2,0,7,7,0,24,7
10110,2010-09-19,5,4,4,2,4,0,4,23,5
10111,2010-09-21,7,0,4,6,0,7,7,31,7
10112,2010-09-24,1,8,4,4,9,5,2,33,8
10113,2010-09-26,5,7,3,7,6,9,9,46,6
10114,2010-09-28,9,6,6,3,5,5,4,38,6
10115,2010-10-01,2,0,8,7,3,9,3,32,9
10116,2010-10-03,9,3,7,0,4,3,0,26,9
10117,2010-10-05,4,5,3,9,1,9,7,38,8
10118,2010-10-08,3,6,5,3,8,0,4,29,8
10119,2010-10-10,5,1,5,2,6,5,7,31,6
10120,2010-10-12,2,1,9,6,7,5,2,32,8
10121,2010-10-15,4,1,3,0,7,3,5,23,7
10122,2010-10-17,0,2,7,7,8,3,4,31,8
10123,2010-10-19,3,8,6,9,6,9,7,48,6
10124,2010-10-22,9,9,7,7,0,3,0,35,9
10125,2010-10-24,5,8,2,2,1,4,6,28,7
10126,2010-10-26,3,9,6,6,0,2,4,30,9
10127,2010-10-29,6,4,8,2,5,7,4,36,6
10128,2010-10-31,9,7,4,0,6,1,1,28,9
10129,2010-11-02,3,1,4,8,9,9,8,42,8
10130,2010-11-05,6,6,7,4,5,2,1,31,6
10131,2010-11-07,2,7,6,0,2,1,2,20,7
10132,2010-11-09,7,6,5,8,3,3,8,40,5
10133,2010-11-12,9,8,9,4,4,6,8,48,5
10134,2010-11-14,6,7,9,9,4,3,6,44,6
10135,2010-11-16,1,9,0,0,8,4,1,23,9
10136,2010-11-19,1,3,3,4,7,3,1,22,6
10137,2010-11-21,7,7,7,7,0,7,7,42,7
10138,2010-11-23,9,6,2,7,6,8,8,46,7
10139,2010-11-26,0,9,8,7,2,6,5,37,9
10140,2010-11-28,2,6,6,3,3,0,9,29,9
10141,2010-11-30,1,8,5,8,5,8,3,38,7
10142,2010-12-03,1,9,4,3,7,4,6,34,8
10143,2010-12-05,0,5,7,8,6,8,4,38,8
10144,2010-12-07,0,7,8,4,2,0,5,26,8
10145,2010-12-10,5,3,0,3,2,9,7,29,9
10146,2010-12-12,1,1,6,8,2,0,1,19,8
10147,2010-12-14,2,1,1,0,8,7,3,22,8
10148,2010-12-17,1,8,6,5,0,5,5,30,8
10149,2010-12-19,9,2,5,7,4,8,5,40,7
10150,2010-12-21,7,6,7,4,2,1,3,30,6
10151,2010-12-24,5,2,9,5,7,6,7,41,7
10152,2010-12-26,6,8,4,2,0,1,5,26,8
10153,2010-12-28,5,8,6,9,3,6,7,44,6
10154,2010-12-31,5,2,5,2,9,7,4,34,7
11001,2011-01-02,9,8,4,5,8,5,4,43,5
11002,2011-01-04,0,1,5,0,6,5,0,17,6
11003,2011-01-07,9,0,9,8,0,9,3,38,9
11004,2011-01-09,3,6,0,4,1,6,6,26,6
11005,2011-01-11,2,9,6,9,6,4,5,41,7
11006,2011-01-14,1,6,5,0,9,5,7,33,9
11007,2011-01-16,3,4,9,8,5,5,3,37,6
11008,2011-01-18,8,3,6,6,6,7,0,36,8
11009,2011-01-21,1,1,0,7,5,3,0,17,7
11010,2011-01-23,1,3,6,3,3,7,8,31,7
11011,2011-01-25,0,0,6,6,3,6,6,27,6
11012,2011-01-28,4,7,4,4,5,0,0,24,7
11013,2011-01-30,5,9,8,8,4,2,2,38,7
11014,2011-02-01,3,4,4,0,2,8,8,29,8
11015,2011-02-11,5,0,1,2,1,1,3,13,5
11016,2011-02-13,5,3,5,9,7,9,3,41,6
11017,2011-02-15,7,2,5,9,2,6,3,34,7
11018,2011-02-18,6,6,2,2,5,7,7,35,5
11019,2011-02-20,6,0,8,8,9,9,4,44,9
11020,2011-02-22,7,2,5,0,2,6,1,23,7
11021,2011-02-25,6,0,7,2,0,7,0,22,7
11022,2011-02-27,7,5,3,2,0,0,6,23,7
11023,2011-03-01,7,4,0,3,5,9,1,29,9
11024,2011-03-04,9,3,7,7,3,7,0,36,9
11025,2011-03-06,8,9,2,7,7,5,3,41,7
11026,2011-03-08,2,0,5,8,3,6,5,29,8
11027,2011-03-11,8,6,2,3,2,3,7,31,6
11028,2011-03-13,5,2,3,5,8,2,5,30,6
11029,2011-03-15,1,6,4,0,0,0,2,13,6
11030,2011-03-18,4,4,5,2,9,3,3,30,7
11031,2011-03-20,7,6,4,1,7,3,5,33,6
11032,2011-03-22,2,0,8,1,6,3,2,22,8
11033,2011-03-25,2,0,5,2,5,3,6,23,6
11034,2011-03-27,6,4,9,8,9,6,2,44,7
11035,2011-03-29,2,7,4,8,7,7,2,37,6
11036,2011-04-01,3,6,8,4,6,2,7,36,6
11037,2011-04-03,8,5,5,6,9,4,6,43,5
11038,2011-04-05,0,1,2,4,7,4,5,23,7
11039,2011-04-08,9,6,2,7,7,3,1,35,8
11040,2011-04-10,3,8,8,8,7,5,7,46,5
11041,2011-04-12,6,6,6,9,3,6,6,42,6
11042,2011-04-15,4,7,6,1,3,6,2,29,6
11043,2011-04-17,6,6,8,9,7,2,0,38,9
11044,2011-04-19,6,6,3,5,8,4,6,38,5
11045,2011-04-22,0,8,8,9,3,9,9,46,9
11046,2011-04-24,1,1,6,3,8,4,7,30,7
11047,2011-04-26,7,9,1,2,2,9,5,35,8
11048,2011-04-29,0,0,5,7,6,8,9,35,9
11049,2011-05-01,1,4,5,8,1,8,9,36,8
11050,2011-05-03,2,1,9,3,5,6,0,26,9
11051,2011-05-06,3,2,7,7,4,0,1,24,7
11052,2011-05-08,7,7,0,8,5,3,3,33,8
11053,2011-05-10,6,2,4,4,6,9,2,33,7
11054,2011-05-13,9,4,0,9,3,4,3,32,9
11055,2011-05-15,7,5,8,0,8,1,2,31,8
11056,2011-05-17,9,4,5,6,5,0,5,34,9
11057,2011-05-20,5,1,8,8,5,1,6,34,7
11058,2011-05-22,4,3,5,9,0,1,2,24,9
11059,2011-05-24,4,4,2,0,5,7,2,24,7
11060,2011-05-27,8,4,5,4,8,2,0,31,8
11061,2011-05-29,0,8,4,2,2,7,4,27,8
11062,2011-05-31,3,4,3,6,2,8,4,30,6
11063,2011-06-03,7,7,4,1,5,8,1,33,7
11064,2011-06-05,7,3,4,8,3,4,4,33,5
11065,2011-06-07,0,0,0,9,9,2,1,21,9
11066,2011-06-10,8,1,3,5,1,8,1,27,7
11067,2011-06-12,7,3,7,3,0,8,8,36,8
11068,2011-06-14,2,5,2,5,7,1,5,27,6
11069,2011-06-17,9,2,4,7,9,5,2,38,7
11070,2011-06-19,4,0,0,3,0,2,0,9,4
11071,2011-06-21,6,2,3,8,5,4,4,32,6
11072,2011-06-24,3,7,1,4,1,4,6,26,6
11073,2011-06-26,9,7,1,0,8,4,5,34,9
11074,2011-06-28,0,8,1,9,0,5,6,29,9
11075,2011-07-01,7,1,9,1,3,1,2,24,8
11076,2011-07-03,3,5,2,7,0,4,1,22,7
11077,2011-07-05,4,6,9,4,2,3,7,35,7
11078,2011-07-08,5,8,6,5,6,2,5,37,6
11079,2011-07-10,3,8,2,9,7,1,5,35,8
11080,2011-07-12,2,5,7,9,5,5,0,33,9
11081,2011-07-15,2,3,7,3,7,4,6,32,5
11082,2011-07-17,1,4,0,2,9,0,7,23,9
11083,2011-07-19,3,6,0,7,4,9,0,29,9
11084,2011-07-22,3,5,4,8,2,7,8,37,6
11085,2011-07-24,5,9,5,7,5,4,0,35,9
11086,2011-07-26,0,1,5,1,8,7,3,25,8
11087,2011-07-29,3,2,5,7,1,1,4,23,6
11088,2011-07-31,0,1,8,3,6,8,9,35,9
11089,2011-08-02,4,5,8,0,0,6,7,30,8
11090,2011-08-05,3,9,0,1,3,6,1,23,9
11091,2011-08-07,7,3,1,4,8,6,9,38,8
11092,2011-08-09,4,1,6,4,2,5,7,29,6
11093,2011-08-12,9,5,9,2,4,5,3,37,7
11094,2011-08-14,8,9,6,0,7,9,5,44,9
11095,2011-08-16,4,4,2,0,5,9,1,25,9
11096,2011-08-19,8,9,9,8,3,8,2,47,7
11097,2011-08-21,1,5,2,6,5,8,7,34,7
11098,2011-08-23,0,0,9,5,6,0,3,23,9
11099,2011-08-26,1,1,0,7,4,7,5,25,7
11100,2011-08-28,9,7,6,7,7,1,1,38,8
11101,2011-08-30,6,0,1,2,9,5,6,29,9
11102,2011-09-02,4,3,5,4,1,1,0,18,5
11103,2011-09-04,2,8,4,9,2,9,6,40,7
11104,2011-09-06,1,1,4,9,1,3,2,21,8
11105,2011-09-09,5,7,2,7,1,7,2,31,6
11106,2011-09-11,5,3,3,6,6,9,6,38,6
11107,2011-09-13,4,5,4,3,3,9,8,36,6
11108,2011-09-16,4,2,6,1,7,2,6,28,6
11109,2011-09-18,0,2,0,9,8,3,7,29,9
11110,2011-09-20,8,7,4,1,5,9,1,35,8
11111,2011-09-23,6,6,1,5,7,0,1,26,7
11112,2011-09-25,5,4,1,3,9,2,5,29,8
11113,2011-09-27,6,2,2,7,8,7,8,40,6
11114,2011-09-30,5,9,7,1,5,4,5,36,8
11115,2011-10-02,2,1,3,1,5,3,5,20,4
11116,2011-10-04,0,0,2,5,1,7,9,24,9
11117,2011-10-07,1,1,7,4,8,2,7,30,7
11118,2011-10-09,7,4,3,0,6,9,4,33,9
11119,2011-10-11,5,9,1,0,5,4,7,31,9
11120,2011-10-14,4,3,2,8,3,2,7,29,6
11121,2011-10-16,9,2,1,5,4,7,1,29,8
11122,2011-10-18,2,1,5,6,0,6,0,20,6
11123,2011-10-21,9,8,5,1,3,2,4,32,8
11124,2011-10-23,8,2,3,4,9,4,3,33,7
11125,2011-10-25,1,5,2,2,1,6,6,23,5
11126,2011-10-28,9,1,8,3,8,6,1,36,8
11127,2011-10-30,4,0,7,0,3,7,7,28,7
11128,2011-11-01,0,6,8,5,0,0,8,27,8
11129,2011-11-04,6,8,2,5,9,8,9,47,7
11130,2011-11-06,6,4,1,7,7,8,6,39,7
11131,2011-11-08,0,2,0,4,9,7,2,24,9
11132,2011-11-11,9,6,6,3,3,6,3,36,6
11133,2011-11-13,7,2,5,2,1,5,6,28,6
11134,2011-11-15,7,9,6,0,3,5,3,33,9
11135,2011-11-18,2,1,5,2,6,1,3,20,5
11136,2011-11-20,4,2,6,0,2,8,2,24,8
11137,2011-11-22,9,0,1,2,9,8,7,36,9
11138,2011-11-25,7,4,2,7,0,8,8,36,8
11139,2011-11-27,6,6,3,6,2,4,4,31,4
11140,2011-11-29,1,9,5,8,7,2,5,37,8
11141,2011-12-02,1,2,9,2,0,5,9,28,9
11142,2011-12-04,6,5,7,2,6,5,3,34,5
11143,2011-12-06,3,6,3,5,6,4,4,31,3
11144,2011-12-09,4,8,3,1,9,0,5,30,9
11145,2011-12-11,2,6,7,5,7,0,6,33,7
11146,2011-12-13,6,9,3,9,4,0,2,33,9
11147,2011-12-16,0,0,5,4,3,2,2,16,5
11148,2011-12-18,5,5,4,4,2,0,7,27,7
11149,2011-12-20,7,0,7,7,5,2,1,29,7
11150,2011-12-23,1,5,2,5,8,9,2,32,8
11151,2011-12-25,4,1,5,8,3,6,1,28,7
11152,2011-12-27,9,3,1,9,6,7,4,39,8
11153,2011-12-30,4,0,9,2,5,0,2,22,9
12001,2012-01-01,5,0,6,0,9,9,8,37,9
12002,2012-01-03,6,9,7,3,5,8,3,41,6
12003,2012-01-06,0,5,2,7,3,1,4,22,7
12004,2012-01-08,4,4,3,3,6,1,2,23,5
12005,2012-01-10,6,8,5,7,0,7,6,39,8
12006,2012-01-13,8,0,7,9,4,9,5,42,9
12007,2012-01-15,8,2,5,0,9,0,4,28,9
12008,2012-01-17,9,0,6,7,7,3,8,40,9
12009,2012-01-20,7,8,0,7,9,0,9,40,9
12010,2012-01-29,0,0,6,4,5,4,0,19,6
12011,2012-01-31,2,5,6,2,7,6,1,29,6
12012,2012-02-03,1,1,8,1,8,4,0,23,8
12013,2012-02-05,1,0,1,1,0,6,7,16,7
12014,2012-02-07,3,4,6,5,1,6,0,25,6
12015,2012-02-10,5,4,7,5,7,3,2,33,5
12016,2012-02-12,5,2,5,7,1,4,5,29,6
12017,2012-02-14,2,3,5,0,4,5,8,27,8
12018,2012-02-17,8,3,3,6,5,1,3,29,7
12019,2012-02-19,8,1,2,8,1,3,9,32,8
12020,2012-02-21,7,3,6,1,5,7,4,33,6
12021,2012-02-24,1,0,5,2,3,2,3,16,5
12022,2012-02-26,9,6,4,3,2,9,8,41,7
12023,2012-02-28,9,3,8,9,0,6,5,40,9
12024,2012-03-02,5,2,1,5,3,8,5,29,7
12025,2012-03-04,5,5,9,2,9,0,0,30,9
12026,2012-03-06,8,0,5,9,8,1,5,36,9
12027,2012-03-09,1,2,6,3,8,8,9,37,8
12028,2012-03-11,5,4,8,9,7,2,4,39,7
12029,2012-03-13,5,7,6,0,1,1,9,29,9
12030,2012-03-16,2,1,2,0,4,3,3,15,4
12031,2012-03-18,1,6,3,8,4,7,0,29,8
12032,2012-03-20,0,7,6,7,7,1,2,30,7
12033,2012-03-23,0,7,7,3,8,2,7,34,8
12034,2012-03-25,3,1,3,2,7,4,1,21,6
12035,2012-03-27,1,0,2,2,3,6,4,18,6
12036,2012-03-30,0,9,3,2,2,8,1,25,9
12037,2012-04-01,7,7,4,7,7,6,1,39,6
12038,2012-04-03,6,0,0,1,4,9,9,29,9
12039,2012-04-06,4,4,6,5,9,0,3,31,9
12040,2012-04-08,5,2,2,1,1,9,3,23,8
12041,2012-04-10,0,4,5,6,6,0,8,29,8
12042,2012-04-13,0,7,1,4,2,6,2,22,7
12043,2012-04-15,0,2,1,7,3,9,9,31,9
12044,2012-04-17,4,3,7,7,3,8,7,39,5
12045,2012-04-20,5,8,8,2,7,1,3,34,7
12046,2012-04-22,4,8,2,6,8,2,7,37,6
12047,2012-04-24,8,7,4,6,8,3,4,40,5
12048,2012-04-27,3,9,5,4,2,7,1,31,8
12049,2012-04-29,6,8,5,6,3,1,6,35,7
12050,2012-05-01,9,7,7,1,0,0,6,30,9
12051,2012-05-04,8,8,1,6,7,9,9,48,8
12052,2012-05-06,5,1,2,0,3,5,4,20,5
12053,2012-05-08,9,6,6,1,5,0,0,27,9
12054,2012-05-11,2,0,7,2,2,5,5,23,7
12055,2012-05-13,7,7,5,1,3,4,4,31,6
12056,2012-05-15,0,1,7,9,5,3,7,32,9
12057,2012-05-18,9,8,8,7,2,1,2,37,8
12058,2012-05-20,7,8,2,0,7,6,9,39,9
12059,2012-05-22,0,4,1,1,0,8,8,22,8
12060,2012-05-25,3,0,4,4,4,7,0,22,7
12061,2012-05-27,7,1,6,8,6,9,8,45,8
12062,2012-05-29,9,2,0,4,2,0,5,22,9
12063,2012-06-01,7,0,3,7,5,3,1,26,7
12064,2012-06-03,6,9,3,5,5,6,5,39,6
12065,2012-06-05,4,2,3,7,5,8,0,29,8
12066,2012-06-08,1,5,2,5,0,2,3,18,5
12067,2012-06-10,4,8,8,6,5,5,8,44,4
12068,2012-06-12,5,8,7,7,2,1,0,30,8
12069,2012-06-15,7,7,2,5,1,8,5,35,7
12070,2012-06-17,8,8,9,8,0,9,4,46,9
12071,2012-06-19,0,6,6,8,6,8,8,42,8
12072,2012-06-22,5,1,1,9,7,8,0,31,9
12073,2012-06-24,1,5,7,6,9,5,0,33,9
12074,2012-06-26,5,3,0,7,2,7,5,29,7
12075,2012-06-29,7,3,4,9,3,8,3,37,6
12076,2012-07-01,5,4,9,2,2,9,3,34,7
12077,2012-07-03,7,4,1,9,0,2,9,32,9
12078,2012-07-06,6,9,2,0,3,9,2,31,9
12079,2012-07-08,3,5,9,4,6,4,8,39,6
12080,2012-07-10,1,1,2,7,4,3,4,22,6
12081,2012-07-13,2,3,8,8,7,1,0,29,8
12082,2012-07-15,5,2,7,9,1,6,3,33,8
12083,2012-07-17,2,1,4,8,2,9,5,31,8
12084,2012-07-20,3,1,3,0,9,9,2,27,9
12085,2012-07-22,4,6,9,2,1,6,0,28,9
12086,2012-07-24,9,2,0,7,9,3,8,38,9
12087,2012-07-27,9,3,0,2,4,9,1,28,9
12088,2012-07-29,8,4,6,3,8,0,2,31,8
12089,2012-07-31,1,5,7,1,1,4,9,28,8
12090,2012-08-03,7,6,2,1,1,6,1,24,6
12091,2012-08-05,2,4,4,2,9,3,6,30,7
12092,2012-08-07,4,9,7,3,6,4,7,40,6
12093,2012-08-10,6,2,6,1,8,9,1,33,8
12094,2012-08-12,0,6,7,4,8,6,3,34,8
12095,2012-08-14,6,3,0,4,7,5,3,28,7
12096,2012-08-17,3,6,2,6,2,5,7,31,5
12097,2012-08-19,2,7,1,5,0,4,9,28,9
12098,2012-08-21,5,4,8,8,5,9,6,45,5
12099,2012-08-24,7,1,0,0,5,2,5,20,7
12100,2012-08-26,7,0,5,2,9,2,4,29,9
12101,2012-08-28,3,4,6,2,1,1,5,22,5
12102,2012-08-31,8,7,6,6,3,5,8,43,5
12103,2012-09-02,2,9,9,9,3,3,5,40,7
12104,2012-09-04,5,7,0,0,3,9,5,29,9
12105,2012-09-07,4,8,5,5,6,0,5,33,8
12106,2012-09-09,8,5,3,2,2,3,0,23,8
12107,2012-09-11,1,1,8,1,4,7,0,22,8
12108,2012-09-14,6,1,1,8,0,5,3,24,8
12109,2012-09-16,5,1,6,3,9,5,5,34,8
12110,2012-09-18,6,2,3,9,5,5,3,33,7
12111,2012-09-21,5,8,4,7,9,9,0,42,9
12112,2012-09-23,8,3,7,9,5,3,7,42,6
12113,2012-09-25,2,1,2,6,0,3,5,19,6
12114,2012-09-28,1,0,0,4,6,1,4,16,6
12115,2012-09-30,9,7,0,1,3,9,1,30,9
12116,2012-10-02,8,3,6,1,2,1,2,23,7
12117,2012-10-05,4,2,6,3,7,2,8,32,6
12118,2012-10-07,2,6,9,5,6,9,2,39,7
12119,2012-10-09,9,3,9,9,5,4,0,39,9
12120,2012-10-12,2,6,9,2,3,8,5,35,7
12121,2012-10-14,0,1,8,7,5,3,5,29,8
12122,2012-10-16,0,2,2,8,7,1,0,20,8
12123,2012-10-19,0,9,6,1,4,4,1,25,9
12124,2012-10-21,3,9,6,1,4,4,8,35,8
12125,2012-10-23,2,8,4,8,3,5,9,39,7
12126,2012-10-26,1,7,8,4,9,8,3,40,8
12127,2012-10-28,8,0,2,8,4,5,2,29,8
12128,2012-10-30,4,4,8,4,6,8,2,36,6
12129,2012-11-02,6,2,1,8,0,5,9,31,9
12130,2012-11-04,9,6,6,9,2,5,7,44,7
12131,2012-11-06,6,0,1,2,1,5,1,16,6
12132,2012-11-09,1,4,4,0,3,4,8,24,8
12133,2012-11-11,1,7,4,6,1,8,0,27,8
12134,2012-11-13,4,2,8,2,9,3,0,28,9
12135,2012-11-16,8,6,3,5,3,5,4,34,5
12136,2012-11-18,4,9,2,7,8,6,2,38,7
12137,2012-11-20,5,4,6,0,7,8,7,37,8
12138,2012-11-23,9,0,0,8,1,5,2,25,9
12139,2012-11-25,6,3,6,2,0,0,5,22,6
12140,2012-11-27,2,5,1,8,1,5,0,22,8
12141,2012-11-30,1,7,8,5,9,0,7,37,9
12142,2012-12-02,0,9,8,3,2,2,2,26,9
12143,2012-12-04,4,9,9,1,2,5,7,37,8
12144,2012-12-07,0,3,9,0,6,0,1,19,9
12145,2012-12-09,9,1,4,0,6,7,8,35,9
12146,2012-12-11,9,1,1,7,2,7,3,30,8
12147,2012-12-14,4,9,4,9,0,0,7,33,9
12148,2012-12-16,0,6,7,7,2,1,5,28,7
12149,2012-12-18,0,9,5,5,3,3,8,33,9
12150,2012-12-21,9,2,4,0,2,0,6,23,9
12151,2012-12-23,4,8,1,8,3,3,8,35,7
12152,2012-12-25,1,5,7,8,3,6,6,36,7
12153,2012-12-28,4,7,4,1,0,0,5,21,7
12154,2012-12-30,9,7,1,2,3,4,2,28,8
13001,2013-01-01,3,5,1,1,9,3,3,25,8
13002,2013-01-04,0,1,7,5,5,3,4,25,7
13003,2013-01-06,8,0,0,7,1,2,6,24,8
13004,2013-01-08,7,4,4,0,5,1,8,29,8
13005,2013-01-11,2,5,3,4,5,7,7,33,5
13006,2013-01-13,1,8,3,8,2,7,4,33,7
13007,2013-01-15,6,6,1,5,2,1,5,26,5
13008,2013-01-18,4,4,8,8,0,3,7,34,8
13009,2013-01-20,3,1,6,0,3,5,9,27,9
13010,2013-01-22,8,6,7,2,7,7,1,38,7
13011,2013-01-25,8,4,0,5,5,0,7,29,8
13012,2013-01-27,1,0,5,3,4,6,2,21,6
13013,2013-01-29,6,5,8,1,1,3,0,24,8
13014,2013-02-01,9,3,4,1,5,4,5,31,8
13015,2013-02-03,3,3,6,6,7,6,4,35,4
13016,2013-02-05,2,0,6,5,9,2,8,32,9
13017,2013-02-08,7,9,2,9,4,9,3,43,7
13018,2013-02-17,9,2,8,1,5,7,1,33,8
13019,2013-02-19,9,9,5,7,7,2,4,43,7
13020,2013-02-22,5,3,5,3,9,4,6,35,6
13021,2013-02-24,4,1,1,0,3,8,8,25,8
13022,2013-02-26,8,0,5,3,7,9,2,34,9
13023,2013-03-01,4,1,0,7,7,4,9,32,9
13024,2013-03-03,8,9,2,6,3,6,1,35,8
13025,2013-03-05,9,7,0,8,9,9,6,48,9
13026,2013-03-08,0,0,4,2,7,7,5,25,7
13027,2013-03-10,1,3,8,0,8,7,1,28,8
13028,2013-03-12,9,6,6,8,6,4,6,45,5
13029,2013-03-15,9,2,4,5,8,8,8,44,7
13030,2013-03-17,4,7,7,7,2,1,6,34,6
13031,2013-03-19,2,7,4,9,3,7,5,37,7
13032,2013-03-22,6,9,4,7,4,2,3,35,7
13033,2013-03-24,5,1,0,2,0,9,3,20,9
13034,2013-03-26,6,6,8,8,4,5,9,46,5
13035,2013-03-29,2,7,1,3,0,3,7,23,7
13036,2013-03-31,8,7,3,0,1,0,1,20,8
13037,2013-04-02,9,8,9,7,1,9,8,51,8
13038,2013-04-05,9,9,4,4,5,5,8,44,5
13039,2013-04-07,7,4,8,7,2,9,5,42,7
13040,2013-04-09,8,1,1,9,3,4,9,35,8
13041,2013-04-12,7,3,1,9,4,4,8,36,8
13042,2013-04-14,9,8,9,1,5,3,9,44,8
13043,2013-04-16,5,4,6,1,1,3,6,26,5
13044,2013-04-19,1,4,1,4,1,4,8,23,7
13045,2013-04-21,8,7,0,0,3,9,3,30,9
13046,2013-04-23,5,2,2,4,5,9,6,33,7
13047,2013-04-26,8,9,7,2,6,4,7,43,7
13048,2013-04-28,3,6,4,5,9,4,1,32,8
13049,2013-04-30,1,1,3,3,9,3,6,26,8
13050,2013-05-03,9,2,5,4,0,8,1,29,9
13051,2013-05-05,9,8,9,0,2,0,4,32,9
13052,2013-05-07,1,0,8,2,4,7,0,22,8
13053,2013-05-10,1,5,5,8,1,8,9,37,8
13054,2013-05-12,3,5,8,9,0,0,7,32,9
13055,2013-05-14,3,5,3,9,6,8,9,43,6
13056,2013-05-17,2,9,1,9,6,3,5,35,8
13057,2013-05-19,7,0,5,7,4,4,2,29,7
13058,2013-05-21,7,6,4,5,2,2,5,31,5
13059,2013-05-24,7,6,9,7,2,8,5,44,7
13060,2013-05-26,0,0,2,4,0,0,6,12,6
13061,2013-05-28,7,8,9,1,3,8,3,39,8
13062,2013-05-31,7,4,2,2,9,1,2,27,8
13063,2013-06-02,0,6,9,3,4,1,5,28,9
13064,2013-06-04,7,2,9,8,7,0,6,39,9
13065,2013-06-07,5,8,4,1,4,4,6,32,7
13066,2013-06-09,0,2,6,6,8,8,1,31,8
13067,2013-06-11,0,5,4,3,7,7,0,26,7
13068,2013-06-14,5,4,5,2,8,9,3,36,7
13069,2013-06-16,3,6,1,1,0,0,8,19,8
13070,2013-06-18,9,5,2,0,3,9,3,31,9
13071,2013-06-21,4,5,9,4,7,7,1,37,8
13072,2013-06-23,2,0,8,8,6,3,5,32,8
13073,2013-06-25,8,8,6,6,0,7,8,43,8
13074,2013-06-28,2,0,4,0,2,8,8,24,8
13075,2013-06-30,9,5,6,8,4,3,3,38,6
13076,2013-07-02,5,2,0,9,5,0,1,22,9
13077,2013-07-05,7,9,1,5,5,4,4,35,8
13078,2013-07-07,7,1,6,5,2,4,8,33,7
13079,2013-07-09,1,7,8,9,2,6,5,38,8
13080,2013-07-12,2,8,1,4,2,6,8,31,7
13081,2013-07-14,4,6,0,5,5,5,5,30,6
13082,2013-07-16,6,0,8,0,1,4,8,27,8
13083,2013-07-19,7,7,4,6,8,5,5,42,4
13084,2013-07-21,1,9,3,5,2,3,3,26,8
13085,2013-07-23,4,6,6,1,4,3,1,25,5
13086,2013-07-26,1,9,7,0,9,8,3,37,9
13087,2013-07-28,3,0,2,2,3,9,6,25,9
13088,2013-07-30,9,3,2,9,8,4,0,35,9
13089,2013-08-02,7,7,6,1,3,2,2,28,6
13090,2013-08-04,3,2,3,7,1,0,1,17,7
13091,2013-08-06,3,7,4,6,1,9,2,32,8
13092,2013-08-09,5,7,4,8,0,4,5,33,8
13093,2013-08-11,8,9,4,8,2,6,2,39,7
13094,2013-08-13,2,2,0,9,8,6,1,28,9
13095,2013-08-16,4,2,9,4,2,8,0,29,9
13096,2013-08-18,2,6,2,5,2,6,0,23,6
13097,2013-08-20,4,7,8,4,7,8,7,45,4
13098,2013-08-23,1,7,2,8,4,0,1,23,8
13099,2013-08-25,0,5,9,6,7,7,6,40,9
13100,2013-08-27,9,8,4,1,6,2,0,30,9
13101,2013-08-30,5,9,1,3,5,0,2,25,9
13102,2013-09-01,6,2,0,0,7,1,4,20,7
13103,2013-09-03,3,5,6,4,4,0,7,29,7
13104,2013-09-06,1,4,3,8,8,6,4,34,7
13105,2013-09-08,6,3,7,4,8,6,2,36,6
13106,2013-09-10,8,2,1,6,8,1,7,33,7
13107,2013-09-13,9,1,8,5,6,5,4,38,8
13108,2013-09-15,1,9,5,9,6,2,4,36,8
13109,2013-09-17,2,8,7,6,5,7,8,43,6
13110,2013-09-20,4,0,9,8,2,5,2,30,9
13111,2013-09-22,8,5,9,5,7,3,3,40,6
13112,2013-09-24,6,3,0,7,3,1,8,28,8
13113,2013-09-27,4,1,4,5,6,5,1,26,5
13114,2013-09-29,0,7,3,7,1,4,8,30,8
13115,2013-10-01,7,5,4,7,4,1,2,30,6
13116,2013-10-04,8,8,6,4,8,6,8,48,4
13117,2013-10-06,7,0,1,8,9,0,6,31,9
13118,2013-10-08,7,5,5,2,2,7,2,30,5
13119,2013-10-11,5,1,2,3,6,4,1,22,5
13120,2013-10-13,6,2,8,7,9,2,5,39,7
13121,2013-10-15,6,5,1,4,6,3,5,30,5
13122,2013-10-18,8,0,9,7,4,2,3,33,9
13123,2013-10-20,9,1,6,2,2,5,1,26,8
13124,2013-10-22,9,9,9,5,1,6,9,48,8
13125,2013-10-25,2,1,2,3,0,7,1,16,7
13126,2013-10-27,5,7,6,7,1,4,9,39,8
13127,2013-10-29,3,9,2,0,1,5,9,29,9
13128,2013-11-01,0,3,3,7,3,4,5,25,7
13129,2013-11-03,3,9,2,6,5,5,8,38,7
13130,2013-11-05,9,3,3,4,8,3,4,34,6
13131,2013-11-08,8,8,1,6,9,9,6,47,8
13132,2013-11-10,5,8,3,8,2,9,0,35,9
13133,2013-11-12,5,5,1,2,3,8,9,33,8
13134,2013-11-15,6,1,7,3,1,8,5,31,7
13135,2013-11-17,8,4,8,4,0,1,9,34,9
13136,2013-11-19,2,3,5,6,8,9,5,38,7
13137,2013-11-22,4,0,5,7,8,3,1,28,8
13138,2013-11-24,9,1,4,8,4,3,0,29,9
13139,2013-11-26,2,2,3,8,5,3,2,25,6
13140,2013-11-29,4,3,3,9,4,7,5,35,6
13141,2013-12-01,8,2,0,7,4,6,7,34,8
13142,2013-12-03,8,1,3,7,2,5,2,28,7
13143,2013-12-06,5,1,0,7,8,0,7,28,8
13144,2013-12-08,2,0,0,6,0,4,9,21,9
13145,2013-12-10,5,4,3,1,8,8,5,34,7
13146,2013-12-13,2,1,1,2,9,9,8,32,8
13147,2013-12-15,9,3,3,2,6,1,7,31,8
13148,2013-12-17,3,5,8,8,8,6,6,44,5
13149,2013-12-20,4,6,2,0,4,2,4,22,6
13150,2013-12-22,8,3,8,6,6,2,6,39,6
13151,2013-12-24,1,3,8,5,4,7,5,33,7
13152,2013-12-27,9,8,1,0,1,6,8,33,9
13153,2013-12-29,1,4,2,0,7,3,1,18,7
13154,2013-12-31,5,2,2,9,3,8,0,29,9
14001,2014-01-03,8,5,8,4,5,3,1,34,7
14002,2014-01-05,7,4,6,8,8,9,4,46,5
14003,2014-01-07,4,9,5,6,1,7,5,37,8
14004,2014-01-10,6,9,4,2,1,9,5,36,8
14005,2014-01-12,4,2,5,9,2,6,4,32,7
14006,2014-01-14,1,7,1,2,0,5,6,22,7
14007,2014-01-17,9,9,4,5,7,6,2,42,7
14008,2014-01-19,1,9,5,7,4,2,5,33,8
14009,2014-01-21,7,9,1,2,0,9,6,34,9
14010,2014-01-24,5,4,2,1,2,1,2,17,4
14011,2014-01-26,6,0,6,0,2,6,5,25,6
14012,2014-01-28,7,7,5,3,5,1,0,28,7
14013,2014-02-07,2,3,8,3,5,6,3,30,6
14014,2014-02-09,9,5,0,6,7,7,6,40,9
14015,2014-02-11,1,5,8,3,6,3,1,27,7
14016,2014-02-14,6,8,7,8,8,8,3,48,5
14017,2014-02-16,8,1,8,6,1,9,6,39,8
14018,2014-02-18,9,7,6,3,0,1,4,30,9
14019,2014-02-21,1,3,6,0,1,4,5,20,6
14020,2014-02-23,8,0,7,5,4,2,5,31,8
14021,2014-02-25,2,0,8,9,7,3,8,37,9
14022,2014-02-28,3,3,9,3,4,2,6,30,7
14023,2014-03-02,5,5,6,1,3,5,7,32,6
14024,2014-03-04,7,2,1,3,2,0,8,23,8
14025,2014-03-07,6,6,3,6,4,2,8,35,6
14026,2014-03-09,8,8,6,9,0,8,8,47,9
14027,2014-03-11,5,0,6,5,4,8,6,34,8
14028,2014-03-14,8,0,7,9,4,0,1,29,9
14029,2014-03-16,4,0,6,6,3,6,0,25,6
14030,2014-03-18,3,8,2,1,0,1,7,22,8
14031,2014-03-21,4,8,8,2,9,1,8,40,8
14032,2014-03-23,4,7,3,8,0,5,0,27,8
14033,2014-03-25,3,0,6,3,8,1,1,22,8
14034,2014-03-28,4,5,6,3,8,4,0,30,8
14035,2014-03-30,3,7,4,5,4,8,2,33,6
14036,2014-04-01,9,3,8,3,5,2,6,36,7
14037,2014-04-04,1,2,6,4,2,0,7,22,7
14038,2014-04-06,0,8,1,3,8,1,2,23,8
14039,2014-04-08,3,7,3,4,6,0,6,29,7
14040,2014-04-11,5,8,9,7,6,4,3,42,6
14041,2014-04-13,9,9,0,2,5,0,3,28,9
14042,2014-04-15,6,8,2,8,8,4,3,39,6
14043,2014-04-18,7,9,0,0,6,2,4,28,9
14044,2014-04-20,0,1,0,3,6,3,8,21,8
14045,2014-04-22,9,0,2,9,1,5,3,29,9
14046,2014-04-25,9,7,8,6,7,7,7,51,3
14047,2014-04-27,4,5,2,5,1,9,2,28,8
14048,2014-04-29,4,6,1,9,2,8,8,38,8
14049,2014-05-02,6,3,1,5,0,8,9,32,9
14050,2014-05-04,0,9,0,7,9,4,1,30,9
14051,2014-05-06,9,8,8,8,5,0,0,38,9
14052,2014-05-09,3,1,0,3,2,3,6,18,6
14053,2014-05-11,2,8,8,7,6,8,8,47,6
14054,2014-05-13,0,8,5,4,7,0,2,26,8
14055,2014-05-16,5,8,8,0,3,1,7,32,8
14056,2014-05-18,5,9,1,1,4,1,6,27,8
14057,2014-05-20,9,6,5,4,4,4,2,34,7
14058,2014-05-23,7,1,2,8,6,7,4,35,7
14059,2014-05-25,5,1,0,7,1,3,8,25,8
14060,2014-05-27,1,5,9,5,2,1,7,30,8
14061,2014-05-30,9,9,1,1,7,2,4,33,8
14062,2014-06-01,1,3,4,2,3,4,0,17,4
14063,2014-06-03,5,8,8,6,2,3,4,36,6
14064,2014-06-06,6,3,5,1,9,1,2,27,8
14065,2014-06-08,9,0,3,8,2,1,4,27,9
14066,2014-06-10,9,5,7,9,3,4,8,45,6
14067,2014-06-13,0,4,6,9,3,2,2,26,9
14068,2014-06-15,9,0,2,5,9,2,2,29,9
14069,2014-06-17,9,8,2,5,0,0,6,30,9
14070,2014-06-20,4,9,5,0,4,6,3,31,9
14071,2014-06-22,0,6,1,7,9,2,1,26,9
14072,2014-06-24,8,7,5,6,9,2,2,39,7
14073,2014-06-27,0,2,7,8,0,7,7,31,8
14074,2014-06-29,9,5,9,7,7,7,9,53,4
14075,2014-07-01,5,5,0,5,0,2,8,25,8
14076,2014-07-04,2,9,5,2,4,7,4,33,7
14077,2014-07-06,5,1,6,4,8,8,8,40,7
14078,2014-07-08,1,7,5,3,3,9,1,29,8
14079,2014-07-11,6,0,1,8,1,1,3,20,8
14080,2014-07-13,6,3,2,2,5,9,2,29,7
14081,2014-07-15,2,4,4,8,9,3,1,31,8
14082,2014-07-18,7,2,5,1,3,7,7,32,6
14083,2014-07-20,2,6,5,9,8,5,5,40,7
14084,2014-07-22,6,5,8,6,7,7,3,42,5
14085,2014-07-25,9,1,4,7,7,4,3,35,8
14086,2014-07-27,4,6,8,4,9,0,9,40,9
14087,2014-07-29,1,1,8,9,1,0,1,21,9
14088,2014-08-01,5,3,4,0,5,7,8,32,8
14089,2014-08-03,1,3,9,9,5,8,2,37,8
14090,2014-08-05,4,8,7,6,3,5,7,40,5
14091,2014-08-08,0,0,4,5,8,2,2,21,8
14092,2014-08-10,6,1,1,6,0,7,7,28,7
14093,2014-08-12,6,8,7,1,4,1,6,33,7
14094,2014-08-15,2,8,3,9,9,5,3,39,7
14095,2014-08-17,6,6,5,8,8,9,6,48,4
14096,2014-08-19,8,7,1,6,1,0,3,26,8
14097,2014-08-22,0,9,1,7,1,2,6,26,9
14098,2014-08-24,8,6,9,0,3,5,5,36,9
14099,2014-08-26,3,1,1,7,9,6,1,28,8
14100,2014-08-29,2,5,5,4,4,0,7,27,7
14101,2014-08-31,1,7,8,9,1,2,1,29,8
14102,2014-09-02,9,7,9,6,3,9,7,50,6
14103,2014-09-05,2,9,3,7,5,8,7,41,7
14104,2014-09-07,7,3,5,0,1,9,6,31,9
14105,2014-09-09,8,7,6,6,5,8,9,49,4
14106,2014-09-12,2,2,2,7,7,3,7,30,5
14107,2014-09-14,4,2,1,6,6,5,1,25,5
14108,2014-09-16,1,6,3,7,0,4,1,22,7
14109,2014-09-19,3,6,9,6,0,2,9,35,9
14110,2014-09-21,7,0,5,0,2,1,6,21,7
14111,2014-09-23,6,0,4,8,3,2,4,27,8
14112,2014-09-26,9,2,7,4,8,1,7,38,8
14113,2014-09-28,8,2,0,9,0,2,1,22,9
14114,2014-09-30,5,4,4,4,8,6,0,31,8
14115,2014-10-03,8,6,4,3,4,2,8,35,6
14116,2014-10-05,1,7,5,2,0,3,3,21,7
14117,2014-10-07,6,2,2,6,4,3,4,27,4
14118,2014-10-10,1,8,8,8,5,9,7,46,8
14119,2014-10-12,9,1,8,3,1,9,5,36,8
14120,2014-10-14,2,5,6,6,8,8,2,37,6
14121,2014-10-17,6,6,7,4,2,4,5,34,5
14122,2014-10-19,6,7,7,2,5,7,6,40,5
14123,2014-10-21,3,1,7,0,0,3,6,20,7
14124,2014-10-24,0,8,9,1,8,9,2,37,9
14125,2014-10-26,5,6,1,6,4,5,9,36,8
14126,2014-10-28,9,5,4,1,6,5,4,34,8
14127,2014-10-31,1,9,7,2,4,1,6,30,8
14128,2014-11-02,1,2,0,7,9,8,0,27,9
14129,2014-11-04,6,6,7,5,5,6,3,38,4
14130,2014-11-07,3,8,5,6,4,1,8,35,7
14131,2014-11-09,6,0,0,6,3,7,2,24,7
14132,2014-11-11,6,7,2,6,3,6,7,37,5
14133,2014-11-14,5,7,5,7,9,0,2,35,9
14134,2014-11-16,8,6,0,1,2,1,5,23,8
14135,2014-11-18,6,6,0,0,5,3,4,24,6
14136,2014-11-21,7,2,9,0,7,7,2,34,9
14137,2014-11-23,8,2,8,3,0,2,0,23,8
14138,2014-11-25,3,2,5,3,7,2,9,31,7
14139,2014-11-28,4,4,2,1,1,6,5,23,5
14140,2014-11-30,7,9,2,8,5,6,7,44,7
14141,2014-12-02,1,8,8,1,3,5,1,27,7
14142,2014-12-05,9,2,1,9,2,3,8,34,8
14143,2014-12-07,5,8,0,0,9,5,6,33,9
14144,2014-12-09,8,5,8,8,8,1,2,40,7
14145,2014-12-12,9,7,3,7,0,4,5,35,9
14146,2014-12-14,1,1,2,3,3,0,2,12,3
14147,2014-12-16,2,4,0,5,4,1,2,18,5
14148,2014-12-19,4,9,5,9,4,9,3,43,6
14149,2014-12-21,3,7,9,7,1,5,8,40,8
14150,2014-12-23,5,8,6,8,3,3,5,38,5
14151,2014-12-26,1,9,5,7,5,5,4,36,8
14152,2014-12-28,5,6,9,3,0,4,9,36,9
14153,2014-12-30,9,4,5,3,5,2,3,31,7
15001,2015-01-02,9,8,4,4,0,2,4,31,9
15002,2015-01-04,6,1,5,7,0,3,0,22,7
15003,2015-01-06,6,8,2,3,0,0,7,26,8
15004,2015-01-09,7,1,9,1,3,8,1,30,8
15005,2015-01-11,1,5,4,8,5,5,5,33,7
15006,2015-01-13,4,8,5,7,4,8,2,38,6
15007,2015-01-16,3,8,1,8,0,8,3,31,8
15008,2015-01-18,7,9,0,6,4,0,8,34,9
15009,2015-01-20,2,9,9,2,0,2,1,25,9
15010,2015-01-23,1,5,7,9,2,5,7,36,8
15011,2015-01-25,4,5,9,5,9,9,9,50,5
15012,2015-01-27,0,3,4,7,4,0,8,26,8
15013,2015-01-30,7,3,6,8,2,1,9,36,8
15014,2015-02-01,3,2,1,6,9,4,1,26,8
15015,2015-02-03,9,8,8,9,2,5,3,44,7
15016,2015-02-06,5,9,9,0,9,9,7,48,9
15017,2015-02-08,4,2,7,8,5,8,2,36,6
15018,2015-02-10,6,4,5,3,4,3,4,29,3
15019,2015-02-13,9,2,9,0,9,9,4,42,9
15020,2015-02-15,6,1,3,9,9,9,7,44,8
15021,2015-02-17,4,6,5,4,3,9,7,38,6
15022,2015-02-27,1,6,1,9,5,5,7,34,8
15023,2015-03-01,3,7,2,6,0,4,3,25,7
15024,2015-03-03,6,4,6,7,7,1,2,33,6
15025,2015-03-06,2,5,6,8,4,6,4,35,6
15026,2015-03-08,8,0,5,0,5,0,4,22,8
15027,2015-03-10,6,8,1,1,4,6,0,26,8
15028,2015-03-13,1,4,7,6,0,5,1,24,7
15029,2015-03-15,0,4,9,4,5,6,7,35,9
15030,2015-03-17,9,5,7,1,7,8,2,39,8
15031,2015-03-20,5,7,8,3,7,1,7,38,7
15032,2015-03-22,4,9,8,4,1,5,5,36,8
15033,2015-03-24,9,0,2,1,6,7,8,33,9
15034,2015-03-27,7,5,6,4,4,8,7,41,4
15035,2015-03-29,0,5,0,6,6,5,1,23,6
15036,2015-03-31,0,6,2,3,2,5,2,20,6
15037,2015-04-03,9,5,1,6,3,1,5,30,8
15038,2015-04-05,6,4,7,3,1,7,6,34,6
15039,2015-04-07,5,9,9,6,3,6,4,42,6
15040,2015-04-10,7,0,6,5,9,6,4,37,9
15041,2015-04-12,4,7,4,2,0,7,8,32,8
15042,2015-04-14,0,5,7,8,4,7,7,38,8
15043,2015-04-17,9,7,9,6,0,9,1,41,9
15044,2015-04-19,0,2,8,4,3,0,4,21,8
15045,2015-04-21,9,6,6,5,5,5,7,43,4
15046,2015-04-24,8,4,5,6,7,2,8,40,6
15047,2015-04-26,7,2,4,2,9,7,6,37,7
15048,2015-04-28,6,4,5,1,7,7,8,38,7
15049,2015-05-01,0,2,5,2,1,3,6,19,6
15050,2015-05-03,2,8,4,6,3,7,1,31,7
15051,2015-05-05,7,3,3,8,1,1,8,31,7
15052,2015-05-08,9,0,3,8,2,2,5,29,9
15053,2015-05-10,8,3,1,0,4,1,4,21,8
15054,2015-05-12,7,3,4,5,2,6,9,36,7
15055,2015-05-15,5,2,0,5,8,9,1,30,9
15056,2015-05-17,6,9,2,8,9,2,3,39,7
15057,2015-05-19,9,2,3,8,6,9,0,37,9
15058,2015-05-22,8,7,6,5,0,3,3,32,8
15059,2015-05-24,9,9,0,3,9,7,4,41,9
15060,2015-05-26,0,3,1,5,4,3,5,21,5
15061,2015-05-29,5,6,7,8,4,9,2,41,7
15062,2015-05-31,6,7,2,5,3,1,2,26,6
15063,2015-06-02,4,5,2,8,4,9,8,40,7
15064,2015-06-05,8,1,0,2,2,5,4,22,8
15065,2015-06-07,4,4,1,1,0,2,5,17,5
15066,2015-06-09,5,2,2,7,0,5,5,26,7
15067,2015-06-12,5,9,1,9,1,1,8,34,8
15068,2015-06-14,7,9,8,7,2,0,7,40,9
15069,2015-06-16,4,2,7,0,3,3,9,28,9
15070,2015-06-19,3,1,8,6,5,6,0,29,8
15071,2015-06-21,4,2,9,5,5,3,9,37,7
15072,2015-06-23,0,0,0,0,3,9,7,19,9
15073,2015-06-26,5,1,3,5,4,0,0,18,5
15074,2015-06-28,5,5,7,6,8,6,6,43,3
15075,2015-06-30,2,3,4,7,7,1,5,29,6
15076,2015-07-03,0,4,0,8,0,1,6,19,8
15077,2015-07-05,1,9,8,1,5,8,0,32,9
15078,2015-07-07,5,8,3,8,0,4,5,33,8
15079,2015-07-10,9,8,6,2,2,6,6,39,7
15080,2015-07-12,1,0,5,7,8,1,1,23,8
15081,2015-07-14,7,1,6,8,1,0,7,30,8
15082,2015-07-17,8,5,7,5,5,5,4,39,4
15083,2015-07-19,8,2,6,4,3,9,4,36,7
15084,2015-07-21,3,8,6,3,8,3,6,37,5
15085,2015-07-24,0,6,6,7,2,8,3,32,8
15086,2015-07-26,8,1,3,5,1,6,3,27,7
15087,2015-07-28,4,3,3,0,1,9,4,24,9
15088,2015-07-31,3,9,1,2,6,5,0,26,9
15089,2015-08-02,9,6,2,7,6,0,8,38,9
15090,2015-08-04,0,8,7,1,8,0,9,33,9
15091,2015-08-07,6,1,2,1,8,6,5,29,7
15092,2015-08-09,0,7,8,0,3,6,6,30,8
15093,2015-08-11,6,0,0,5,9,6,8,34,9
15094,2015-08-14,6,6,3,8,2,4,3,32,6
15095,2015-08-16,0,6,6,9,0,6,1,28,9
15096,2015-08-18,3,9,0,2,2,5,2,23,9
15097,2015-08-21,4,1,8,5,8,9,3,38,8
15098,2015-08-23,7,7,7,2,3,9,6,41,7
15099,2015-08-25,2,3,8,4,7,8,6,38,6
15100,2015-08-28,1,3,2,5,2,6,1,20,5
15101,2015-08-30,9,4,6,5,8,6,1,39,8
15102,2015-09-01,1,5,2,7,7,7,3,32,6
15103,2015-09-04,2,3,6,1,7,6,2,27,6
15104,2015-09-06,7,1,1,5,0,5,8,27,8
15105,2015-09-08,4,9,3,0,8,3,4,31,9
15106,2015-09-11,1,0,8,4,3,8,2,26,8
15107,2015-09-13,5,2,9,3,4,7,6,36,7
15108,2015-09-15,6,5,5,6,7,4,8,41,4
15109,2015-09-18,4,9,6,0,4,2,0,25,9
15110,2015-09-20,3,3,2,4,4,9,8,33,7
15111,2015-09-22,8,7,4,6,3,9,6,43,6
15112,2015-09-25,5,2,1,7,7,0,9,31,9
15113,2015-09-27,2,5,2,7,9,2,7,34,7
15114,2015-09-29,4,6,2,2,3,3,6,26,4
15115,2015-10-02,9,3,8,5,0,6,5,36,9
15116,2015-10-04,4,1,0,8,4,8,5,30,8
15117,2015-10-06,1,4,3,9,6,2,5,30,8
15118,2015-10-09,5,4,0,3,8,1,4,25,8
15119,2015-10-11,6,1,6,6,5,8,3,35,7
15120,2015-10-13,6,2,5,9,8,4,6,40,7
15121,2015-10-16,9,6,4,0,8,7,0,34,9
15122,2015-10-18,8,6,3,2,4,9,9,41,7
15123,2015-10-20,4,8,5,7,1,1,9,35,8
15124,2015-10-23,7,7,5,9,8,9,0,45,9
15125,2015-10-25,5,4,8,5,5,6,8,41,4
15126,2015-10-27,2,8,3,9,0,2,7,31,9
15127,2015-10-30,5,3,4,1,4,9,8,34,8
15128,2015-11-01,1,4,2,5,6,7,7,32,6
15129,2015-11-03,6,7,1,7,2,8,9,40,8
15130,2015-11-06,8,0,9,9,9,3,1,39,9
15131,2015-11-08,7,2,2,4,4,4,7,30,5
15132,2015-11-10,3,4,6,2,5,0,2,22,6
15133,2015-11-13,8,1,2,5,1,7,7,31,7
15134,2015-11-15,3,9,7,0,2,7,8,36,9
15135,2015-11-17,3,3,6,2,3,0,3,20,6
15136,2015-11-20,9,7,3,3,4,6,9,41,6
15137,2015-11-22,3,7,9,4,7,0,6,36,9
15138,2015-11-24,5,6,8,4,1,7,7,38,7
15139,2015-11-27,0,7,6,7,0,2,7,29,7
15140,2015-11-29,3,5,8,5,5,5,4,35,5
15141,2015-12-01,3,4,8,5,7,1,0,28,8
15142,2015-12-04,2,9,4,2,4,5,8,34,7
15143,2015-12-06,9,8,2,8,2,8,6,43,7
15144,2015-12-08,4,6,8,4,1,4,3,30,7
15145,2015-12-11,2,5,4,4,4,9,6,34,7
15146,2015-12-13,2,0,8,2,1,9,0,22,9
15147,2015-12-15,4,9,4,3,9,8,9,46,6
15148,2015-12-18,7,3,7,9,8,8,9,51,6
15149,2015-12-20,5,0,1,4,0,7,1,18,7
15150,2015-12-22,9,0,4,3,3,6,6,31,9
15151,2015-12-25,4,3,8,7,9,1,9,41,8
15152,2015-12-27,3,3,9,2,0,7,5,29,9
15153,2015-12-29,7,9,7,2,0,1,3,29,9
16001,2016-01-01,8,9,3,0,8,0,9,37,9
16002,2016-01-03,0,2,6,2,5,3,0,18,6
16003,2016-01-05,5,4,2,1,7,4,4,27,6
16004,2016-01-08,8,4,8,1,0,6,0,27,8
16005,2016-01-10,5,9,6,6,1,8,3,38,8
16006,2016-01-12,6,1,5,7,5,2,3,29,6
16007,2016-01-15,9,9,4,0,8,3,5,38,9
16008,2016-01-17,6,8,1,1,8,3,8,35,7
16009,2016-01-19,9,3,3,9,5,7,2,38,7
16010,2016-01-22,8,6,8,7,2,2,9,42,7
16011,2016-01-24,2,3,8,3,1,6,2,25,7
16012,2016-01-26,6,6,3,6,6,0,6,33,6
16013,2016-01-29,8,3,1,5,0,4,7,28,8
16014,2016-01-31,4,4,6,0,1,9,9,33,9
16015,2016-02-02,3,8,1,3,3,1,8,27,7
16016,2016-02-05,6,6,7,2,3,6,1,31,6
16017,2016-02-14,4,1,3,6,6,6,4,30,5
16018,2016-02-16,7,9,8,1,2,7,3,37,8
16019,2016-02-19,4,9,8,4,2,7,9,43,7
16020,2016-02-21,5,5,8,2,6,3,7,36,6
16021,2016-02-23,1,2,8,8,5,1,3,28,7
16022,2016-02-26,4,3,0,1,1,9,7,25,9
16023,2016-02-28,7,4,6,2,6,4,3,32,5
16024,2016-03-01,8,7,4,5,5,5,6,40,4
16025,2016-03-04,8,8,8,2,3,8,9,46,7
16026,2016-03-06,9,3,6,1,1,8,6,34,8
16027,2016-03-08,6,8,2,5,9,8,2,40,7
16028,2016-03-11,7,9,3,6,0,2,5,32,9
16029,2016-03-13,1,5,7,9,1,6,2,31,8
16030,2016-03-15,4,4,1,1,7,2,1,20,6
16031,2016-03-18,5,0,3,0,2,3,3,16,5
16032,2016-03-20,0,5,6,3,4,3,5,26,6
16033,2016-03-22,6,7,9,1,6,8,0,37,9
16034,2016-03-25,5,1,0,0,5,2,4,17,5
16035,2016-03-27,8,4,8,7,9,2,8,46,7
16036,2016-03-29,6,6,1,8,6,7,0,34,8
16037,2016-04-01,9,4,9,4,3,0,4,33,9
16038,2016-04-03,2,8,1,7,1,1,1,21,7
16039,2016-04-05,9,1,1,9,1,3,9,33,8
16040,2016-04-08,6,0,8,4,6,1,5,30,8
16041,2016-04-10,6,2,6,2,3,3,3,25,4
16042,2016-04-12,6,4,0,1,1,4,1,17,6
16043,2016-04-15,3,9,0,7,5,0,2,26,9
16044,2016-04-17,5,3,9,9,9,7,1,43,8
16045,2016-04-19,2,8,1,0,5,7,6,29,8
16046,2016-04-22,9,9,6,2,8,6,5,45,7
16047,2016-04-24,2,9,8,8,8,4,1,40,8
16048,2016-04-26,7,8,9,9,8,6,4,51,5
16049,2016-04-29,2,5,6,0,0,7,2,22,7
16050,2016-05-01,4,6,0,9,2,3,6,30,9
16051,2016-05-03,0,2,8,6,2,4,6,28,8
16052,2016-05-06,2,2,8,7,4,4,9,36,7
16053,2016-05-08,0,1,6,3,6,9,6,31,9
16054,2016-05-10,6,2,4,0,8,1,3,24,8
16055,2016-05-13,0,4,6,8,0,8,0,26,8
16056,2016-05-15,1,5,1,0,9,9,6,31,9
16057,2016-05-17,8,6,8,6,7,0,9,44,9
16058,2016-05-20,6,9,5,6,8,8,1,43,8
16059,2016-05-22,1,3,4,6,1,7,4,26,6
16060,2016-05-24,8,2,5,3,3,1,3,25,7
16061,2016-05-27,1,2,9,2,9,9,0,32,9
16062,2016-05-29,4,2,0,2,8,1,5,22,8
16063,2016-05-31,0,8,6,1,0,1,5,21,8
16064,2016-06-03,8,3,0,7,8,9,0,35,9
16065,2016-06-05,3,7,4,5,4,8,1,32,7
16066,2016-06-07,6,5,6,0,6,1,2,26,6
16067,2016-06-10,1,1,2,3,0,9,5,21,9
16068,2016-06-12,0,7,0,0,2,7,8,24,8
16069,2016-06-14,3,4,3,8,4,5,0,27,8
16070,2016-06-17,8,4,2,7,5,3,5,34,6
16071,2016-06-19,6,6,0,9,2,0,3,26,9
16072,2016-06-21,9,1,7,9,6,0,0,32,9
16073,2016-06-24,0,4,6,7,3,2,5,27,7
16074,2016-06-26,8,8,3,0,2,5,8,34,8
16075,2016-06-28,6,7,7,6,1,3,9,39,8
16076,2016-07-01,6,1,5,9,7,4,0,32,9
16077,2016-07-03,1,8,8,6,0,1,1,25,8
16078,2016-07-05,3,3,5,5,3,7,1,27,6
16079,2016-07-08,3,1,8,7,9,1,2,31,8
16080,2016-07-10,2,0,2,8,5,0,4,21,8
16081,2016-07-12,4,2,3,2,4,5,1,21,4
16082,2016-07-15,2,6,6,3,4,8,1,30,7
16083,2016-07-17,4,1,9,2,0,0,0,16,9
16084,2016-07-19,5,6,6,6,0,4,3,30,6
16085,2016-07-22,0,4,1,1,7,0,7,20,7
16086,2016-07-24,8,8,2,7,5,1,2,33,7
16087,2016-07-26,8,3,8,8,6,4,7,44,5
16088,2016-07-29,4,9,6,2,8,7,4,40,7
16089,2016-07-31,9,8,2,2,8,3,1,33,8
16090,2016-08-02,0,2,5,1,1,2,1,12,5
16091,2016-08-05,2,3,8,4,9,3,1,30,8
16092,2016-08-07,6,1,4,4,3,2,5,25,5
16093,2016-08-09,5,9,7,9,8,2,1,41,8
16094,2016-08-12,8,5,2,9,1,3,5,33,8
16095,2016-08-14,6,8,6,3,3,2,0,28,8
16096,2016-08-16,5,6,2,0,7,6,1,27,7
16097,2016-08-19,4,1,5,2,5,3,7,27,6
16098,2016-08-21,5,2,7,4,2,3,1,24,6
16099,2016-08-23,7,3,9,9,7,0,8,43,9
16100,2016-08-26,5,8,0,9,4,4,5,35,9
16101,2016-08-28,7,3,7,0,0,4,3,24,7
16102,2016-08-30,3,1,5,1,0,6,3,19,6
16103,2016-09-02,7,0,8,6,3,7,1,32,8
16104,2016-09-04,8,6,1,7,8,5,3,38,7
16105,2016-09-06,4,0,1,5,0,9,8,27,9
16106,2016-09-09,0,5,1,4,7,6,0,23,7
16107,2016-09-11,0,5,8,2,6,4,1,26,8
16108,2016-09-13,1,5,2,2,9,0,0,19,9
16109,2016-09-16,1,7,2,9,6,9,0,34,9
16110,2016-09-18,9,5,3,8,2,7,1,35,8
16111,2016-09-20,7,3,7,9,1,2,8,37,8
16112,2016-09-23,9,1,3,4,7,7,9,40,8
16113,2016-09-25,3,6,8,1,4,3,1,26,7
16114,2016-09-27,5,1,7,1,2,7,8,31,7
16115,2016-09-30,1,1,2,7,3,3,3,20,6
16116,2016-10-02,2,8,9,7,8,6,1,41,8
16117,2016-10-04,9,7,9,8,8,2,8,51,7
16118,2016-10-07,0,1,1,1,6,1,3,13,6
16119,2016-10-09,6,2,5,1,2,6,0,22,6
16120,2016-10-11,4,0,4,4,4,1,6,23,6
16121,2016-10-14,4,9,2,6,3,1,9,34,8
16122,2016-10-16,5,9,4,1,0,5,3,27,9
16123,2016-10-18,6,5,2,1,9,7,7,37,8
16124,2016-10-21,9,6,7,3,7,6,3,41,6
16125,2016-10-23,3,9,8,0,2,9,1,32,9
16126,2016-10-25,5,0,8,5,2,3,6,29,8
16127,2016-10-28,1,6,1,9,3,8,1,29,8
16128,2016-10-30,8,6,5,3,3,1,4,30,7
16129,2016-11-01,9,1,8,1,2,0,9,30,9
16130,2016-11-04,2,6,2,0,1,3,3,17,6
16131,2016-11-06,7,3,0,4,3,7,5,29,7
16132,2016-11-08,5,2,7,0,8,9,4,35,9
16133,2016-11-11,7,4,1,3,3,7,5,30,6
16134,2016-11-13,3,4,0,1,8,6,1,23,8
16135,2016-11-15,0,4,0,7,2,6,0,19,7
16136,2016-11-18,2,5,0,2,0,8,7,24,8
16137,2016-11-20,7,6,9,4,0,4,3,33,9
16138,2016-11-22,6,8,7,0,3,3,7,34,8
16139,2016-11-25,4,6,3,3,4,6,9,35,6
16140,2016-11-27,8,7,2,5,2,9,8,41,7
16141,2016-11-29,1,2,9,5,1,9,1,28,8
16142,2016-12-02,7,0,7,2,8,0,1,25,8
16143,2016-12-04,6,1,7,1,9,5,2,31,8
16144,2016-12-06,0,5,4,7,1,8,6,31,8
16145,2016-12-09,7,3,1,3,0,2,1,17,7
16146,2016-12-11,0,5,8,2,0,0,2,17,8
16147,2016-12-13,4,7,5,2,8,7,7,40,6
16148,2016-12-16,8,7,2,5,6,0,3,31,8
16149,2016-12-18,0,0,6,1,7,5,5,24,7
16150,2016-12-20,1,0,8,9,5,1,1,25,9
16151,2016-12-23,1,6,9,2,4,9,1,32,8
16152,2016-12-25,3,5,1,3,3,0,0,15,5
16153,2016-12-27,1,3,8,3,6,2,5,28,7
16154,2016-12-30,0,5,1,4,4,9,1,24,9
17001,2017-01-01,2,5,3,5,3,8,9,35,7
17002,2017-01-03,4,8,7,8,7,6,1,41,7
17003,2017-01-06,6,3,8,7,4,8,5,41,5
17004,2017-01-08,5,2,9,6,8,6,4,40,7
17005,2017-01-10,3,8,4,7,1,1,6,30,7
17006,2017-01-13,2,0,9,0,9,0,6,26,9
17007,2017-01-15,8,8,2,7,2,7,6,40,6
17008,2017-01-17,1,0,0,0,2,3,4,10,4
17009,2017-01-20,2,0,0,9,1,0,9,21,9
17010,2017-01-22,0,9,7,1,8,2,1,28,9
17011,2017-01-24,0,6,0,7,4,7,4,28,7
17012,2017-02-03,7,7,7,6,8,5,2,42,6
17013,2017-02-05,9,3,9,4,8,0,8,41,9
17014,2017-02-07,3,8,2,4,9,7,0,33,9
17015,2017-02-10,9,4,1,1,6,6,8,35,8
17016,2017-02-12,2,4,6,6,1,4,0,23,6
17017,2017-02-14,9,3,2,1,1,9,0,25,9
17018,2017-02-17,4,2,4,5,6,2,7,30,5
17019,2017-02-19,1,1,2,7,8,0,4,23,8
17020,2017-02-21,6,1,8,8,9,0,0,32,9
17021,2017-02-24,1,7,2,9,2,9,1,31,8
17022,2017-02-26,8,7,8,3,7,3,5,41,5
17023,2017-02-28,3,2,0,9,1,6,9,30,9
17024,2017-03-03,3,1,6,8,6,6,8,38,7
17025,2017-03-05,8,8,9,8,0,5,7,45,9
17026,2017-03-07,2,0,3,8,8,5,2,28,8
17027,2017-03-10,3,4,5,8,0,4,8,32,8
17028,2017-03-12,2,2,7,1,8,8,3,31,7
17029,2017-03-14,3,9,6,0,6,1,2,27,9
17030,2017-03-17,1,1,3,7,8,9,7,36,8
17031,2017-03-19,4,4,6,0,5,2,0,21,6
17032,2017-03-21,3,1,0,6,1,1,4,16,6
17033,2017-03-24,5,1,1,8,3,2,0,20,8
17034,2017-03-26,2,2,7,3,6,5,2,27,5
17035,2017-03-28,3,5,2,5,7,6,8,36,6
17036,2017-03-31,6,2,7,4,0,2,6,27,7
17037,2017-04-02,3,2,6,5,9,3,7,35,7
17038,2017-04-04,4,5,1,5,4,4,6,29,5
17039,2017-04-07,1,0,2,1,5,2,0,11,5
17040,2017-04-09,4,2,8,6,0,7,5,32,8
17041,2017-04-11,5,5,6,9,6,1,9,41,8
17042,2017-04-14,6,6,8,4,6,8,0,38,8
17043,2017-04-16,2,2,5,5,7,8,7,36,6
17044,2017-04-18,9,6,8,7,1,8,9,48,8
17045,2017-04-21,1,9,4,0,0,5,8,27,9
17046,2017-04-23,2,5,1,6,5,2,9,30,8
17047,2017-04-25,3,9,0,3,7,5,4,31,9
17048,2017-04-28,6,0,6,7,7,2,9,37,9
17049,2017-04-30,8,0,8,1,5,9,8,39,9
17050,2017-05-02,2,5,3,6,3,0,8,27,8
17051,2017-05-05,0,1,3,6,4,9,5,28,9
17052,2017-05-07,3,3,5,1,8,8,5,33,7
17053,2017-05-09,6,6,6,6,4,5,8,41,4
17054,2017-05-12,2,6,3,9,8,0,1,29,9
17055,2017-05-14,2,4,5,1,9,4,4,29,8
17056,2017-05-16,1,8,1,4,0,1,4,19,8
17057,2017-05-19,9,9,5,1,0,4,2,30,9
17058,2017-05-21,5,0,5,4,4,1,4,23,5
17059,2017-05-23,9,8,2,5,2,5,5,36,7
17060,2017-05-26,1,7,7,6,3,4,5,33,6
17061,2017-05-28,6,5,6,7,8,0,7,39,8
17062,2017-05-30,4,9,6,1,5,2,5,32,8
17063,2017-06-02,9,0,7,8,6,9,3,42,9
17064,2017-06-04,5,5,5,0,0,8,2,25,8
17065,2017-06-06,6,6,0,9,8,8,7,44,9
17066,2017-06-09,4,5,6,0,7,8,9,39,9
17067,2017-06-11,0,0,3,0,7,9,3,22,9
17068,2017-06-13,3,6,3,5,3,1,8,29,7
17069,2017-06-16,1,2,2,5,9,6,8,33,8
17070,2017-06-18,4,7,7,7,0,0,7,32,7
17071,2017-06-20,3,4,2,7,0,7,1,24,7
17072,2017-06-23,5,5,9,1,6,7,4,37,8
17073,2017-06-25,7,2,3,0,0,2,4,18,7
17074,2017-06-27,6,3,7,5,0,6,2,29,7
17075,2017-06-30,3,3,2,3,5,0,1,17,5
17076,2017-07-02,2,2,9,4,8,1,9,35,8
17077,2017-07-04,2,4,2,3,6,9,9,35,7
17078,2017-07-07,5,3,1,1,9,0,0,19,9
17079,2017-07-09,6,0,9,6,8,8,1,38,9
17080,2017-07-11,4,3,8,9,2,4,4,34,7
17081,2017-07-14,6,7,4,5,0,8,2,32,8
17082,2017-07-16,1,3,6,2,0,9,8,29,9
17083,2017-07-18,2,3,6,0,7,5,0,23,7
17084,2017-07-21,2,2,8,5,6,0,6,29,8
17085,2017-07-23,4,9,5,8,7,4,6,43,5
17086,2017-07-25,4,1,7,4,2,6,6,30,6
17087,2017-07-28,8,1,5,5,1,8,7,35,7
17088,2017-07-30,5,8,2,7,8,3,8,41,6
17089,2017-08-01,3,2,1,9,5,3,5,28,8
17090,2017-08-04,6,2,0,5,4,0,7,24,7
17091,2017-08-06,0,6,2,6,9,5,9,37,9
17092,2017-08-08,1,2,8,5,8,4,4,32,7
17093,2017-08-11,1,5,8,7,8,1,9,39,8
17094,2017-08-13,2,7,0,6,3,2,8,28,8
17095,2017-08-15,6,8,5,6,9,6,7,47,4
17096,2017-08-18,9,5,0,3,6,6,7,36,9
17097,2017-08-20,2,7,4,9,4,9,8,43,7
17098,2017-08-22,3,3,7,5,4,0,6,28,7
17099,2017-08-25,0,5,1,3,7,2,5,23,7
17100,2017-08-27,6,8,8,3,8,6,1,40,7
17101,2017-08-29,9,7,6,0,7,9,5,43,9
17102,2017-09-01,1,4,6,7,5,5,4,32,6
17103,2017-09-03,7,0,6,7,2,7,4,33,7
17104,2017-09-05,1,3,3,8,7,1,4,27,7
17105,2017-09-08,4,3,6,5,7,8,2,35,6
17106,2017-09-10,6,7,1,6,5,2,8,35,7
17107,2017-09-12,4,1,7,9,0,1,1,23,9
17108,2017-09-15,8,0,3,2,0,0,1,14,8
17109,2017-09-17,2,9,8,7,9,3,6,44,7
17110,2017-09-19,0,1,8,3,0,2,8,22,8
17111,2017-09-22,8,1,0,4,3,0,4,20,8
17112,2017-09-24,0,5,4,5,3,3,3,23,5
17113,2017-09-26,4,7,4,2,9,1,6,33,8
17114,2017-09-29,8,5,8,8,1,1,9,40,8
17115,2017-10-01,9,7,9,2,5,4,0,36,9
17116,2017-10-03,9,2,2,9,0,4,7,33,9
17117,2017-10-06,9,0,4,5,5,6,3,32,9
17118,2017-10-08,0,7,4,7,6,1,5,30,7
17119,2017-10-10,2,6,6,5,0,3,6,28,6
17120,2017-10-13,1,2,8,3,8,7,8,37,7
17121,2017-10-15,5,1,6,1,2,0,9,24,9
17122,2017-10-17,1,5,0,0,6,0,2,14,6
17123,2017-10-20,4,3,2,6,2,3,3,23,4
17124,2017-10-22,1,2,8,6,2,2,0,21,8
17125,2017-10-24,4,4,4,4,2,8,3,29,6
17126,2017-10-27,5,3,0,4,5,5,2,24,5
17127,2017-10-29,1,3,6,3,6,2,2,23,5
17128,2017-10-31,0,1,1,3,7,0,2,14,7
17129,2017-11-03,4,8,0,7,0,3,8,30,8
17130,2017-11-05,9,4,1,4,1,9,6,34,8
17131,2017-11-07,6,5,9,3,4,9,7,43,6
17132,2017-11-10,8,5,8,2,6,6,3,38,6
17133,2017-11-12,4,6,2,9,0,9,4,34,9
17134,2017-11-14,1,8,3,7,2,2,6,29,7
17135,2017-11-17,2,3,4,6,9,6,4,34,7
17136,2017-11-19,9,0,4,3,1,8,1,26,9
17137,2017-11-21,3,7,2,9,0,5,4,30,9
17138,2017-11-24,0,2,6,8,6,5,5,32,8
17139,2017-11-26,9,1,7,6,3,1,8,35,8
17140,2017-11-28,0,6,9,1,1,0,7,24,9
17141,2017-12-01,4,4,6,0,5,0,7,26,7
17142,2017-12-03,5,1,9,9,8,2,5,39,8
17143,2017-12-05,4,7,6,3,7,6,6,39,4
17144,2017-12-08,6,3,8,0,5,5,2,29,8
17145,2017-12-10,7,4,5,2,0,0,0,18,7
17146,2017-12-12,3,9,7,4,2,1,3,29,8
17147,2017-12-15,6,4,8,4,3,0,1,26,8
17148,2017-12-17,1,0,4,6,0,5,5,21,6
17149,2017-12-19,9,4,1,7,1,1,6,29,8
17150,2017-12-22,4,2,6,5,0,4,6,27,6
17151,2017-12-24,4,9,2,8,1,6,3,33,8
17152,2017-12-26,6,4,0,4,8,6,6,34,8
17153,2017-12-29,9,7,6,2,1,8,9,42,8
17154,2017-12-31,0,9,5,6,2,3,2,27,9
18001,2018-01-02,7,9,8,5,5,4,9,47,5
18002,2018-01-05,9,5,1,6,4,1,4,30,8
18003,2018-01-07,6,5,3,2,5,5,0,26,6
18004,2018-01-09,2,5,9,2,2,9,7,36,7
18005,2018-01-12,3,2,8,5,0,6,4,28,8
18006,2018-01-14,0,5,8,8,1,5,2,29,8
18007,2018-01-16,1,0,4,6,9,4,4,28,9
18008,2018-01-19,7,9,4,8,4,7,0,39,9
18009,2018-01-21,4,9,9,8,8,6,7,51,5
18010,2018-01-23,5,1,1,8,1,3,6,25,7
18011,2018-01-26,9,8,9,2,1,0,3,32,9
18012,2018-01-28,3,9,2,7,5,4,1,31,8
18013,2018-01-30,2,3,8,5,1,6,7,32,7
18014,2018-02-02,0,7,2,7,1,6,9,32,9
18015,2018-02-04,2,8,9,6,0,6,7,38,9
18016,2018-02-06,6,9,3,3,9,4,7,41,6
18017,2018-02-09,3,9,6,0,9,7,1,35,9
18018,2018-02-11,3,2,5,9,9,5,8,41,7
18019,2018-02-13,4,6,4,1,0,5,6,26,6
18020,2018-02-23,4,0,6,5,6,1,1,23,6
18021,2018-02-25,4,9,8,6,3,6,1,37,8
18022,2018-02-27,4,1,3,4,7,3,0,22,7
18023,2018-03-02,9,0,2,4,1,5,3,24,9
18024,2018-03-04,1,9,6,2,7,2,7,34,8
18025,2018-03-06,9,6,8,6,0,7,5,41,9
18026,2018-03-09,8,0,3,1,1,3,0,16,8
18027,2018-03-11,9,6,9,7,6,5,1,43,8
18028,2018-03-13,9,8,1,9,8,6,7,48,8
18029,2018-03-16,6,3,9,8,4,1,1,32,8
18030,2018-03-18,8,0,0,1,6,2,3,20,8
18031,2018-03-20,3,7,0,8,6,8,1,33,8
18032,2018-03-23,8,0,8,4,3,8,1,32,8
18033,2018-03-25,6,3,5,6,9,1,1,31,8
18034,2018-03-27,3,7,3,7,3,8,5,36,5
18035,2018-03-30,6,3,8,2,6,0,7,32,8
18036,2018-04-01,4,4,6,4,2,3,7,30,5
18037,2018-04-03,6,8,2,0,2,9,8,35,9
18038,2018-04-06,7,2,8,3,9,3,9,41,7
18039,2018-04-08,6,6,3,3,3,5,8,34,5
18040,2018-04-10,6,5,4,4,3,6,2,30,4
18041,2018-04-13,6,2,8,9,9,5,3,42,7
18042,2018-04-15,4,7,4,0,2,5,1,23,7
18043,2018-04-17,0,7,5,0,1,3,9,25,9
18044,2018-04-20,7,3,6,8,6,2,9,41,7
18045,2018-04-22,6,6,5,0,9,0,9,35,9
18046,2018-04-24,0,2,2,4,6,6,3,23,6
18047,2018-04-27,3,8,4,0,8,3,0,26,8
18048,2018-04-29,8,2,0,8,8,4,0,30,8
18049,2018-05-01,7,4,5,1,3,1,7,28,6
18050,2018-05-04,8,0,1,2,2,5,3,21,8
18051,2018-05-06,6,5,6,9,6,3,3,38,6
18052,2018-05-08,3,7,7,8,0,6,8,39,8
18053,2018-05-11,1,4,7,2,5,4,7,30,6
18054,2018-05-13,7,2,8,9,7,7,4,44,7
18055,2018-05-15,9,0,6,9,4,1,8,37,9
18056,2018-05-18,4,7,2,3,0,5,3,24,7
18057,2018-05-20,9,4,0,0,1,9,2,25,9
18058,2018-05-22,9,1,6,4,7,5,9,41,8
18059,2018-05-25,8,3,1,4,6,7,6,35,7
18060,2018-05-27,2,2,7,0,8,9,2,30,9
18061,2018-05-29,0,0,4,9,6,3,7,29,9
18062,2018-06-01,2,6,8,3,4,7,3,33,6
18063,2018-06-03,1,9,5,1,5,8,1,30,8
18064,2018-06-05,9,6,1,1,0,3,4,24,9
18065,2018-06-08,2,6,4,1,3,0,0,16,6
18066,2018-06-10,5,5,0,3,4,5,0,22,5
18067,2018-06-12,7,5,4,7,3,5,6,37,4
18068,2018-06-15,2,7,7,6,4,4,9,39,7
18069,2018-06-17,1,0,0,4,3,0,8,16,8
18070,2018-06-19,6,6,5,9,4,2,9,41,7
18071,2018-06-22,0,5,0,6,3,6,6,26,6
18072,2018-06-24,7,9,6,5,7,5,8,47,4
18073,2018-06-26,3,9,6,5,8,0,0,31,9
18074,2018-06-29,1,4,8,6,0,9,7,35,9
18075,2018-07-01,1,6,6,2,7,3,8,33,7
18076,2018-07-03,3,1,1,2,8,2,9,26,8
18077,2018-07-06,6,1,5,3,0,4,7,26,7
18078,2018-07-08,3,4,8,8,0,1,4,28,8
18079,2018-07-10,1,1,7,5,9,5,1,29,8
18080,2018-07-13,8,3,4,4,0,4,9,32,9
18081,2018-07-15,5,4,1,8,8,6,4,36,7
18082,2018-07-17,1,1,0,4,1,9,2,18,9
18083,2018-07-20,4,0,7,2,6,1,9,29,9
18084,2018-07-22,4,4,9,5,5,9,7,43,5
18085,2018-07-24,6,0,9,6,1,6,0,28,9
18086,2018-07-27,6,0,9,8,0,3,4,30,9
18087,2018-07-29,3,7,4,1,6,6,5,32,6
18088,2018-07-31,4,8,7,6,7,5,3,40,5
18089,2018-08-03,1,9,6,1,8,6,7,38,8
18090,2018-08-05,8,7,8,8,7,6,6,50,2
18091,2018-08-07,0,7,6,3,1,3,3,23,7
18092,2018-08-10,9,7,5,2,5,9,1,38,8
18093,2018-08-12,8,0,9,3,9,6,1,36,9
18094,2018-08-14,1,2,5,6,4,9,7,34,8
18095,2018-08-17,9,6,0,1,6,3,0,25,9
18096,2018-08-19,5,5,0,0,7,6,0,23,7
18097,2018-08-21,7,7,5,7,2,3,3,34,5
18098,2018-08-24,4,9,8,6,2,1,2,32,8
18099,2018-08-26,4,8,6,5,8,7,6,44,4
18100,2018-08-28,7,8,6,5,8,4,0,38,8
18101,2018-08-31,9,5,1,6,8,6,9,44,8
18102,2018-09-02,0,1,4,5,8,5,3,26,8
18103,2018-09-04,1,7,8,3,9,5,5,38,8
18104,2018-09-07,4,5,1,6,3,0,3,22,6
18105,2018-09-09,5,5,3,2,9,1,1,26,8
18106,2018-09-11,8,3,5,9,1,0,8,34,9
18107,2018-09-14,4,3,0,3,6,2,5,23,6
18108,2018-09-16,6,4,7,3,3,6,8,37,5
18109,2018-09-18,3,7,5,1,7,8,5,36,7
18110,2018-09-21,2,9,3,9,0,4,4,31,9
18111,2018-09-23,5,5,9,0,7,2,1,29,9
18112,2018-09-25,8,3,9,9,6,1,4,40,8
18113,2018-09-28,9,3,4,5,4,1,5,31,8
18114,2018-09-30,0,5,4,3,7,8,3,30,8
18115,2018-10-02,0,0,5,8,7,2,6,28,8
18116,2018-10-05,6,2,8,4,6,9,9,44,7
18117,2018-10-07,2,6,2,9,8,4,8,39,7
18118,2018-10-09,9,4,8,2,9,4,7,43,7
18119,2018-10-12,7,3,1,4,9,5,9,38,8
18120,2018-10-14,1,8,1,2,1,1,0,14,8
18121,2018-10-16,9,4,3,7,4,6,6,39,6
18122,2018-10-19,4,8,2,3,1,2,3,23,7
18123,2018-10-21,8,5,3,9,8,1,4,38,8
18124,2018-10-23,8,3,2,2,6,5,8,34,6
18125,2018-10-26,1,5,1,6,5,1,9,28,8
18126,2018-10-28,5,9,2,0,3,5,0,24,9
18127,2018-10-30,1,0,3,3,1,2,1,11,3
18128,2018-11-02,1,6,0,3,2,5,4,21,6
18129,2018-11-04,6,1,3,5,0,9,9,33,9
18130,2018-11-06,0,1,1,6,4,6,6,24,6
18131,2018-11-09,1,9,9,1,5,1,9,35,8
18132,2018-11-11,1,6,3,3,4,7,7,31,6
18133,2018-11-13,9,6,8,7,3,7,1,41,8
18134,2018-11-16,3,7,8,4,8,1,9,40,8
18135,2018-11-18,5,8,8,1,1,2,2,27,7
18136,2018-11-20,2,4,7,6,7,0,0,26,7
18137,2018-11-23,5,3,1,0,9,7,6,31,9
18138,2018-11-25,8,9,0,2,9,0,0,28,9
18139,2018-11-27,7,3,3,5,2,7,8,35,6
18140,2018-11-30,5,5,8,0,9,1,4,32,9
18141,2018-12-02,5,3,9,5,3,4,4,33,6
18142,2018-12-04,5,0,0,1,4,0,7,17,7
18143,2018-12-07,4,2,2,1,6,6,9,30,8
18144,2018-12-09,7,1,5,6,6,9,1,35,8
18145,2018-12-11,7,2,9,6,2,8,8,42,7
18146,2018-12-14,2,6,8,9,9,5,9,48,7
18147,2018-12-16,5,1,4,1,8,0,0,19,8
18148,2018-12-18,2,3,3,2,0,9,4,23,9
18149,2018-12-21,5,7,6,6,2,0,7,33,7
18150,2018-12-23,2,6,0,2,0,0,9,19,9
18151,2018-12-25,7,1,4,4,9,5,9,39,8
18152,2018-12-28,4,7,2,7,6,2,7,35,5
18153,2018-12-30,6,5,6,9,9,4,7,46,5
19001,2019-01-01,6,5,9,6,6,2,9,43,7
19002,2019-01-04,1,1,6,4,4,7,5,28,6
19003,2019-01-06,9,9,5,0,5,4,4,36,9
19004,2019-01-08,4,4,6,0,9,2,2,27,9
19005,2019-01-11,4,9,1,5,2,7,6,34,8
19006,2019-01-13,0,6,2,4,7,5,5,29,7
19007,2019-01-15,2,8,4,0,6,8,9,37,9
19008,2019-01-18,8,7,3,9,5,4,7,43,6
19009,2019-01-20,7,1,9,7,1,8,9,42,8
19010,2019-01-22,2,8,2,3,8,3,9,35,7
19011,2019-01-25,9,1,8,7,5,3,5,38,8
19012,2019-01-27,6,2,1,4,2,4,1,20,5
19013,2019-01-29,3,1,7,8,8,6,2,35,7
19014,2019-02-01,6,6,3,0,8,4,9,36,9
19015,2019-02-03,3,9,9,3,0,7,2,33,9
19016,2019-02-12,0,2,0,7,0,6,0,15,7
19017,2019-02-15,2,4,9,3,5,5,9,37,7
19018,2019-02-17,5,9,4,1,0,1,2,22,9
19019,2019-02-19,4,7,9,7,9,5,3,44,6
19020,2019-02-22,6,7,1,1,4,9,3,31,8
19021,2019-02-24,2,5,0,8,7,5,0,27,8
19022,2019-02-26,4,4,8,7,7,2,6,38,6
19023,2019-03-01,5,2,5,5,3,5,7,32,5
19024,2019-03-03,2,9,4,1,8,3,5,32,8
19025,2019-03-05,3,4,6,6,6,5,0,30,6
19026,2019-03-08,3,7,9,0,5,5,7,36,9
19027,2019-03-10,9,1,4,8,3,2,8,35,8
19028,2019-03-12,2,4,5,1,6,5,1,24,5
19029,2019-03-15,3,5,3,4,6,0,3,24,6
19030,2019-03-17,7,9,3,8,6,2,7,42,7
19031,2019-03-19,1,7,4,1,2,0,3,18,7
19032,2019-03-22,2,9,0,2,5,2,2,22,9
19033,2019-03-24,1,1,0,0,5,5,2,14,5
19034,2019-03-26,3,0,2,8,0,0,0,13,8
19035,2019-03-29,3,8,7,3,6,1,8,36,7
19036,2019-03-31,5,7,5,2,0,0,8,27,8
19037,2019-04-02,2,1,1,0,3,9,8,24,9
19038,2019-04-05,0,0,1,7,9,9,5,31,9
19039,2019-04-07,7,7,3,1,4,2,8,32,7
19040,2019-04-09,4,8,1,4,8,8,2,35,7
19041,2019-04-12,6,0,2,5,8,5,1,27,8
19042,2019-04-14,2,6,0,8,2,6,2,26,8
19043,2019-04-16,8,1,4,4,7,3,7,34,7
19044,2019-04-19,8,2,0,6,3,0,8,27,8
19045,2019-04-21,9,7,7,3,8,7,9,50,6
19046,2019-04-23,2,9,5,5,1,1,2,25,8
19047,2019-04-26,6,7,3,2,7,8,6,39,6
19048,2019-04-28,6,8,2,4,2,9,8,39,7
19049,2019-04-30,2,5,8,9,9,1,6,40,8
19050,2019-05-03,2,6,0,2,0,8,9,27,9
19051,2019-05-05,2,9,1,5,4,9,7,37,8
19052,2019-05-07,8,5,0,7,8,3,8,39,8
19053,2019-05-10,7,6,7,9,3,2,4,38,7
19054,2019-05-12,1,6,0,7,4,6,1,25,7
19055,2019-05-14,5,8,0,6,8,7,7,41,8
19056,2019-05-17,6,7,7,6,4,4,2,36,5
19057,2019-05-19,9,9,7,5,2,0,3,35,9
19058,2019-05-21,5,8,9,9,5,1,8,45,8
19059,2019-05-24,0,1,9,7,0,2,6,25,9
19060,2019-05-26,1,8,4,7,9,2,8,39,8
19061,2019-05-28,2,9,8,8,9,6,7,49,7
19062,2019-05-31,5,4,7,4,1,2,8,31,7
19063,2019-06-02,1,2,8,2,6,4,8,31,7
19064,2019-06-04,1,7,1,2,2,3,3,19,6
19065,2019-06-07,4,3,3,6,2,2,7,27,5
19066,2019-06-09,6,7,7,8,6,1,0,35,8
19067,2019-06-11,0,8,8,5,9,7,4,41,9
19068,2019-06-14,6,6,3,3,8,0,9,35,9
19069,2019-06-16,6,6,8,0,1,4,7,32,8
19070,2019-06-18,4,2,4,9,9,7,2,37,7
19071,2019-06-21,2,4,9,8,4,8,2,37,7
19072,2019-06-23,8,6,1,0,4,9,6,34,9
19073,2019-06-25,2,2,4,5,5,2,9,29,7
19074,2019-06-28,0,9,5,6,2,0,5,27,9
19075,2019-06-30,8,3,3,2,6,5,5,32,6
19076,2019-07-02,2,5,9,7,8,1,1,33,8
19077,2019-07-05,4,2,5,1,0,3,4,19,5
19078,2019-07-07,4,0,7,0,3,9,3,26,9
19079,2019-07-09,9,8,5,4,2,0,5,33,9
19080,2019-07-12,3,2,5,5,8,1,1,25,7
19081,2019-07-14,4,3,0,7,8,1,5,28,8
19082,2019-07-16,0,6,7,3,8,7,4,35,8
19083,2019-07-19,0,4,9,5,9,1,1,29,9
19084,2019-07-21,6,4,7,9,0,0,3,29,9
19085,2019-07-23,7,1,9,8,1,4,1,31,8
19086,2019-07-26,2,3,5,3,2,9,0,24,9
19087,2019-07-28,1,6,8,1,3,0,0,19,8
19088,2019-07-30,6,2,9,9,7,8,9,50,7
19089,2019-08-02,5,8,6,3,2,1,7,32,7
19090,2019-08-04,0,0,6,8,6,6,6,32,8
19091,2019-08-06,3,8,5,5,1,8,7,37,7
19092,2019-08-09,8,8,1,1,1,7,2,28,7
19093,2019-08-11,7,6,0,9,8,4,5,39,9
19094,2019-08-13,4,0,8,5,6,3,5,31,8
19095,2019-08-16,3,9,0,8,3,6,3,32,9
19096,2019-08-18,2,4,6,0,3,2,8,25,8
19097,2019-08-20,6,1,6,5,4,4,5,31,5
19098,2019-08-23,6,0,5,3,8,0,9,31,9
19099,2019-08-25,9,7,7,3,0,1,7,34,9
19100,2019-08-27,0,7,8,7,8,6,9,45,9
19101,2019-08-30,0,5,6,3,2,5,6,27,6
19102,2019-09-01,1,0,5,3,9,6,0,24,9
19103,2019-09-03,0,6,3,1,5,9,6,30,9
19104,2019-09-06,5,4,5,6,0,7,9,36,9
19105,2019-09-08,2,3,9,3,3,4,0,24,9
19106,2019-09-10,8,7,3,4,3,5,6,36,5
19107,2019-09-13,9,2,0,2,0,3,4,20,9
19108,2019-09-15,0,8,0,1,9,7,9,34,9
19109,2019-09-17,4,3,9,9,8,8,2,43,7
19110,2019-09-20,6,9,2,8,9,2,3,39,7
19111,2019-09-22,5,0,3,5,0,2,2,17,5
19112,2019-09-24,1,4,1,7,8,9,2,32,8
19113,2019-09-27,6,5,9,9,8,4,4,45,5
19114,2019-09-29,2,7,7,4,9,9,0,38,9
19115,2019-10-08,4,6,8,3,5,8,6,40,5
19116,2019-10-11,3,0,5,8,8,0,3,27,8
19117,2019-10-13,2,7,0,3,7,1,9,29,9
19118,2019-10-15,3,7,8,1,9,2,7,37,8
19119,2019-10-18,9,5,9,2,2,1,7,35,8
19120,2019-10-20,8,4,0,3,0,2,6,23,8
19121,2019-10-22,3,3,9,8,4,7,9,43,6
19122,2019-10-25,6,8,7,0,9,9,0,39,9
19123,2019-10-27,7,8,1,2,3,5,0,26,8
19124,2019-10-29,9,5,1,8,1,5,6,35,8
19125,2019-11-01,4,4,9,9,7,2,8,43,7
19126,2019-11-03,7,3,3,6,0,4,7,30,7
19127,2019-11-05,8,4,8,1,2,3,9,35,8
19128,2019-11-08,6,9,5,5,9,4,8,46,5
19129,2019-11-10,0,3,2,2,1,0,8,16,8
19130,2019-11-12,0,7,9,0,2,5,6,29,9
19131,2019-11-15,8,2,4,1,3,8,9,35,8
19132,2019-11-17,6,1,3,8,8,2,0,28,8
19133,2019-11-19,5,5,9,3,5,5,3,35,6
19134,2019-11-22,4,2,0,3,4,3,7,23,7
19135,2019-11-24,9,7,6,5,2,6,7,42,7
19136,2019-11-26,5,5,7,3,7,9,5,41,6
19137,2019-11-29,9,4,6,2,2,8,4,35,7
19138,2019-12-01,9,1,5,5,9,7,5,41,8
19139,2019-12-03,2,1,5,6,6,0,6,26,6
19140,2019-12-06,7,2,8,0,5,0,8,30,8
19141,2019-12-08,1,1,3,0,9,0,7,21,9
19142,2019-12-10,1,4,3,5,3,0,7,23,7
19143,2019-12-13,8,3,8,3,0,5,5,32,8
19144,2019-12-15,1,8,4,8,7,4,1,33,7
19145,2019-12-17,1,6,9,8,9,3,3,39,8
19146,2019-12-20,5,4,6,4,9,2,6,36,7
19147,2019-12-22,8,1,4,6,9,6,1,35,8
19148,2019-12-24,7,8,9,8,1,8,2,43,8
19149,2019-12-27,4,0,5,1,6,5,3,24,6
19150,2019-12-29,5,5,9,9,7,1,3,39,8
19151,2019-12-31,1,7,1,0,4,4,3,20,7
20001,2020-01-03,6,7,9,4,5,1,9,41,8
20002,2020-01-05,3,1,0,8,2,2,1,17,8
20003,2020-01-07,4,2,2,2,9,7,5,31,7
20004,2020-01-10,9,5,9,1,3,7,8,42,8
20005,2020-01-12,9,4,5,0,5,0,8,31,9
20006,2020-01-14,0,9,0,8,9,9,8,43,9
20007,2020-01-17,9,4,3,1,8,4,0,29,9
20008,2020-01-19,7,0,8,2,6,0,4,27,8
20009,2020-01-21,6,7,4,2,4,1,4,28,6
20010,2020-03-13,3,3,3,1,4,1,7,22,6
20011,2020-03-15,7,8,8,7,5,8,6,49,3
20012,2020-03-17,7,3,6,8,2,1,4,31,7
20013,2020-03-20,4,5,8,5,1,0,1,24,8
20014,2020-03-22,6,6,0,2,4,4,0,22,6
20015,2020-03-24,5,8,6,2,2,2,0,25,8
20016,2020-03-27,2,6,6,1,3,1,8,27,7
20017,2020-03-29,7,4,5,5,5,3,7,36,4
20018,2020-03-31,6,1,8,3,3,3,9,33,8
20019,2020-04-03,4,8,1,4,2,0,7,26,8
20020,2020-04-05,3,3,2,9,1,7,2,27,8
20021,2020-04-07,7,0,3,1,8,4,1,24,8
20022,2020-04-10,3,1,5,0,6,7,0,22,7
20023,2020-04-12,7,5,3,3,6,0,5,29,7
20024,2020-04-14,8,1,5,1,5,0,7,27,8
20025,2020-04-17,5,3,2,1,1,5,7,24,6
20026,2020-04-19,9,3,3,9,2,9,4,39,7
20027,2020-04-21,8,9,4,4,6,2,7,40,7
20028,2020-04-24,1,3,1,7,8,4,8,32,7
20029,2020-04-26,2,7,6,0,2,1,4,22,7
20030,2020-04-28,2,2,8,3,2,1,1,19,7
20031,2020-05-01,7,5,2,5,3,2,5,29,5
20032,2020-05-03,2,6,3,3,9,2,3,28,7
20033,2020-05-05,7,4,8,3,9,0,5,36,9
20034,2020-05-08,2,4,8,9,3,9,0,35,9
20035,2020-05-10,3,1,8,4,1,2,3,22,7
20036,2020-05-12,5,2,7,7,6,9,6,42,7
20037,2020-05-15,9,5,3,5,2,7,0,31,9
20038,2020-05-17,3,8,0,6,3,4,5,29,8
20039,2020-05-19,3,7,2,7,6,3,7,35,5
20040,2020-05-22,8,9,3,8,2,5,4,39,7
20041,2020-05-24,4,9,3,5,1,9,7,38,8
20042,2020-05-26,3,2,2,0,8,1,3,19,8
20043,2020-05-29,7,7,5,7,0,8,6,40,8
20044,2020-05-31,7,9,7,2,1,4,7,37,8
20045,2020-06-02,5,4,8,0,4,3,2,26,8
20046,2020-06-05,5,9,5,0,2,4,0,25,9
20047,2020-06-07,7,8,8,5,4,1,9,42,8
20048,2020-06-09,1,5,7,3,2,6,6,30,6
20049,2020-06-12,3,1,0,3,8,5,0,20,8
20050,2020-06-14,4,6,7,4,8,4,4,37,4
20051,2020-06-16,1,0,3,9,2,3,3,21,9
20052,2020-06-19,5,3,4,8,9,3,6,38,6
20053,2020-06-21,8,2,0,5,9,3,3,30,9
20054,2020-06-23,5,2,8,2,7,8,6,38,6
20055,2020-06-26,9,5,7,2,0,4,6,33,9
20056,2020-06-28,8,2,6,5,5,5,3,34,6
20057,2020-06-30,8,3,2,3,3,7,1,27,7
20058,2020-07-03,5,3,3,8,0,1,8,28,8
20059,2020-07-05,5,2,8,6,8,8,9,46,7
20060,2020-07-07,4,2,1,0,4,9,7,27,9
20061,2020-07-10,9,4,1,5,7,1,1,28,8
20062,2020-07-12,9,3,6,4,1,4,9,36,8
20063,2020-07-14,5,8,7,2,3,3,0,28,8
20064,2020-07-17,4,2,5,4,4,6,8,33,6
20065,2020-07-19,9,2,8,5,6,6,4,40,7
20066,2020-07-21,8,4,3,8,3,2,8,36,6
20067,2020-07-24,5,6,9,2,8,1,5,36,8
20068,2020-07-26,9,6,8,0,8,5,4,40,9
20069,2020-07-28,3,1,1,4,5,1,5,20,4
20070,2020-07-31,4,7,8,6,2,8,7,42,6
20071,2020-08-02,5,7,7,1,1,3,4,28,6
20072,2020-08-04,0,1,9,3,7,1,4,25,9
20073,2020-08-07,5,9,1,0,4,5,6,30,9
20074,2020-08-09,9,7,9,3,8,2,7,45,7
20075,2020-08-11,9,7,0,5,5,3,5,34,9
20076,2020-08-14,4,8,9,0,8,7,9,45,9
20077,2020-08-16,0,0,6,1,8,7,9,31,9
20078,2020-08-18,5,3,1,1,6,6,2,24,5
20079,2020-08-21,0,3,0,9,6,4,1,23,9
20080,2020-08-23,5,8,3,6,8,8,6,44,5
20081,2020-08-25,1,7,9,0,5,9,5,36,9
20082,2020-08-28,0,0,4,4,1,5,1,15,5
20083,2020-08-30,8,4,4,3,1,1,2,23,7
20084,2020-09-01,4,8,4,1,5,5,2,29,7
20085,2020-09-04,1,4,5,9,5,9,9,42,8
20086,2020-09-06,7,2,4,2,3,8,9,35,7
20087,2020-09-08,1,3,9,2,1,0,8,24,9
20088,2020-09-11,5,5,8,9,8,5,7,47,4
20089,2020-09-13,9,3,3,6,8,6,3,38,6
20090,2020-09-15,2,5,1,7,8,6,1,30,7
20091,2020-09-18,2,3,3,3,9,3,6,29,7
20092,2020-09-20,8,8,3,2,6,7,9,43,7
20093,2020-09-22,6,9,3,0,0,5,0,23,9
20094,2020-09-25,6,9,0,8,5,5,4,37,9
20095,2020-09-27,2,5,2,2,8,8,2,29,6
20096,2020-09-29,4,3,5,6,2,9,7,36,7
20097,2020-10-06,9,7,9,3,0,9,4,41,9
20098,2020-10-09,1,2,9,2,1,6,0,21,9
20099,2020-10-11,2,3,8,1,1,5,0,20,8
20100,2020-10-13,5,6,0,0,2,1,7,21,7
20102,2020-10-18,9,5,3,3,3,3,9,35,6
20103,2020-10-20,0,8,1,6,5,3,6,29,8
20104,2020-10-23,5,0,9,9,3,1,0,27,9
20105,2020-10-25,4,1,7,1,8,2,4,27,7
20106,2020-10-27,3,1,8,9,0,8,1,30,9
20107,2020-10-30,2,3,8,9,3,7,0,32,9
20108,2020-11-01,3,3,2,0,5,1,6,20,6
20109,2020-11-03,9,1,9,4,1,8,3,35,8
20110,2020-11-06,6,4,5,7,5,8,2,37,6
20112,2020-11-10,0,4,4,4,9,4,6,31,9
20113,2020-11-13,4,9,8,0,0,3,4,28,9
20114,2020-11-15,8,8,7,3,4,5,0,35,8
20115,2020-11-17,1,3,4,8,8,5,4,33,7
20117,2020-11-22,7,9,0,5,0,6,5,32,9
20119,2020-11-27,2,2,2,7,2,3,7,25,5
20121,2020-12-01,1,2,7,9,8,4,9,40,8
20122,2020-12-04,6,0,1,9,8,7,9,40,9
20123,2020-12-06,7,7,1,6,4,1,4,30,6
20125,2020-12-11,1,9,1,1,7,4,6,29,8
20128,2020-12-18,4,2,9,7,1,8,1,32,8
20129,2020-12-20,7,8,3,9,1,8,5,41,8
20130,2020-12-22,5,3,9,8,0,6,4,35,9
20131,2020-12-25,8,5,0,0,3,8,9,33,9
20132,2020-12-27,5,5,2,9,7,9,6,43,7
21002,2021-01-03,7,0,7,0,7,8,8,37,8
21004,2021-01-08,0,0,7,8,4,9,1,29,9
21005,2021-01-10,0,9,5,3,7,0,0,24,9
21009,2021-01-19,9,7,9,0,8,8,5,46,9
21010,2021-01-22,4,8,1,5,5,7,6,36,7
21011,2021-01-24,5,6,5,6,3,0,4,29,6
21012,2021-01-26,0,3,7,0,1,1,9,21,9
21013,2021-01-29,6,7,2,0,4,4,9,32,9
21016,2021-02-05,7,5,2,9,1,8,4,36,8
21018,2021-02-19,7,9,2,7,8,0,1,34,9
21019,2021-02-21,4,5,9,0,8,2,6,34,9
21021,2021-02-26,2,8,5,4,8,5,8,40,6
21022,2021-02-28,0,2,5,9,2,6,0,24,9
21024,2021-03-05,5,6,5,1,7,2,3,29,6
21026,2021-03-09,3,9,9,2,1,7,4,35,8
21027,2021-03-12,9,3,7,6,3,2,0,30,9
21028,2021-03-14,9,3,5,4,4,4,6,35,6
21029,2021-03-16,5,5,4,4,0,8,6,32,8
21031,2021-03-21,8,6,8,6,1,7,1,37,7
21032,2021-03-23,4,5,2,5,2,0,0,18,5
21033,2021-03-26,0,7,6,2,3,7,9,34,9
21034,2021-03-28,3,5,2,3,1,1,3,18,4
21035,2021-03-30,1,3,6,5,7,8,4,34,7
21036,2021-04-02,2,3,3,9,5,1,2,25,8
21042,2021-04-16,1,9,6,3,9,7,2,37,8
21043,2021-04-18,4,6,0,2,1,3,5,21,6
21044,2021-04-20,0,4,4,9,6,3,5,31,9
21048,2021-04-30,2,3,9,6,2,1,5,28,8
21050,2021-05-04,3,1,9,0,3,0,2,18,9
21054,2021-05-14,4,9,6,6,4,9,4,42,5
21057,2021-05-21,8,6,1,1,5,2,7,30,7
21060,2021-05-28,6,0,4,5,8,4,7,34,8
21061,2021-05-30,4,5,4,6,0,2,8,29,8
21062,2021-06-01,8,6,1,1,8,7,2,33,7
21063,2021-06-04,9,5,4,8,2,9,3,40,7
21064,2021-06-06,2,0,2,5,5,5,3,22,5
21066,2021-06-11,5,9,1,0,4,4,2,25,9
21067,2021-06-13,7,0,8,8,8,1,3,35,8
21069,2021-06-18,2,5,4,9,5,3,2,30,7
21073,2021-06-27,3,5,9,3,3,4,5,32,6
21076,2021-07-04,8,1,6,8,0,0,3,26,8
21078,2021-07-09,0,7,3,3,1,8,7,29,8
21080,2021-07-13,7,2,2,8,2,4,7,32,6
21081,2021-07-16,5,2,7,3,0,3,4,24,7
21082,2021-07-18,4,7,5,1,3,5,5,30,6
21084,2021-07-23,4,3,1,6,6,7,0,27,7
21085,2021-07-25,0,3,5,9,3,2,7,29,9
21086,2021-07-27,1,1,9,4,2,0,0,17,9
21087,2021-07-30,3,6,2,9,8,8,3,39,7
21088,2021-08-01,9,7,5,6,2,5,5,39,7
21090,2021-08-06,2,6,8,7,0,4,6,33,8
21091,2021-08-08,8,6,9,4,7,3,5,42,6
21093,2021-08-13,7,5,6,7,3,9,8,45,6
21094,2021-08-15,4,8,1,5,7,1,1,27,7
21095,2021-08-17,4,6,5,7,6,7,6,41,3
21097,2021-08-22,0,5,5,4,4,5,0,23,5
21098,2021-08-24,1,0,7,7,9,6,5,35,9
21099,2021-08-27,4,0,0,3,7,8,7,29,8
21102,2021-09-03,1,1,6,4,7,6,4,29,6
21103,2021-09-05,5,5,6,9,9,8,3,45,6
21104,2021-09-07,0,1,8,2,5,7,9,32,9
21105,2021-09-10,3,8,2,8,1,3,2,27,7
21106,2021-09-12,4,7,9,0,2,8,5,35,9
21107,2021-09-14,3,9,3,1,9,2,0,27,9
21108,2021-09-17,4,7,0,0,8,7,8,34,8
21110,2021-09-21,7,1,9,6,4,9,7,43,8
21111,2021-09-24,1,9,9,9,0,5,5,38,9
21112,2021-09-26,1,0,2,4,6,6,6,25,6
21113,2021-09-28,0,5,4,0,1,8,5,23,8
21116,2021-10-10,7,7,0,3,4,0,7,28,7
21117,2021-10-12,6,9,6,1,7,9,9,47,8
21118,2021-10-15,8,2,1,3,7,6,0,27,8
21121,2021-10-22,5,9,5,7,0,2,8,36,9
21122,2021-10-24,6,8,8,1,6,8,3,40,7
21123,2021-10-26,2,4,2,0,0,7,0,15,7
21126,2021-11-02,7,8,6,1,9,8,2,41,8
21127,2021-11-05,2,3,2,9,3,4,0,23,9
21128,2021-11-07,7,6,4,1,0,5,9,32,9
21129,2021-11-09,1,8,3,1,1,7,7,28,7
21130,2021-11-12,1,1,5,3,4,5,6,25,5
21131,2021-11-14,1,2,4,9,9,2,6,33,8
21132,2021-11-16,1,0,6,1,2,0,6,16,6
21134,2021-11-21,2,8,1,3,9,2,8,33,8
21135,2021-11-23,4,3,6,2,3,3,9,30,7
21136,2021-11-26,5,3,2,7,0,5,2,24,7
21138,2021-11-30,2,3,6,6,6,9,9,41,7
21140,2021-12-05,9,8,2,7,1,0,7,34,9
21144,2021-12-14,4,7,4,8,3,9,2,37,7
21145,2021-12-17,6,0,7,3,0,2,4,22,7
21147,2021-12-21,1,6,0,2,7,9,3,28,9
21148,2021-12-24,6,4,0,0,2,4,4,20,6
21149,2021-12-26,7,8,0,8,0,7,9,39,9
21150,2021-12-28,8,8,4,6,3,8,5,42,5
22003,2022-01-07,4,3,5,3,9,7,0,31,9
22006,2022-01-14,8,7,5,8,8,0,9,45,9
22007,2022-01-16,6,2,1,9,8,1,7,34,8
22008,2022-01-18,6,2,7,6,5,8,5,39,6
22009,2022-01-21,9,3,5,6,8,4,8,43,6
22010,2022-01-23,1,1,5,8,3,9,0,27,9
22012,2022-01-28,2,3,1,2,3,8,9,28,8
22013,2022-02-08,5,7,6,6,5,4,8,41,4
22014,2022-02-11,3,1,3,8,2,5,6,28,7
22015,2022-02-13,1,2,8,9,9,1,8,38,8
22016,2022-02-15,6,4,6,5,6,6,9,42,5
22018,2022-02-20,7,4,9,4,7,3,0,34,9
22019,2022-02-22,8,8,0,6,3,0,6,31,8
22020,2022-02-25,2,6,5,9,5,0,1,28,9
22021,2022-02-27,6,1,3,0,2,9,0,21,9
22025,2022-03-08,6,6,0,4,6,6,3,31,6
22026,2022-03-11,1,6,4,8,1,7,1,28,7
22027,2022-03-13,9,1,1,3,2,3,7,26,8
22028,2022-03-15,1,1,2,8,1,4,5,22,7
22029,2022-03-18,6,1,6,1,3,5,7,29,6
22030,2022-03-20,2,8,4,9,2,5,8,38,7
22031,2022-03-22,7,1,8,0,8,5,7,36,8
22034,2022-03-29,0,4,3,0,6,5,9,27,9
22035,2022-04-01,2,9,1,6,5,8,3,34,8
22036,2022-04-03,3,2,1,0,1,6,9,22,9
22037,2022-04-05,9,3,5,0,1,2,3,23,9
22039,2022-04-10,0,9,3,3,3,6,9,33,9
22040,2022-04-12,2,9,5,8,8,9,0,41,9
22041,2022-04-15,4,2,6,5,1,9,3,30,8
22042,2022-04-17,9,6,4,2,0,1,5,27,9
22043,2022-04-19,6,5,6,5,6,4,2,34,4
22044,2022-04-22,5,0,5,6,9,9,6,40,9
22045,2022-04-24,5,6,0,4,0,9,8,32,9
22046,2022-04-26,4,5,0,1,1,3,8,22,8
22047,2022-04-29,2,9,5,1,6,3,9,35,8
22049,2022-05-03,4,9,0,1,7,0,5,26,9
22050,2022-05-06,5,5,3,4,2,4,0,23,5
22051,2022-05-08,4,6,8,2,8,8,6,42,6
22054,2022-05-15,3,7,3,7,1,9,1,31,8
22057,2022-05-22,8,5,6,6,8,9,0,42,9
22059,2022-05-27,6,1,9,1,4,3,3,27,8
22060,2022-05-29,1,3,1,4,4,9,9,31,8
22062,2022-06-03,4,2,1,0,3,0,3,13,4
22063,2022-06-05,9,7,1,6,9,2,7,41,8
22064,2022-06-07,6,3,8,3,3,0,7,30,8
22065,2022-06-10,8,4,1,4,4,7,8,36,7
22068,2022-06-17,8,3,9,1,6,8,4,39,8
22070,2022-06-21,1,6,8,6,9,9,5,44,8
22072,2022-06-26,4,1,3,8,9,3,9,37,8
22075,2022-07-03,3,5,3,9,0,8,8,36,9
22076,2022-07-05,1,7,8,5,3,8,5,37,7
22078,2022-07-10,6,9,4,2,8,8,2,39,7
22079,2022-07-12,9,3,0,5,4,3,6,30,9
22081,2022-07-17,6,5,2,5,6,2,0,26,6
22082,2022-07-19,9,5,2,9,7,0,8,40,9
22085,2022-07-26,5,6,7,7,8,7,0,40,8
22086,2022-07-29,4,6,4,9,6,3,2,34,7
22088,2022-08-02,6,9,6,2,6,4,6,39,7
22090,2022-08-07,4,2,4,2,6,2,4,24,4
22091,2022-08-09,1,7,9,2,0,7,9,35,9
22092,2022-08-12,8,7,8,3,7,5,4,42,5
22093,2022-08-14,4,1,7,7,7,4,0,30,7
22100,2022-08-30,0,7,4,2,5,6,6,30,7
22102,2022-09-04,7,2,5,7,0,5,9,35,9
22104,2022-09-09,3,9,5,0,1,6,2,26,9
22105,2022-09-11,4,2,3,4,9,4,6,32,7
22106,2022-09-13,5,8,0,0,7,9,3,32,9
22107,2022-09-16,9,6,3,1,4,7,5,35,8
22111,2022-09-25,0,5,0,5,2,0,5,17,5
22113,2022-09-30,7,9,1,6,7,3,7,40,8
22116,2022-10-11,2,5,9,7,9,1,4,37,8
22117,2022-10-14,3,1,2,5,6,9,5,31,8
22119,2022-10-18,0,7,8,8,1,6,5,35,8
22120,2022-10-21,6,0,8,3,9,4,7,37,9
22122,2022-10-25,2,6,4,7,4,9,5,37,7
22124,2022-10-30,3,8,4,5,4,9,0,33,9
22129,2022-11-11,8,7,3,3,4,0,7,32,8
22130,2022-11-13,7,8,0,3,4,8,4,34,8
22131,2022-11-15,0,8,2,6,5,1,2,24,8
22132,2022-11-18,2,4,7,9,1,2,8,33,8
22133,2022-11-20,1,4,7,8,6,1,4,31,7
22134,2022-11-22,4,7,9,6,7,2,6,41,7
22137,2022-11-29,2,3,9,4,9,0,9,36,9
22138,2022-12-02,8,4,5,1,1,4,6,29,7
22139,2022-12-04,1,3,3,6,4,9,3,29,8
22143,2022-12-13,5,0,4,6,8,6,2,31,8
22144,2022-12-16,2,8,7,9,7,7,5,45,7
22145,2022-12-18,7,1,6,3,8,8,6,39,7
22146,2022-12-20,1,2,0,1,4,1,5,14,5
22147,2022-12-23,4,7,1,3,7,8,7,37,7
22148,2022-12-25,7,2,9,3,3,1,9,34,8
22149,2022-12-27,6,9,8,2,2,4,3,34,7
23004,2023-01-08,1,2,5,7,7,9,7,38,8
23006,2023-01-13,4,1,0,4,9,4,9,31,9
23007,2023-01-15,2,5,2,8,0,7,7,31,8
23010,2023-01-31,3,3,9,4,2,9,5,35,7
23011,2023-02-03,7,6,8,9,5,9,1,45,8
23012,2023-02-05,4,7,6,3,0,0,0,20,7
23015,2023-02-12,7,5,7,3,9,2,9,42,7
23017,2023-02-17,6,6,5,7,2,9,1,36,8
23018,2023-02-19,2,8,0,4,2,3,4,23,8
23019,2023-02-21,1,7,4,7,6,7,2,34,6
23020,2023-02-24,2,2,5,4,9,5,3,30,7
23021,2023-02-26,6,1,6,8,2,6,7,36,7
23024,2023-03-05,6,6,9,2,0,8,1,32,9
23025,2023-03-07,7,8,5,4,3,3,9,39,6
23026,2023-03-10,0,7,3,3,2,2,4,21,7
23029,2023-03-17,3,6,0,8,0,7,4,28,8
23035,2023-03-31,6,1,7,1,2,3,1,21,6
23037,2023-04-04,1,9,5,0,9,0,6,30,9
23038,2023-04-07,1,8,5,8,3,5,1,31,7
23039,2023-04-09,0,7,3,0,7,4,5,26,7
23040,2023-04-11,8,2,1,4,6,5,3,29,7
23041,2023-04-14,8,6,0,0,4,5,1,24,8
23042,2023-04-16,0,2,0,5,6,0,5,18,6
23043,2023-04-18,1,4,5,3,8,3,9,33,8
23044,2023-04-21,8,1,3,5,3,8,5,33,7
23045,2023-04-23,1,4,5,3,3,0,5,21,5
23047,2023-04-28,9,0,0,5,1,0,5,20,9
23049,2023-05-02,8,7,9,5,6,1,9,45,8
23050,2023-05-05,4,0,9,8,7,3,7,38,9
23051,2023-05-07,0,3,0,9,5,5,2,24,9
23052,2023-05-09,1,7,3,6,7,1,7,32,6
23053,2023-05-12,5,5,7,7,4,3,2,33,5
23054,2023-05-14,9,9,9,9,2,7,8,53,7
23055,2023-05-16,7,8,6,5,0,6,7,39,8
23057,2023-05-21,0,4,2,1,8,4,5,24,8
23059,2023-05-26,7,3,6,0,7,2,2,27,7
23061,2023-05-30,4,7,1,1,2,4,9,28,8
23062,2023-06-02,6,2,6,9,2,9,5,39,7
23063,2023-06-04,6,2,1,9,3,2,5,28,8
23064,2023-06-06,2,6,1,5,7,7,0,28,7
23065,2023-06-09,3,0,9,6,9,2,6,35,9
23066,2023-06-11,2,2,4,3,8,5,3,27,6
23067,2023-06-13,2,9,0,3,0,6,1,21,9
23069,2023-06-18,4,2,8,8,2,7,5,36,6
23070,2023-06-20,8,7,9,2,6,2,9,43,7
23071,2023-06-23,4,9,9,3,1,2,4,32,8
23072,2023-06-25,8,7,0,2,5,8,4,34,8
23073,2023-06-27,3,0,7,7,7,0,9,33,9
23075,2023-07-02,5,4,2,3,1,9,1,25,8
23076,2023-07-04,9,9,3,2,5,8,4,40,7
23078,2023-07-09,3,4,4,7,1,2,5,26,6
23079,2023-07-11,8,5,2,7,9,4,5,40,7
23083,2023-07-21,4,9,9,1,2,3,4,32,8
23085,2023-07-25,9,7,4,6,7,3,8,44,6
23086,2023-07-28,7,0,9,8,2,5,5,36,9
23089,2023-08-04,3,2,2,5,1,4,8,25,7
23091,2023-08-08,9,9,3,9,5,3,4,42,6
23092,2023-08-11,2,1,1,1,2,6,5,18,5
23093,2023-08-13,1,8,0,0,3,7,2,21,8
23094,2023-08-15,3,6,4,2,2,8,2,27,6
23098,2023-08-25,1,6,0,9,4,9,1,30,9
23100,2023-08-29,9,4,3,9,3,1,6,35,8
23101,2023-09-01,5,6,6,2,9,8,6,42,7
23102,2023-09-03,5,9,0,4,3,1,0,22,9
23105,2023-09-10,3,2,9,7,6,1,0,28,9
23106,2023-09-12,0,5,8,1,2,5,7,28,8
23107,2023-09-15,0,2,0,5,6,4,5,22,6
23109,2023-09-19,3,8,3,1,9,7,0,31,9
23110,2023-09-22,3,5,1,4,3,0,6,22,6
23112,2023-09-26,1,8,1,6,8,8,9,41,8
23113,2023-09-29,2,5,1,9,8,0,3,28,9
23116,2023-10-10,1,2,5,5,3,5,6,27,5
23117,2023-10-13,6,9,3,5,8,2,4,37,7
23124,2023-10-29,8,3,0,9,5,1,8,34,9
23125,2023-10-31,0,8,5,6,7,1,9,36,9
23127,2023-11-05,7,3,1,1,7,9,5,33,8
23131,2023-11-14,4,7,4,2,3,5,2,27,5
23132,2023-11-17,7,2,0,7,9,3,1,29,9
23135,2023-11-24,4,6,9,5,5,5,9,43,5
23136,2023-11-26,7,9,7,1,9,1,5,39,8
23138,2023-12-01,4,6,7,2,7,5,7,38,5
23139,2023-12-03,6,1,4,6,1,4,9,31,8
23140,2023-12-05,0,0,0,3,6,9,2,20,9
23141,2023-12-08,5,1,4,4,6,2,6,28,5
23142,2023-12-10,3,3,8,6,1,5,3,29,7
23144,2023-12-15,1,2,1,9,7,0,0,20,9
23145,2023-12-17,5,1,6,2,4,4,8,30,7
23146,2023-12-19,1,2,9,8,0,1,6,27,9
23147,2023-12-22,7,3,1,1,8,1,9,30,8
23148,2023-12-24,0,4,8,1,0,6,3,22,8
23149,2023-12-26,8,3,5,9,2,8,6,41,7
23150,2023-12-29,1,6,1,2,9,3,5,27,8
24001,2024-01-02,9,8,8,4,3,1,9,42,8
24004,2024-01-09,3,4,1,1,8,2,6,25,7
24005,2024-01-12,9,1,7,5,9,5,7,43,8
24006,2024-01-14,3,2,3,4,1,6,4,23,5
24007,2024-01-16,2,0,9,9,7,2,3,32,9
24008,2024-01-19,5,9,9,0,9,2,1,35,9
24009,2024-01-21,4,3,5,1,8,7,9,37,8
24010,2024-01-23,6,7,9,3,1,1,4,31,8
24013,2024-01-30,1,0,2,1,6,6,4,20,6
24014,2024-02-02,3,7,1,9,0,5,5,30,9
24017,2024-02-18,1,3,9,5,7,1,3,29,8
24018,2024-02-20,9,4,7,8,2,1,0,31,9
24019,2024-02-23,5,8,2,7,4,5,4,35,6
24021,2024-02-27,1,9,6,4,7,5,6,38,8
24022,2024-03-01,1,6,7,6,4,6,6,36,6
24024,2024-03-05,2,0,4,4,6,2,1,19,6
24027,2024-03-12,3,1,4,3,4,8,1,24,7
24028,2024-03-15,7,9,2,5,6,4,3,36,7
24029,2024-03-17,0,4,1,5,7,2,8,27,8
24030,2024-03-19,7,5,8,2,7,9,3,41,7
24031,2024-03-22,5,6,8,6,3,6,8,42,5
24032,2024-03-24,7,5,6,9,5,7,4,43,5
24034,2024-03-29,9,1,7,3,3,5,3,31,8
24035,2024-03-31,5,0,7,9,7,9,7,44,9
24036,2024-04-02,1,7,5,5,2,9,8,37,8
24037,2024-04-05,1,1,0,8,1,9,0,20,9
24038,2024-04-07,7,8,9,9,2,2,4,41,7
24039,2024-04-09,1,5,5,3,1,2,9,26,8
24040,2024-04-12,6,2,2,0,7,2,7,26,7
24041,2024-04-14,9,8,9,8,8,8,1,51,8
24042,2024-04-16,8,0,1,5,3,0,2,19,8
24044,2024-04-21,1,9,9,6,7,0,2,34,9
24045,2024-04-23,5,2,9,7,6,9,7,45,7
24046,2024-04-26,4,3,8,5,2,4,6,32,6
24047,2024-04-28,4,2,7,6,4,5,2,30,5
24048,2024-04-30,5,5,6,7,0,2,5,30,7
24049,2024-05-03,3,5,3,8,8,1,1,29,7
24050,2024-05-05,4,9,6,9,2,6,3,39,7
24051,2024-05-07,5,6,5,5,7,7,1,36,6
24054,2024-05-14,8,6,2,3,1,4,7,31,7
24056,2024-05-19,8,6,3,3,8,9,8,45,6
24059,2024-05-26,7,0,8,5,2,6,4,32,8
24060,2024-05-28,2,4,7,0,7,1,1,22,7
24061,2024-05-31,1,5,9,0,3,7,1,26,9
24062,2024-06-02,4,7,3,1,8,9,6,38,8
24063,2024-06-04,6,3,1,5,3,6,3,27,5
24065,2024-06-09,9,5,5,1,4,4,6,34,8
24066,2024-06-11,7,1,5,6,3,4,0,26,7
24067,2024-06-14,3,4,6,4,3,0,8,28,8
24068,2024-06-16,6,5,8,3,2,3,7,34,6
24069,2024-06-18,8,0,7,2,1,8,2,28,8
24071,2024-06-23,3,9,9,2,2,7,5,37,7
24074,2024-06-30,5,2,8,1,7,9,5,37,8
24076,2024-07-05,2,4,1,2,4,8,4,25,7
24077,2024-07-07,6,2,3,2,8,8,0,29,8
24080,2024-07-14,4,5,9,7,9,0,0,34,9
24081,2024-07-16,2,7,4,8,2,5,1,29,7
24082,2024-07-19,5,7,7,6,7,7,0,39,7
24084,2024-07-23,1,5,6,6,5,3,9,35,8
24085,2024-07-26,4,3,7,6,3,7,4,34,4
24087,2024-07-30,0,1,1,7,6,3,0,18,7
24088,2024-08-02,5,6,3,9,9,1,1,34,8
24089,2024-08-04,2,9,2,0,1,6,8,28,9
24090,2024-08-06,4,6,1,6,8,0,3,28,8
24091,2024-08-09,7,6,1,1,9,4,4,32,8
24092,2024-08-11,3,0,4,7,2,2,8,26,8
24094,2024-08-16,6,3,3,3,5,6,6,32,3
24095,2024-08-18,7,6,9,0,3,6,2,33,9
24096,2024-08-20,2,2,7,5,9,0,6,31,9
24097,2024-08-23,9,8,0,1,5,0,2,25,9
24098,2024-08-25,2,4,3,9,5,7,9,39,7
24099,2024-08-27,1,1,7,7,7,1,3,27,6
24101,2024-09-01,6,2,5,0,3,3,6,25,6
24102,2024-09-03,4,9,7,2,2,9,8,41,7
24103,2024-09-06,0,6,2,5,8,5,6,32,8
24104,2024-09-08,5,0,8,2,6,8,0,29,8
24105,2024-09-10,1,4,4,0,2,0,2,13,4
24106,2024-09-13,3,4,9,3,2,8,5,34,7
24107,2024-09-15,3,8,5,7,9,0,2,34,9
24110,2024-09-22,5,4,1,5,4,1,5,25,4
24111,2024-09-24,3,4,2,4,1,1,0,15,4
24112,2024-09-27,5,3,1,6,7,3,4,29,6
24114,2024-10-06,7,8,1,6,7,4,1,34,7
24115,2024-10-08,8,4,4,8,8,9,5,46,5
24116,2024-10-11,0,4,6,7,3,4,9,33,9
24117,2024-10-13,1,4,8,4,7,5,6,35,7
24118,2024-10-15,9,9,6,9,7,0,6,46,9
24119,2024-10-18,0,7,3,1,9,5,6,31,9
24120,2024-10-20,0,8,3,0,4,8,4,27,8
24121,2024-10-22,2,0,7,8,8,1,4,30,8
24124,2024-10-29,3,7,7,5,3,0,9,34,9
24126,2024-11-03,9,8,0,2,5,1,0,25,9
24127,2024-11-05,7,7,6,5,8,2,2,37,6
24128,2024-11-08,9,3,0,0,9,8,1,30,9
24129,2024-11-10,4,0,6,6,4,7,5,32,7
24130,2024-11-12,7,8,0,0,8,3,6,32,8
24132,2024-11-17,5,4,2,8,0,3,5,27,8
24133,2024-11-19,2,7,7,2,9,5,5,37,7
24136,2024-11-26,7,7,7,8,1,6,1,37,7
24137,2024-11-29,3,9,1,9,2,8,0,32,9
24139,2024-12-03,9,7,0,1,5,4,5,31,9
24140,2024-12-06,2,9,6,1,2,6,3,29,8
24141,2024-12-08,1,5,8,5,1,3,8,31,7
24142,2024-12-10,5,8,9,9,3,2,9,45,7
24143,2024-12-13,2,8,7,1,2,9,4,33,8
24145,2024-12-17,9,1,3,8,7,0,4,32,9
24147,2024-12-22,4,8,2,9,0,4,6,33,9
24149,2024-12-27,0,7,0,8,4,8,2,29,8
24151,2024-12-31,7,6,4,0,8,5,0,30,8
25001,2025-01-03,2,3,3,0,9,2,0,19,9
25004,2025-01-10,4,7,2,0,0,2,5,20,7
25005,2025-01-12,1,6,3,3,2,4,3,22,5
25007,2025-01-17,0,2,7,5,0,2,1,17,7
25009,2025-01-21,8,3,7,8,7,4,6,43,5
25010,2025-01-24,3,4,8,4,1,0,3,23,8
25013,2025-02-09,3,7,4,7,9,0,7,37,9
25014,2025-02-11,6,7,5,1,3,5,3,30,6
25020,2025-02-25,7,9,8,2,0,5,9,40,9
25022,2025-03-02,1,2,0,4,0,6,5,18,6
25023,2025-03-04,1,2,4,5,5,7,8,32,7
25024,2025-03-07,9,0,7,0,7,0,0,23,9
25028,2025-03-16,3,4,1,6,9,7,3,33,8
25029,2025-03-18,1,4,9,0,5,7,1,27,9
25031,2025-03-23,4,7,8,1,3,5,7,35,7
25032,2025-03-25,9,0,5,0,2,5,9,30,9
25033,2025-03-28,1,7,7,7,6,6,8,42,7
25034,2025-03-30,0,9,2,8,4,0,6,29,9
25035,2025-04-01,6,6,6,8,0,3,8,37,8
25036,2025-04-04,2,8,4,8,6,5,9,42,7
25037,2025-04-06,0,2,2,2,6,6,7,25,7
25038,2025-04-08,9,4,9,1,3,5,2,33,8
25039,2025-04-11,3,4,5,7,3,3,4,29,4
25040,2025-04-13,7,8,3,3,9,8,9,47,6
25041,2025-04-15,7,5,1,8,7,1,4,33,7
25042,2025-04-18,6,3,9,7,9,7,4,45,6
25045,2025-04-25,2,3,4,6,5,1,1,22,5
25046,2025-04-27,8,5,7,2,6,2,2,32,6
25048,2025-05-02,2,1,7,8,7,8,2,35,7
25049,2025-05-04,2,3,5,4,8,7,5,34,6
25050,2025-05-06,7,8,3,1,1,1,4,25,7
25052,2025-05-11,1,5,9,2,7,0,8,32,9
25054,2025-05-16,9,4,1,3,1,5,4,27,8
25055,2025-05-18,1,4,6,1,1,7,1,21,6
25056,2025-05-20,6,0,7,4,8,2,2,29,8
25057,2025-05-23,0,8,7,0,0,6,3,24,8
25060,2025-05-30,0,5,1,7,7,0,5,25,7
25061,2025-06-01,2,7,0,6,3,6,5,29,7
25062,2025-06-03,1,2,6,6,8,2,5,30,7
25064,2025-06-08,0,2,9,3,8,3,6,31,9
25066,2025-06-13,6,8,5,7,4,4,1,35,7
25067,2025-06-15,2,2,1,9,1,4,2,21,8
25068,2025-06-17,3,9,0,7,7,2,3,31,9
25069,2025-06-20,5,3,5,4,2,5,3,27,3
25071,2025-06-24,5,0,3,7,2,5,0,22,7
25072,2025-06-27,0,8,5,7,0,3,1,24,8
25074,2025-07-01,4,8,9,7,7,3,6,44,6
25075,2025-07-04,2,9,1,7,1,8,5,33,8
25076,2025-07-06,7,1,7,2,8,3,1,29,7
25077,2025-07-08,0,2,3,4,5,2,6,22,6
25078,2025-07-11,3,2,8,7,0,5,3,28,8
25080,2025-07-15,3,1,1,9,7,1,2,24,8
25081,2025-07-18,4,1,9,0,2,3,2,21,9
25083,2025-07-22,5,4,5,0,7,5,7,33,7
25084,2025-07-25,1,4,5,6,0,6,4,26,6
25085,2025-07-27,9,4,5,4,3,8,2,35,7
25090,2025-08-08,9,5,1,8,0,8,6,37,9
25091,2025-08-10,2,0,4,9,3,8,8,34,9
25092,2025-08-12,9,7,0,2,0,1,4,23,9
25096,2025-08-22,2,6,3,0,4,7,9,31,9
25097,2025-08-24,3,9,7,3,6,5,6,39,6
25098,2025-08-26,2,4,8,4,0,7,8,33,8
25100,2025-08-31,0,7,4,3,4,6,8,32,8
25102,2025-09-05,7,7,7,6,6,8,8,49,2
25103,2025-09-07,7,6,2,2,4,0,3,24,7
25104,2025-09-09,9,1,2,3,7,9,0,31,9
25105,2025-09-12,7,8,7,3,4,7,0,36,8
25106,2025-09-14,9,2,6,9,2,1,3,32,8
25107,2025-09-16,8,4,8,8,2,0,3,33,8
25108,2025-09-19,0,2,1,1,9,1,9,23,9
25113,2025-09-30,0,9,1,4,1,1,8,24,9
25114,2025-10-05,8,3,3,2,8,3,3,30,6
25116,2025-10-10,6,6,4,2,3,1,9,31,8
25117,2025-10-12,4,5,4,2,7,1,4,27,6
25120,2025-10-19,8,5,1,1,9,6,8,38,8
25121,2025-10-21,8,4,8,1,4,5,3,33,7
25123,2025-10-26,8,0,6,5,7,9,7,42,9
25125,2025-10-31,4,5,6,3,8,7,9,42,6
25127,2025-11-04,4,1,9,0,7,5,6,32,9
25129,2025-11-09,9,7,0,6,3,7,3,35,9
25130,2025-11-11,7,0,4,0,3,4,5,23,7
25131,2025-11-14,3,5,0,2,1,1,0,12,5
25132,2025-11-16,3,2,3,6,9,9,9,41,7
25133,2025-11-18,2,4,7,9,1,3,4,30,8
25135,2025-11-23,8,6,7,2,6,1,9,39,8
25136,2025-11-25,8,9,5,9,9,4,0,44,9
25137,2025-11-28,6,4,9,7,5,8,2,41,7
25138,2025-11-30,9,2,3,5,1,0,0,20,9
25139,2025-12-02,7,8,3,4,9,8,3,42,6
25141,2025-12-07,4,1,9,5,3,0,4,26,9
25142,2025-12-09,4,2,4,9,9,1,6,35,8
25143,2025-12-12,0,1,6,3,7,6,7,30,7
25144,2025-12-14,0,5,1,2,0,4,7,19,7
25145,2025-12-16,8,9,0,9,9,8,6,49,9
25147,2025-12-21,1,5,6,0,1,3,5,21,6
25149,2025-12-26,2,8,8,6,5,2,7,38,6
25150,2025-12-28,8,5,3,1,8,7,1,33,7
25151,2025-12-30,8,8,7,5,7,6,9,50,4
26001,2026-01-02,1,1,1,2,4,1,1,11,3
26002,2026-01-04,3,4,5,5,9,8,9,43,6
26003,2026-01-06,5,5,1,9,3,1,0,24,9
26004,2026-01-09,4,4,1,5,3,6,1,24,5
26006,2026-01-13,8,1,8,5,6,4,0,32,8
26007,2026-01-16,5,0,3,9,5,9,0,31,9
26009,2026-01-20,8,0,1,9,5,6,2,31,9
26010,2026-01-23,8,3,9,2,6,3,2,33,7
26012,2026-01-27,6,4,0,6,6,8,6,36,8
26013,2026-01-30,9,5,5,2,3,6,6,36,7
26014,2026-02-01,9,8,8,2,5,1,1,34,8
26015,2026-02-03,0,1,9,9,1,1,5,26,9
26017,2026-02-08,8,0,2,6,8,0,0,24,8
26018,2026-02-10,2,9,3,6,5,7,2,34,7
26019,2026-02-13,6,0,8,8,2,7,1,32,8
26020,2026-02-24,5,5,0,9,5,6,4,34,9
26021,2026-02-27,6,4,3,5,6,3,2,29,4
26022,2026-03-01,7,9,9,1,0,2,3,31,9
26027,2026-03-13,8,7,7,3,6,0,9,40,9
26028,2026-03-15,7,9,8,0,1,1,6,32,9
26034,2026-03-29,3,9,9,1,5,3,5,35,8
26035,2026-03-31,7,4,2,7,2,7,2,31,5
26036,2026-04-03,2,8,8,9,7,9,8,51,7
26037,2026-04-05,9,9,6,9,4,0,1,38,9
26040,2026-04-12,0,7,7,1,8,7,4,34,8
26042,2026-04-17,6,5,1,8,1,3,6,30,7
26044,2026-04-21,7,6,2,0,9,1,1,26,9
26047,2026-04-28,3,9,8,2,5,0,8,35,9
26048,2026-05-01,4,5,2,9,6,1,5,32,8
26049,2026-05-03,2,7,8,9,5,0,7,38,9
26050,2026-05-05,2,2,6,2,5,3,0,20,6
26054,2026-05-15,9,6,4,5,3,2,8,37,7
26055,2026-05-17,5,5,6,3,8,5,3,35,5
26057,2026-05-22,3,3,5,0,5,6,1,23,6
26058,2026-05-24,3,7,4,1,2,3,1,21,6
26059,2026-05-26,0,6,9,2,3,4,4,28,9
26062,2026-06-02,5,6,7,0,3,1,3,25,7
26063,2026-06-05,5,0,7,6,6,6,5,35,7
26064,2026-06-07,2,3,3,7,2,5,9,31,7
26065,2026-06-09,7,4,9,0,7,3,1,31,9
26067,2026-06-14,3,6,5,7,1,4,3,29,6
26068,2026-06-16,7,5,1,1,6,2,5,27,6
26069,2026-06-19,7,9,5,4,3,2,7,37,7
26070,2026-06-21,3,1,5,1,4,6,6,26,5
26071,2026-06-23,4,7,9,6,3,5,7,41,6
26072,2026-06-26,0,8,3,4,5,6,6,32,8
26073,2026-06-28,6,6,8,4,8,9,0,41,9
26074,2026-06-30,9,4,8,8,1,2,6,38,8
26075,2026-07-03,4,7,4,5,8,2,3,33,6
26076,2026-07-05,8,0,5,1,5,0,2,21,8
26077,2026-07-07,5,4,0,5,5,2,9,30,9
26080,2026-07-14,3,1,2,4,9,4,6,29,8
26081,2026-07-17,4,2,3,3,5,5,8,30,6
26082,2026-07-19,9,4,7,1,0,4,7,32,9
26084,2026-07-24,6,3,8,4,4,0,7,32,8
26085,2026-07-26,8,3,7,0,5,1,4,28,8
26086,2026-07-28,9,7,1,0,3,4,0,24,9
26088,2026-08-02,9,5,1,9,5,9,2,40,8
26089,2026-08-04,7,1,8,9,3,4,0,32,9
26090,2026-08-07,7,0,1,6,1,2,6,23,7
26091,2026-08-09,7,9,5,8,5,0,6,40,9
26093,2026-08-14,4,9,6,5,0,8,7,39,9
26094,2026-08-16,0,6,0,2,4,0,0,12,6
26095,2026-08-18,6,6,4,9,0,8,7,40,9
26096,2026-08-21,1,4,2,6,9,5,5,32,8
26098,2026-08-25,5,6,8,6,3,3,3,34,5
26099,2026-08-28,9,4,6,3,3,4,5,34,6
